onset	duration	trial_type	value	sample
651.08	n/a	Target	2	65108
651.29	n/a	NonTarget	1	65129
651.49	n/a	NonTarget	1	65149
651.69	n/a	NonTarget	1	65169
651.89	n/a	NonTarget	1	65189
652.09	n/a	NonTarget	1	65209
652.29	n/a	NonTarget	1	65229
652.49	n/a	NonTarget	1	65249
652.69	n/a	Target	2	65269
652.89	n/a	NonTarget	1	65289
653.09	n/a	NonTarget	1	65309
653.29	n/a	NonTarget	1	65329
653.49	n/a	NonTarget	1	65349
653.69	n/a	NonTarget	1	65369
653.89	n/a	NonTarget	1	65389
654.09	n/a	Target	2	65409
654.29	n/a	NonTarget	1	65429
654.49	n/a	NonTarget	1	65449
654.69	n/a	NonTarget	1	65469
654.89	n/a	Target	2	65489
655.09	n/a	NonTarget	1	65509
655.29	n/a	NonTarget	1	65529
655.49	n/a	NonTarget	1	65549
655.69	n/a	NonTarget	1	65569
655.89	n/a	Target	2	65589
656.09	n/a	NonTarget	1	65609
656.29	n/a	NonTarget	1	65629
656.49	n/a	NonTarget	1	65649
656.69	n/a	NonTarget	1	65669
656.89	n/a	NonTarget	1	65689
657.09	n/a	NonTarget	1	65709
657.29	n/a	NonTarget	1	65729
657.49	n/a	Target	2	65749
657.69	n/a	NonTarget	1	65769
657.89	n/a	NonTarget	1	65789
658.09	n/a	NonTarget	1	65809
658.29	n/a	Target	2	65829
658.49	n/a	NonTarget	1	65849
658.69	n/a	NonTarget	1	65869
658.89	n/a	NonTarget	1	65889
659.09	n/a	NonTarget	1	65909
659.29	n/a	NonTarget	1	65929
659.49	n/a	NonTarget	1	65949
659.69	n/a	NonTarget	1	65969
659.89	n/a	Target	2	65989
660.09	n/a	NonTarget	1	66009
660.29	n/a	NonTarget	1	66029
660.49	n/a	NonTarget	1	66049
660.69	n/a	NonTarget	1	66069
660.89	n/a	NonTarget	1	66089
661.09	n/a	NonTarget	1	66109
661.29	n/a	Target	2	66129
661.49	n/a	NonTarget	1	66149
661.69	n/a	NonTarget	1	66169
661.89	n/a	NonTarget	1	66189
662.09	n/a	NonTarget	1	66209
662.29	n/a	NonTarget	1	66229
662.49	n/a	NonTarget	1	66249
662.69	n/a	Target	2	66269
662.89	n/a	NonTarget	1	66289
667.34	n/a	NonTarget	1	66734
667.55	n/a	NonTarget	1	66755
667.75	n/a	NonTarget	1	66775
667.95	n/a	NonTarget	1	66795
668.15	n/a	NonTarget	1	66815
668.35	n/a	Target	2	66835
668.55	n/a	NonTarget	1	66855
668.75	n/a	NonTarget	1	66875
668.95	n/a	NonTarget	1	66895
669.15	n/a	NonTarget	1	66915
669.35	n/a	Target	2	66935
669.55	n/a	NonTarget	1	66955
669.75	n/a	NonTarget	1	66975
669.95	n/a	NonTarget	1	66995
670.15	n/a	NonTarget	1	67015
670.35	n/a	NonTarget	1	67035
670.55	n/a	NonTarget	1	67055
670.75	n/a	Target	2	67075
670.95	n/a	NonTarget	1	67095
671.15	n/a	NonTarget	1	67115
671.35	n/a	NonTarget	1	67135
671.55	n/a	Target	2	67155
671.75	n/a	NonTarget	1	67175
671.95	n/a	NonTarget	1	67195
672.15	n/a	NonTarget	1	67215
672.35	n/a	NonTarget	1	67235
672.55	n/a	NonTarget	1	67255
672.75	n/a	Target	2	67275
672.95	n/a	NonTarget	1	67295
673.15	n/a	NonTarget	1	67315
673.35	n/a	NonTarget	1	67335
673.55	n/a	Target	2	67355
673.75	n/a	NonTarget	1	67375
673.95	n/a	NonTarget	1	67395
674.15	n/a	NonTarget	1	67415
674.35	n/a	NonTarget	1	67435
674.55	n/a	NonTarget	1	67455
674.75	n/a	NonTarget	1	67475
674.95	n/a	Target	2	67495
675.15	n/a	NonTarget	1	67515
675.35	n/a	NonTarget	1	67535
675.55	n/a	NonTarget	1	67555
675.75	n/a	NonTarget	1	67575
675.95	n/a	NonTarget	1	67595
676.15	n/a	NonTarget	1	67615
676.35	n/a	Target	2	67635
676.55	n/a	NonTarget	1	67655
676.75	n/a	NonTarget	1	67675
676.95	n/a	Target	2	67695
677.15	n/a	NonTarget	1	67715
677.35	n/a	NonTarget	1	67735
677.55	n/a	NonTarget	1	67755
677.75	n/a	NonTarget	1	67775
677.95	n/a	NonTarget	1	67795
678.15	n/a	Target	2	67815
678.35	n/a	NonTarget	1	67835
678.55	n/a	NonTarget	1	67855
678.75	n/a	NonTarget	1	67875
678.95	n/a	NonTarget	1	67895
679.15	n/a	NonTarget	1	67915
686.97	n/a	NonTarget	1	68697
687.18	n/a	NonTarget	1	68718
687.38	n/a	NonTarget	1	68738
687.58	n/a	NonTarget	1	68758
687.78	n/a	Target	2	68778
687.98	n/a	NonTarget	1	68798
688.18	n/a	NonTarget	1	68818
688.38	n/a	NonTarget	1	68838
688.58	n/a	Target	2	68858
688.78	n/a	NonTarget	1	68878
688.98	n/a	NonTarget	1	68898
689.18	n/a	NonTarget	1	68918
689.38	n/a	Target	2	68938
689.58	n/a	NonTarget	1	68958
689.78	n/a	NonTarget	1	68978
689.98	n/a	NonTarget	1	68998
690.18	n/a	NonTarget	1	69018
690.38	n/a	NonTarget	1	69038
690.58	n/a	NonTarget	1	69058
690.78	n/a	NonTarget	1	69078
690.98	n/a	NonTarget	1	69098
691.18	n/a	Target	2	69118
691.38	n/a	NonTarget	1	69138
691.58	n/a	NonTarget	1	69158
691.78	n/a	Target	2	69178
691.98	n/a	NonTarget	1	69198
692.18	n/a	NonTarget	1	69218
692.38	n/a	NonTarget	1	69238
692.57	n/a	NonTarget	1	69257
692.77	n/a	NonTarget	1	69277
692.97	n/a	NonTarget	1	69297
693.17	n/a	NonTarget	1	69317
693.37	n/a	Target	2	69337
693.57	n/a	NonTarget	1	69357
693.77	n/a	NonTarget	1	69377
693.97	n/a	NonTarget	1	69397
694.17	n/a	NonTarget	1	69417
694.37	n/a	NonTarget	1	69437
694.57	n/a	NonTarget	1	69457
694.77	n/a	NonTarget	1	69477
694.97	n/a	NonTarget	1	69497
695.17	n/a	Target	2	69517
695.37	n/a	NonTarget	1	69537
695.57	n/a	NonTarget	1	69557
695.77	n/a	NonTarget	1	69577
695.97	n/a	NonTarget	1	69597
696.17	n/a	NonTarget	1	69617
696.37	n/a	Target	2	69637
696.57	n/a	NonTarget	1	69657
696.77	n/a	NonTarget	1	69677
696.97	n/a	Target	2	69697
697.17	n/a	NonTarget	1	69717
697.37	n/a	NonTarget	1	69737
697.57	n/a	NonTarget	1	69757
697.77	n/a	Target	2	69777
697.97	n/a	NonTarget	1	69797
698.17	n/a	NonTarget	1	69817
698.37	n/a	NonTarget	1	69837
698.57	n/a	NonTarget	1	69857
698.77	n/a	NonTarget	1	69877
703.22	n/a	NonTarget	1	70322
703.44	n/a	NonTarget	1	70344
703.64	n/a	Target	2	70364
703.84	n/a	NonTarget	1	70384
704.04	n/a	NonTarget	1	70404
704.24	n/a	NonTarget	1	70424
704.44	n/a	NonTarget	1	70444
704.64	n/a	NonTarget	1	70464
704.84	n/a	NonTarget	1	70484
705.04	n/a	NonTarget	1	70504
705.24	n/a	Target	2	70524
705.44	n/a	NonTarget	1	70544
705.64	n/a	NonTarget	1	70564
705.84	n/a	NonTarget	1	70584
706.04	n/a	NonTarget	1	70604
706.24	n/a	Target	2	70624
706.44	n/a	NonTarget	1	70644
706.64	n/a	NonTarget	1	70664
706.84	n/a	NonTarget	1	70684
707.04	n/a	NonTarget	1	70704
707.24	n/a	NonTarget	1	70724
707.44	n/a	NonTarget	1	70744
707.64	n/a	NonTarget	1	70764
707.84	n/a	Target	2	70784
708.04	n/a	NonTarget	1	70804
708.24	n/a	NonTarget	1	70824
708.43	n/a	NonTarget	1	70843
708.64	n/a	NonTarget	1	70864
708.83	n/a	NonTarget	1	70883
709.03	n/a	Target	2	70903
709.23	n/a	NonTarget	1	70923
709.43	n/a	NonTarget	1	70943
709.63	n/a	NonTarget	1	70963
709.83	n/a	NonTarget	1	70983
710.03	n/a	NonTarget	1	71003
710.23	n/a	Target	2	71023
710.43	n/a	NonTarget	1	71043
710.63	n/a	NonTarget	1	71063
710.83	n/a	NonTarget	1	71083
711.03	n/a	Target	2	71103
711.23	n/a	NonTarget	1	71123
711.43	n/a	NonTarget	1	71143
711.63	n/a	NonTarget	1	71163
711.83	n/a	NonTarget	1	71183
712.03	n/a	NonTarget	1	71203
712.23	n/a	NonTarget	1	71223
712.43	n/a	Target	2	71243
712.63	n/a	NonTarget	1	71263
712.83	n/a	NonTarget	1	71283
713.03	n/a	NonTarget	1	71303
713.23	n/a	NonTarget	1	71323
713.43	n/a	NonTarget	1	71343
713.63	n/a	Target	2	71363
713.83	n/a	NonTarget	1	71383
714.03	n/a	NonTarget	1	71403
714.23	n/a	NonTarget	1	71423
714.43	n/a	NonTarget	1	71443
714.63	n/a	NonTarget	1	71463
714.83	n/a	NonTarget	1	71483
715.03	n/a	Target	2	71503
722.85	n/a	NonTarget	1	72285
723.06	n/a	Target	2	72306
723.26	n/a	NonTarget	1	72326
723.46	n/a	NonTarget	1	72346
723.66	n/a	NonTarget	1	72366
723.86	n/a	NonTarget	1	72386
724.06	n/a	NonTarget	1	72406
724.26	n/a	NonTarget	1	72426
724.46	n/a	NonTarget	1	72446
724.66	n/a	NonTarget	1	72466
724.86	n/a	Target	2	72486
725.06	n/a	NonTarget	1	72506
725.26	n/a	NonTarget	1	72526
725.46	n/a	NonTarget	1	72546
725.66	n/a	NonTarget	1	72566
725.86	n/a	Target	2	72586
726.06	n/a	NonTarget	1	72606
726.26	n/a	NonTarget	1	72626
726.46	n/a	NonTarget	1	72646
726.66	n/a	NonTarget	1	72666
726.86	n/a	NonTarget	1	72686
727.06	n/a	NonTarget	1	72706
727.26	n/a	NonTarget	1	72726
727.46	n/a	Target	2	72746
727.66	n/a	NonTarget	1	72766
727.86	n/a	NonTarget	1	72786
728.06	n/a	Target	2	72806
728.26	n/a	NonTarget	1	72826
728.46	n/a	NonTarget	1	72846
728.66	n/a	NonTarget	1	72866
728.86	n/a	NonTarget	1	72886
729.06	n/a	NonTarget	1	72906
729.26	n/a	NonTarget	1	72926
729.46	n/a	Target	2	72946
729.66	n/a	NonTarget	1	72966
729.86	n/a	NonTarget	1	72986
730.06	n/a	Target	2	73006
730.26	n/a	NonTarget	1	73026
730.46	n/a	NonTarget	1	73046
730.66	n/a	NonTarget	1	73066
730.86	n/a	NonTarget	1	73086
731.06	n/a	NonTarget	1	73106
731.26	n/a	NonTarget	1	73126
731.46	n/a	Target	2	73146
731.66	n/a	NonTarget	1	73166
731.86	n/a	NonTarget	1	73186
732.06	n/a	NonTarget	1	73206
732.26	n/a	NonTarget	1	73226
732.46	n/a	NonTarget	1	73246
732.66	n/a	NonTarget	1	73266
732.86	n/a	NonTarget	1	73286
733.06	n/a	NonTarget	1	73306
733.26	n/a	Target	2	73326
733.46	n/a	NonTarget	1	73346
733.66	n/a	NonTarget	1	73366
733.86	n/a	NonTarget	1	73386
734.06	n/a	NonTarget	1	73406
734.26	n/a	Target	2	73426
734.46	n/a	NonTarget	1	73446
734.66	n/a	NonTarget	1	73466
739.11	n/a	Target	2	73911
739.32	n/a	NonTarget	1	73932
739.52	n/a	NonTarget	1	73952
739.72	n/a	NonTarget	1	73972
739.92	n/a	NonTarget	1	73992
740.12	n/a	NonTarget	1	74012
740.32	n/a	NonTarget	1	74032
740.52	n/a	NonTarget	1	74052
740.72	n/a	NonTarget	1	74072
740.92	n/a	NonTarget	1	74092
741.12	n/a	Target	2	74112
741.32	n/a	NonTarget	1	74132
741.52	n/a	NonTarget	1	74152
741.72	n/a	NonTarget	1	74172
741.92	n/a	NonTarget	1	74192
742.12	n/a	Target	2	74212
742.32	n/a	NonTarget	1	74232
742.52	n/a	NonTarget	1	74252
742.72	n/a	NonTarget	1	74272
742.92	n/a	NonTarget	1	74292
743.12	n/a	Target	2	74312
743.32	n/a	NonTarget	1	74332
743.52	n/a	NonTarget	1	74352
743.72	n/a	NonTarget	1	74372
743.92	n/a	NonTarget	1	74392
744.12	n/a	Target	2	74412
744.32	n/a	NonTarget	1	74432
744.52	n/a	NonTarget	1	74452
744.72	n/a	NonTarget	1	74472
744.92	n/a	NonTarget	1	74492
745.12	n/a	NonTarget	1	74512
745.32	n/a	Target	2	74532
745.52	n/a	NonTarget	1	74552
745.72	n/a	NonTarget	1	74572
745.92	n/a	NonTarget	1	74592
746.12	n/a	NonTarget	1	74612
746.32	n/a	NonTarget	1	74632
746.52	n/a	NonTarget	1	74652
746.72	n/a	NonTarget	1	74672
746.92	n/a	NonTarget	1	74692
747.12	n/a	NonTarget	1	74712
747.32	n/a	Target	2	74732
747.52	n/a	NonTarget	1	74752
747.72	n/a	NonTarget	1	74772
747.92	n/a	Target	2	74792
748.12	n/a	NonTarget	1	74812
748.32	n/a	NonTarget	1	74832
748.52	n/a	NonTarget	1	74852
748.72	n/a	Target	2	74872
748.92	n/a	NonTarget	1	74892
749.12	n/a	NonTarget	1	74912
749.32	n/a	NonTarget	1	74932
749.52	n/a	NonTarget	1	74952
749.72	n/a	NonTarget	1	74972
749.92	n/a	NonTarget	1	74992
750.12	n/a	Target	2	75012
750.32	n/a	NonTarget	1	75032
750.52	n/a	NonTarget	1	75052
750.72	n/a	NonTarget	1	75072
750.92	n/a	NonTarget	1	75092
758.74	n/a	Target	2	75874
758.95	n/a	NonTarget	1	75895
759.15	n/a	NonTarget	1	75915
759.35	n/a	NonTarget	1	75935
759.55	n/a	NonTarget	1	75955
759.75	n/a	NonTarget	1	75975
759.95	n/a	NonTarget	1	75995
760.15	n/a	Target	2	76015
760.35	n/a	NonTarget	1	76035
760.55	n/a	NonTarget	1	76055
760.75	n/a	NonTarget	1	76075
760.95	n/a	NonTarget	1	76095
761.15	n/a	NonTarget	1	76115
761.35	n/a	NonTarget	1	76135
761.55	n/a	NonTarget	1	76155
761.75	n/a	Target	2	76175
761.95	n/a	NonTarget	1	76195
762.15	n/a	NonTarget	1	76215
762.35	n/a	NonTarget	1	76235
762.55	n/a	NonTarget	1	76255
762.75	n/a	NonTarget	1	76275
762.95	n/a	NonTarget	1	76295
763.15	n/a	NonTarget	1	76315
763.35	n/a	Target	2	76335
763.55	n/a	NonTarget	1	76355
763.75	n/a	NonTarget	1	76375
763.95	n/a	Target	2	76395
764.15	n/a	NonTarget	1	76415
764.35	n/a	NonTarget	1	76435
764.55	n/a	NonTarget	1	76455
764.75	n/a	NonTarget	1	76475
764.95	n/a	Target	2	76495
765.15	n/a	NonTarget	1	76515
765.34	n/a	NonTarget	1	76534
765.54	n/a	NonTarget	1	76554
765.74	n/a	NonTarget	1	76574
765.94	n/a	NonTarget	1	76594
766.14	n/a	Target	2	76614
766.34	n/a	NonTarget	1	76634
766.54	n/a	NonTarget	1	76654
766.74	n/a	NonTarget	1	76674
766.94	n/a	NonTarget	1	76694
767.14	n/a	NonTarget	1	76714
767.34	n/a	NonTarget	1	76734
767.54	n/a	Target	2	76754
767.74	n/a	NonTarget	1	76774
767.94	n/a	NonTarget	1	76794
768.14	n/a	NonTarget	1	76814
768.34	n/a	NonTarget	1	76834
768.54	n/a	NonTarget	1	76854
768.74	n/a	NonTarget	1	76874
768.94	n/a	NonTarget	1	76894
769.14	n/a	NonTarget	1	76914
769.34	n/a	Target	2	76934
769.54	n/a	NonTarget	1	76954
769.74	n/a	NonTarget	1	76974
769.94	n/a	NonTarget	1	76994
770.14	n/a	NonTarget	1	77014
770.34	n/a	Target	2	77034
770.54	n/a	NonTarget	1	77054
774.99	n/a	NonTarget	1	77499
775.21	n/a	Target	2	77521
775.41	n/a	NonTarget	1	77541
775.61	n/a	NonTarget	1	77561
775.81	n/a	NonTarget	1	77581
776.01	n/a	NonTarget	1	77601
776.21	n/a	NonTarget	1	77621
776.41	n/a	NonTarget	1	77641
776.61	n/a	NonTarget	1	77661
776.81	n/a	Target	2	77681
777.01	n/a	NonTarget	1	77701
777.21	n/a	NonTarget	1	77721
777.41	n/a	NonTarget	1	77741
777.61	n/a	NonTarget	1	77761
777.81	n/a	NonTarget	1	77781
778.01	n/a	NonTarget	1	77801
778.21	n/a	NonTarget	1	77821
778.41	n/a	Target	2	77841
778.61	n/a	NonTarget	1	77861
778.81	n/a	NonTarget	1	77881
779.01	n/a	Target	2	77901
779.21	n/a	NonTarget	1	77921
779.41	n/a	NonTarget	1	77941
779.61	n/a	NonTarget	1	77961
779.81	n/a	NonTarget	1	77981
780.01	n/a	NonTarget	1	78001
780.21	n/a	NonTarget	1	78021
780.41	n/a	NonTarget	1	78041
780.61	n/a	Target	2	78061
780.81	n/a	NonTarget	1	78081
781.01	n/a	NonTarget	1	78101
781.2	n/a	Target	2	78120
781.41	n/a	NonTarget	1	78141
781.6	n/a	NonTarget	1	78160
781.8	n/a	NonTarget	1	78180
782.0	n/a	NonTarget	1	78200
782.2	n/a	NonTarget	1	78220
782.4	n/a	Target	2	78240
782.6	n/a	NonTarget	1	78260
782.8	n/a	NonTarget	1	78280
783.0	n/a	NonTarget	1	78300
783.2	n/a	NonTarget	1	78320
783.4	n/a	NonTarget	1	78340
783.6	n/a	Target	2	78360
783.8	n/a	NonTarget	1	78380
784.0	n/a	NonTarget	1	78400
784.2	n/a	NonTarget	1	78420
784.4	n/a	NonTarget	1	78440
784.6	n/a	Target	2	78460
784.8	n/a	NonTarget	1	78480
785.0	n/a	NonTarget	1	78500
785.2	n/a	NonTarget	1	78520
785.4	n/a	NonTarget	1	78540
785.6	n/a	NonTarget	1	78560
785.8	n/a	NonTarget	1	78580
786.0	n/a	Target	2	78600
786.2	n/a	NonTarget	1	78620
786.4	n/a	NonTarget	1	78640
786.6	n/a	NonTarget	1	78660
786.8	n/a	NonTarget	1	78680
794.62	n/a	Target	2	79462
794.83	n/a	NonTarget	1	79483
795.03	n/a	NonTarget	1	79503
795.23	n/a	NonTarget	1	79523
795.43	n/a	NonTarget	1	79543
795.63	n/a	NonTarget	1	79563
795.83	n/a	NonTarget	1	79583
796.03	n/a	NonTarget	1	79603
796.23	n/a	NonTarget	1	79623
796.43	n/a	Target	2	79643
796.63	n/a	NonTarget	1	79663
796.83	n/a	NonTarget	1	79683
797.03	n/a	NonTarget	1	79703
797.23	n/a	NonTarget	1	79723
797.43	n/a	NonTarget	1	79743
797.63	n/a	Target	2	79763
797.83	n/a	NonTarget	1	79783
798.03	n/a	NonTarget	1	79803
798.23	n/a	NonTarget	1	79823
798.43	n/a	NonTarget	1	79843
798.63	n/a	Target	2	79863
798.83	n/a	NonTarget	1	79883
799.03	n/a	NonTarget	1	79903
799.23	n/a	NonTarget	1	79923
799.43	n/a	NonTarget	1	79943
799.63	n/a	Target	2	79963
799.83	n/a	NonTarget	1	79983
800.03	n/a	NonTarget	1	80003
800.23	n/a	NonTarget	1	80023
800.43	n/a	NonTarget	1	80043
800.63	n/a	NonTarget	1	80063
800.83	n/a	NonTarget	1	80083
801.03	n/a	NonTarget	1	80103
801.23	n/a	NonTarget	1	80123
801.43	n/a	Target	2	80143
801.63	n/a	NonTarget	1	80163
801.83	n/a	NonTarget	1	80183
802.03	n/a	NonTarget	1	80203
802.23	n/a	Target	2	80223
802.43	n/a	NonTarget	1	80243
802.63	n/a	NonTarget	1	80263
802.83	n/a	NonTarget	1	80283
803.03	n/a	Target	2	80303
803.23	n/a	NonTarget	1	80323
803.43	n/a	NonTarget	1	80343
803.63	n/a	NonTarget	1	80363
803.83	n/a	NonTarget	1	80383
804.03	n/a	NonTarget	1	80403
804.23	n/a	NonTarget	1	80423
804.43	n/a	Target	2	80443
804.63	n/a	NonTarget	1	80463
804.83	n/a	NonTarget	1	80483
805.03	n/a	NonTarget	1	80503
805.23	n/a	NonTarget	1	80523
805.43	n/a	NonTarget	1	80543
805.63	n/a	NonTarget	1	80563
805.83	n/a	NonTarget	1	80583
806.03	n/a	NonTarget	1	80603
806.23	n/a	Target	2	80623
806.43	n/a	NonTarget	1	80643
810.88	n/a	Target	2	81088
811.09	n/a	NonTarget	1	81109
811.29	n/a	NonTarget	1	81129
811.49	n/a	NonTarget	1	81149
811.69	n/a	NonTarget	1	81169
811.89	n/a	NonTarget	1	81189
812.09	n/a	Target	2	81209
812.29	n/a	NonTarget	1	81229
812.49	n/a	NonTarget	1	81249
812.69	n/a	NonTarget	1	81269
812.89	n/a	NonTarget	1	81289
813.09	n/a	NonTarget	1	81309
813.29	n/a	NonTarget	1	81329
813.49	n/a	NonTarget	1	81349
813.69	n/a	NonTarget	1	81369
813.89	n/a	NonTarget	1	81389
814.09	n/a	Target	2	81409
814.29	n/a	NonTarget	1	81429
814.49	n/a	NonTarget	1	81449
814.69	n/a	Target	2	81469
814.89	n/a	NonTarget	1	81489
815.09	n/a	NonTarget	1	81509
815.29	n/a	NonTarget	1	81529
815.49	n/a	NonTarget	1	81549
815.69	n/a	NonTarget	1	81569
815.89	n/a	NonTarget	1	81589
816.09	n/a	Target	2	81609
816.29	n/a	NonTarget	1	81629
816.49	n/a	NonTarget	1	81649
816.69	n/a	NonTarget	1	81669
816.89	n/a	NonTarget	1	81689
817.09	n/a	Target	2	81709
817.29	n/a	NonTarget	1	81729
817.49	n/a	NonTarget	1	81749
817.69	n/a	NonTarget	1	81769
817.89	n/a	NonTarget	1	81789
818.09	n/a	NonTarget	1	81809
818.29	n/a	NonTarget	1	81829
818.49	n/a	NonTarget	1	81849
818.69	n/a	NonTarget	1	81869
818.89	n/a	Target	2	81889
819.09	n/a	NonTarget	1	81909
819.29	n/a	NonTarget	1	81929
819.49	n/a	NonTarget	1	81949
819.69	n/a	NonTarget	1	81969
819.89	n/a	Target	2	81989
820.09	n/a	NonTarget	1	82009
820.29	n/a	NonTarget	1	82029
820.49	n/a	NonTarget	1	82049
820.69	n/a	Target	2	82069
820.89	n/a	NonTarget	1	82089
821.09	n/a	NonTarget	1	82109
821.29	n/a	NonTarget	1	82129
821.49	n/a	NonTarget	1	82149
821.69	n/a	Target	2	82169
821.89	n/a	NonTarget	1	82189
822.09	n/a	NonTarget	1	82209
822.29	n/a	NonTarget	1	82229
822.49	n/a	NonTarget	1	82249
822.69	n/a	NonTarget	1	82269
830.51	n/a	NonTarget	1	83051
830.72	n/a	NonTarget	1	83072
830.92	n/a	NonTarget	1	83092
831.12	n/a	Target	2	83112
831.32	n/a	NonTarget	1	83132
831.52	n/a	NonTarget	1	83152
831.72	n/a	Target	2	83172
831.92	n/a	NonTarget	1	83192
832.12	n/a	NonTarget	1	83212
832.32	n/a	NonTarget	1	83232
832.52	n/a	NonTarget	1	83252
832.72	n/a	NonTarget	1	83272
832.92	n/a	NonTarget	1	83292
833.12	n/a	NonTarget	1	83312
833.32	n/a	Target	2	83332
833.52	n/a	NonTarget	1	83352
833.72	n/a	NonTarget	1	83372
833.92	n/a	NonTarget	1	83392
834.12	n/a	Target	2	83412
834.32	n/a	NonTarget	1	83432
834.52	n/a	NonTarget	1	83452
834.72	n/a	NonTarget	1	83472
834.92	n/a	NonTarget	1	83492
835.12	n/a	NonTarget	1	83512
835.32	n/a	NonTarget	1	83532
835.52	n/a	NonTarget	1	83552
835.72	n/a	NonTarget	1	83572
835.92	n/a	NonTarget	1	83592
836.12	n/a	NonTarget	1	83612
836.32	n/a	Target	2	83632
836.52	n/a	NonTarget	1	83652
836.72	n/a	NonTarget	1	83672
836.92	n/a	Target	2	83692
837.12	n/a	NonTarget	1	83712
837.32	n/a	NonTarget	1	83732
837.52	n/a	NonTarget	1	83752
837.71	n/a	NonTarget	1	83771
837.91	n/a	NonTarget	1	83791
838.11	n/a	Target	2	83811
838.31	n/a	NonTarget	1	83831
838.51	n/a	NonTarget	1	83851
838.71	n/a	NonTarget	1	83871
838.91	n/a	NonTarget	1	83891
839.11	n/a	Target	2	83911
839.31	n/a	NonTarget	1	83931
839.51	n/a	NonTarget	1	83951
839.71	n/a	NonTarget	1	83971
839.91	n/a	NonTarget	1	83991
840.11	n/a	NonTarget	1	84011
840.31	n/a	Target	2	84031
840.51	n/a	NonTarget	1	84051
840.71	n/a	NonTarget	1	84071
840.91	n/a	NonTarget	1	84091
841.11	n/a	NonTarget	1	84111
841.31	n/a	NonTarget	1	84131
841.51	n/a	NonTarget	1	84151
841.71	n/a	NonTarget	1	84171
841.91	n/a	Target	2	84191
842.11	n/a	NonTarget	1	84211
842.31	n/a	NonTarget	1	84231
846.76	n/a	Target	2	84676
846.98	n/a	NonTarget	1	84698
847.18	n/a	NonTarget	1	84718
847.38	n/a	NonTarget	1	84738
847.58	n/a	NonTarget	1	84758
847.78	n/a	NonTarget	1	84778
847.98	n/a	NonTarget	1	84798
848.18	n/a	NonTarget	1	84818
848.38	n/a	NonTarget	1	84838
848.58	n/a	Target	2	84858
848.78	n/a	NonTarget	1	84878
848.98	n/a	NonTarget	1	84898
849.18	n/a	NonTarget	1	84918
849.38	n/a	NonTarget	1	84938
849.58	n/a	NonTarget	1	84958
849.78	n/a	NonTarget	1	84978
849.98	n/a	NonTarget	1	84998
850.18	n/a	Target	2	85018
850.38	n/a	NonTarget	1	85038
850.58	n/a	NonTarget	1	85058
850.78	n/a	NonTarget	1	85078
850.98	n/a	Target	2	85098
851.18	n/a	NonTarget	1	85118
851.38	n/a	NonTarget	1	85138
851.58	n/a	NonTarget	1	85158
851.78	n/a	NonTarget	1	85178
851.98	n/a	Target	2	85198
852.18	n/a	NonTarget	1	85218
852.38	n/a	NonTarget	1	85238
852.58	n/a	NonTarget	1	85258
852.78	n/a	NonTarget	1	85278
852.98	n/a	NonTarget	1	85298
853.18	n/a	NonTarget	1	85318
853.38	n/a	NonTarget	1	85338
853.58	n/a	NonTarget	1	85358
853.78	n/a	Target	2	85378
853.97	n/a	NonTarget	1	85397
854.17	n/a	NonTarget	1	85417
854.37	n/a	Target	2	85437
854.57	n/a	NonTarget	1	85457
854.77	n/a	NonTarget	1	85477
854.97	n/a	NonTarget	1	85497
855.17	n/a	NonTarget	1	85517
855.37	n/a	NonTarget	1	85537
855.57	n/a	Target	2	85557
855.77	n/a	NonTarget	1	85577
855.97	n/a	NonTarget	1	85597
856.17	n/a	NonTarget	1	85617
856.37	n/a	NonTarget	1	85637
856.57	n/a	NonTarget	1	85657
856.77	n/a	Target	2	85677
856.97	n/a	NonTarget	1	85697
857.17	n/a	NonTarget	1	85717
857.37	n/a	NonTarget	1	85737
857.57	n/a	NonTarget	1	85757
857.77	n/a	NonTarget	1	85777
857.97	n/a	NonTarget	1	85797
858.17	n/a	NonTarget	1	85817
858.37	n/a	NonTarget	1	85837
858.57	n/a	Target	2	85857
866.39	n/a	Target	2	86639
866.6	n/a	NonTarget	1	86660
866.8	n/a	NonTarget	1	86680
867.0	n/a	NonTarget	1	86700
867.2	n/a	NonTarget	1	86720
867.4	n/a	NonTarget	1	86740
867.6	n/a	NonTarget	1	86760
867.8	n/a	NonTarget	1	86780
868.0	n/a	NonTarget	1	86800
868.2	n/a	NonTarget	1	86820
868.4	n/a	Target	2	86840
868.6	n/a	NonTarget	1	86860
868.8	n/a	NonTarget	1	86880
869.0	n/a	NonTarget	1	86900
869.2	n/a	NonTarget	1	86920
869.4	n/a	NonTarget	1	86940
869.6	n/a	Target	2	86960
869.8	n/a	NonTarget	1	86980
870.0	n/a	NonTarget	1	87000
870.2	n/a	NonTarget	1	87020
870.4	n/a	NonTarget	1	87040
870.6	n/a	NonTarget	1	87060
870.8	n/a	Target	2	87080
871.0	n/a	NonTarget	1	87100
871.2	n/a	NonTarget	1	87120
871.4	n/a	NonTarget	1	87140
871.6	n/a	NonTarget	1	87160
871.8	n/a	NonTarget	1	87180
872.0	n/a	Target	2	87200
872.2	n/a	NonTarget	1	87220
872.4	n/a	NonTarget	1	87240
872.6	n/a	Target	2	87260
872.8	n/a	NonTarget	1	87280
873.0	n/a	NonTarget	1	87300
873.2	n/a	NonTarget	1	87320
873.4	n/a	NonTarget	1	87340
873.6	n/a	NonTarget	1	87360
873.8	n/a	Target	2	87380
874.0	n/a	NonTarget	1	87400
874.2	n/a	NonTarget	1	87420
874.4	n/a	NonTarget	1	87440
874.6	n/a	NonTarget	1	87460
874.8	n/a	Target	2	87480
875.0	n/a	NonTarget	1	87500
875.2	n/a	NonTarget	1	87520
875.4	n/a	NonTarget	1	87540
875.6	n/a	NonTarget	1	87560
875.8	n/a	NonTarget	1	87580
876.0	n/a	NonTarget	1	87600
876.2	n/a	NonTarget	1	87620
876.4	n/a	NonTarget	1	87640
876.6	n/a	NonTarget	1	87660
876.8	n/a	NonTarget	1	87680
877.0	n/a	Target	2	87700
877.2	n/a	NonTarget	1	87720
877.4	n/a	NonTarget	1	87740
877.6	n/a	NonTarget	1	87760
877.8	n/a	NonTarget	1	87780
878.0	n/a	NonTarget	1	87800
878.2	n/a	Target	2	87820
882.65	n/a	NonTarget	1	88265
882.86	n/a	NonTarget	1	88286
883.06	n/a	NonTarget	1	88306
883.26	n/a	NonTarget	1	88326
883.46	n/a	NonTarget	1	88346
883.66	n/a	Target	2	88366
883.86	n/a	NonTarget	1	88386
884.06	n/a	NonTarget	1	88406
884.26	n/a	Target	2	88426
884.46	n/a	NonTarget	1	88446
884.66	n/a	NonTarget	1	88466
884.86	n/a	NonTarget	1	88486
885.06	n/a	NonTarget	1	88506
885.26	n/a	Target	2	88526
885.46	n/a	NonTarget	1	88546
885.66	n/a	NonTarget	1	88566
885.86	n/a	NonTarget	1	88586
886.06	n/a	NonTarget	1	88606
886.26	n/a	NonTarget	1	88626
886.46	n/a	NonTarget	1	88646
886.66	n/a	NonTarget	1	88666
886.86	n/a	Target	2	88686
887.06	n/a	NonTarget	1	88706
887.26	n/a	NonTarget	1	88726
887.46	n/a	NonTarget	1	88746
887.66	n/a	NonTarget	1	88766
887.86	n/a	NonTarget	1	88786
888.06	n/a	Target	2	88806
888.26	n/a	NonTarget	1	88826
888.46	n/a	NonTarget	1	88846
888.66	n/a	NonTarget	1	88866
888.86	n/a	NonTarget	1	88886
889.06	n/a	NonTarget	1	88906
889.26	n/a	NonTarget	1	88926
889.46	n/a	NonTarget	1	88946
889.66	n/a	Target	2	88966
889.86	n/a	NonTarget	1	88986
890.06	n/a	NonTarget	1	89006
890.26	n/a	NonTarget	1	89026
890.46	n/a	NonTarget	1	89046
890.66	n/a	Target	2	89066
890.86	n/a	NonTarget	1	89086
891.06	n/a	NonTarget	1	89106
891.26	n/a	NonTarget	1	89126
891.46	n/a	NonTarget	1	89146
891.66	n/a	Target	2	89166
891.86	n/a	NonTarget	1	89186
892.06	n/a	NonTarget	1	89206
892.26	n/a	NonTarget	1	89226
892.46	n/a	NonTarget	1	89246
892.66	n/a	NonTarget	1	89266
892.86	n/a	NonTarget	1	89286
893.06	n/a	Target	2	89306
893.26	n/a	NonTarget	1	89326
893.46	n/a	NonTarget	1	89346
893.66	n/a	NonTarget	1	89366
893.86	n/a	NonTarget	1	89386
894.06	n/a	NonTarget	1	89406
894.26	n/a	NonTarget	1	89426
894.46	n/a	Target	2	89446
902.28	n/a	NonTarget	1	90228
902.49	n/a	Target	2	90249
902.69	n/a	NonTarget	1	90269
902.89	n/a	NonTarget	1	90289
903.09	n/a	NonTarget	1	90309
903.29	n/a	NonTarget	1	90329
903.49	n/a	NonTarget	1	90349
903.69	n/a	NonTarget	1	90369
903.89	n/a	NonTarget	1	90389
904.09	n/a	NonTarget	1	90409
904.29	n/a	Target	2	90429
904.49	n/a	NonTarget	1	90449
904.69	n/a	NonTarget	1	90469
904.89	n/a	NonTarget	1	90489
905.09	n/a	NonTarget	1	90509
905.29	n/a	NonTarget	1	90529
905.49	n/a	Target	2	90549
905.69	n/a	NonTarget	1	90569
905.89	n/a	NonTarget	1	90589
906.09	n/a	NonTarget	1	90609
906.29	n/a	NonTarget	1	90629
906.49	n/a	NonTarget	1	90649
906.69	n/a	Target	2	90669
906.89	n/a	NonTarget	1	90689
907.09	n/a	NonTarget	1	90709
907.29	n/a	NonTarget	1	90729
907.49	n/a	Target	2	90749
907.69	n/a	NonTarget	1	90769
907.89	n/a	NonTarget	1	90789
908.09	n/a	NonTarget	1	90809
908.29	n/a	Target	2	90829
908.49	n/a	NonTarget	1	90849
908.69	n/a	NonTarget	1	90869
908.89	n/a	NonTarget	1	90889
909.09	n/a	NonTarget	1	90909
909.29	n/a	NonTarget	1	90929
909.49	n/a	NonTarget	1	90949
909.69	n/a	NonTarget	1	90969
909.89	n/a	Target	2	90989
910.09	n/a	NonTarget	1	91009
910.28	n/a	NonTarget	1	91028
910.48	n/a	NonTarget	1	91048
910.68	n/a	NonTarget	1	91068
910.88	n/a	NonTarget	1	91088
911.08	n/a	NonTarget	1	91108
911.28	n/a	NonTarget	1	91128
911.48	n/a	NonTarget	1	91148
911.68	n/a	Target	2	91168
911.88	n/a	NonTarget	1	91188
912.08	n/a	NonTarget	1	91208
912.28	n/a	Target	2	91228
912.48	n/a	NonTarget	1	91248
912.68	n/a	NonTarget	1	91268
912.88	n/a	NonTarget	1	91288
913.08	n/a	NonTarget	1	91308
913.28	n/a	Target	2	91328
913.48	n/a	NonTarget	1	91348
913.68	n/a	NonTarget	1	91368
913.88	n/a	NonTarget	1	91388
914.08	n/a	NonTarget	1	91408
918.53	n/a	NonTarget	1	91853
918.75	n/a	NonTarget	1	91875
918.95	n/a	NonTarget	1	91895
919.15	n/a	Target	2	91915
919.35	n/a	NonTarget	1	91935
919.55	n/a	NonTarget	1	91955
919.75	n/a	Target	2	91975
919.95	n/a	NonTarget	1	91995
920.15	n/a	NonTarget	1	92015
920.35	n/a	NonTarget	1	92035
920.55	n/a	NonTarget	1	92055
920.75	n/a	NonTarget	1	92075
920.95	n/a	NonTarget	1	92095
921.15	n/a	NonTarget	1	92115
921.35	n/a	NonTarget	1	92135
921.55	n/a	Target	2	92155
921.75	n/a	NonTarget	1	92175
921.95	n/a	NonTarget	1	92195
922.15	n/a	Target	2	92215
922.35	n/a	NonTarget	1	92235
922.55	n/a	NonTarget	1	92255
922.75	n/a	NonTarget	1	92275
922.95	n/a	NonTarget	1	92295
923.15	n/a	NonTarget	1	92315
923.35	n/a	NonTarget	1	92335
923.55	n/a	NonTarget	1	92355
923.75	n/a	Target	2	92375
923.95	n/a	NonTarget	1	92395
924.15	n/a	NonTarget	1	92415
924.35	n/a	NonTarget	1	92435
924.55	n/a	NonTarget	1	92455
924.75	n/a	NonTarget	1	92475
924.95	n/a	NonTarget	1	92495
925.15	n/a	NonTarget	1	92515
925.35	n/a	Target	2	92535
925.55	n/a	NonTarget	1	92555
925.75	n/a	NonTarget	1	92575
925.95	n/a	NonTarget	1	92595
926.15	n/a	Target	2	92615
926.35	n/a	NonTarget	1	92635
926.55	n/a	NonTarget	1	92655
926.75	n/a	NonTarget	1	92675
926.94	n/a	NonTarget	1	92694
927.15	n/a	NonTarget	1	92715
927.36	n/a	Target	2	92736
927.56	n/a	NonTarget	1	92756
927.76	n/a	NonTarget	1	92776
927.96	n/a	NonTarget	1	92796
928.16	n/a	Target	2	92816
928.36	n/a	NonTarget	1	92836
928.56	n/a	NonTarget	1	92856
928.76	n/a	NonTarget	1	92876
928.96	n/a	NonTarget	1	92896
929.16	n/a	NonTarget	1	92916
929.36	n/a	NonTarget	1	92936
929.56	n/a	Target	2	92956
929.76	n/a	NonTarget	1	92976
929.96	n/a	NonTarget	1	92996
930.16	n/a	NonTarget	1	93016
930.36	n/a	NonTarget	1	93036
938.18	n/a	NonTarget	1	93818
938.39	n/a	NonTarget	1	93839
938.59	n/a	NonTarget	1	93859
938.79	n/a	Target	2	93879
938.99	n/a	NonTarget	1	93899
939.19	n/a	NonTarget	1	93919
939.39	n/a	Target	2	93939
939.59	n/a	NonTarget	1	93959
939.79	n/a	NonTarget	1	93979
939.99	n/a	NonTarget	1	93999
940.19	n/a	NonTarget	1	94019
940.39	n/a	NonTarget	1	94039
940.59	n/a	NonTarget	1	94059
940.79	n/a	NonTarget	1	94079
940.99	n/a	Target	2	94099
941.19	n/a	NonTarget	1	94119
941.39	n/a	NonTarget	1	94139
941.59	n/a	NonTarget	1	94159
941.79	n/a	NonTarget	1	94179
941.99	n/a	NonTarget	1	94199
942.19	n/a	NonTarget	1	94219
942.39	n/a	Target	2	94239
942.59	n/a	NonTarget	1	94259
942.79	n/a	NonTarget	1	94279
942.99	n/a	NonTarget	1	94299
943.19	n/a	NonTarget	1	94319
943.39	n/a	Target	2	94339
943.59	n/a	NonTarget	1	94359
943.79	n/a	NonTarget	1	94379
943.99	n/a	NonTarget	1	94399
944.19	n/a	NonTarget	1	94419
944.39	n/a	NonTarget	1	94439
944.59	n/a	NonTarget	1	94459
944.79	n/a	NonTarget	1	94479
944.99	n/a	Target	2	94499
945.19	n/a	NonTarget	1	94519
945.39	n/a	NonTarget	1	94539
945.59	n/a	NonTarget	1	94559
945.79	n/a	NonTarget	1	94579
945.99	n/a	Target	2	94599
946.19	n/a	NonTarget	1	94619
946.39	n/a	NonTarget	1	94639
946.59	n/a	Target	2	94659
946.79	n/a	NonTarget	1	94679
946.99	n/a	NonTarget	1	94699
947.19	n/a	NonTarget	1	94719
947.39	n/a	NonTarget	1	94739
947.59	n/a	NonTarget	1	94759
947.79	n/a	NonTarget	1	94779
947.99	n/a	NonTarget	1	94799
948.19	n/a	NonTarget	1	94819
948.39	n/a	NonTarget	1	94839
948.59	n/a	NonTarget	1	94859
948.79	n/a	Target	2	94879
948.99	n/a	NonTarget	1	94899
949.19	n/a	NonTarget	1	94919
949.39	n/a	NonTarget	1	94939
949.59	n/a	NonTarget	1	94959
949.79	n/a	NonTarget	1	94979
949.99	n/a	Target	2	94999
954.43	n/a	NonTarget	1	95443
954.65	n/a	NonTarget	1	95465
954.85	n/a	NonTarget	1	95485
955.05	n/a	Target	2	95505
955.25	n/a	NonTarget	1	95525
955.45	n/a	NonTarget	1	95545
955.65	n/a	Target	2	95565
955.85	n/a	NonTarget	1	95585
956.05	n/a	NonTarget	1	95605
956.25	n/a	NonTarget	1	95625
956.45	n/a	NonTarget	1	95645
956.65	n/a	NonTarget	1	95665
956.85	n/a	NonTarget	1	95685
957.05	n/a	NonTarget	1	95705
957.25	n/a	NonTarget	1	95725
957.45	n/a	NonTarget	1	95745
957.65	n/a	NonTarget	1	95765
957.85	n/a	Target	2	95785
958.05	n/a	NonTarget	1	95805
958.25	n/a	NonTarget	1	95825
958.45	n/a	NonTarget	1	95845
958.65	n/a	NonTarget	1	95865
958.85	n/a	NonTarget	1	95885
959.05	n/a	Target	2	95905
959.25	n/a	NonTarget	1	95925
959.45	n/a	NonTarget	1	95945
959.65	n/a	NonTarget	1	95965
959.85	n/a	NonTarget	1	95985
960.05	n/a	Target	2	96005
960.25	n/a	NonTarget	1	96025
960.45	n/a	NonTarget	1	96045
960.65	n/a	NonTarget	1	96065
960.85	n/a	NonTarget	1	96085
961.05	n/a	Target	2	96105
961.25	n/a	NonTarget	1	96125
961.45	n/a	NonTarget	1	96145
961.65	n/a	NonTarget	1	96165
961.85	n/a	NonTarget	1	96185
962.05	n/a	NonTarget	1	96205
962.25	n/a	Target	2	96225
962.45	n/a	NonTarget	1	96245
962.65	n/a	NonTarget	1	96265
962.85	n/a	NonTarget	1	96285
963.05	n/a	NonTarget	1	96305
963.25	n/a	NonTarget	1	96325
963.45	n/a	Target	2	96345
963.65	n/a	NonTarget	1	96365
963.85	n/a	NonTarget	1	96385
964.05	n/a	NonTarget	1	96405
964.25	n/a	NonTarget	1	96425
964.45	n/a	NonTarget	1	96445
964.65	n/a	Target	2	96465
964.85	n/a	NonTarget	1	96485
965.05	n/a	NonTarget	1	96505
965.25	n/a	Target	2	96525
965.45	n/a	NonTarget	1	96545
965.65	n/a	NonTarget	1	96565
965.85	n/a	NonTarget	1	96585
966.05	n/a	NonTarget	1	96605
966.25	n/a	NonTarget	1	96625
974.07	n/a	NonTarget	1	97407
974.28	n/a	NonTarget	1	97428
974.48	n/a	Target	2	97448
974.68	n/a	NonTarget	1	97468
974.87	n/a	NonTarget	1	97487
975.08	n/a	NonTarget	1	97508
975.27	n/a	NonTarget	1	97527
975.47	n/a	Target	2	97547
975.67	n/a	NonTarget	1	97567
975.87	n/a	NonTarget	1	97587
976.07	n/a	NonTarget	1	97607
976.27	n/a	NonTarget	1	97627
976.47	n/a	NonTarget	1	97647
976.67	n/a	NonTarget	1	97667
976.87	n/a	NonTarget	1	97687
977.07	n/a	NonTarget	1	97707
977.27	n/a	NonTarget	1	97727
977.47	n/a	Target	2	97747
977.67	n/a	NonTarget	1	97767
977.87	n/a	NonTarget	1	97787
978.07	n/a	NonTarget	1	97807
978.27	n/a	NonTarget	1	97827
978.47	n/a	NonTarget	1	97847
978.67	n/a	Target	2	97867
978.87	n/a	NonTarget	1	97887
979.07	n/a	NonTarget	1	97907
979.27	n/a	NonTarget	1	97927
979.47	n/a	NonTarget	1	97947
979.67	n/a	Target	2	97967
979.87	n/a	NonTarget	1	97987
980.07	n/a	NonTarget	1	98007
980.27	n/a	NonTarget	1	98027
980.47	n/a	NonTarget	1	98047
980.67	n/a	NonTarget	1	98067
980.87	n/a	Target	2	98087
981.07	n/a	NonTarget	1	98107
981.27	n/a	NonTarget	1	98127
981.47	n/a	NonTarget	1	98147
981.67	n/a	Target	2	98167
981.87	n/a	NonTarget	1	98187
982.07	n/a	NonTarget	1	98207
982.27	n/a	NonTarget	1	98227
982.47	n/a	Target	2	98247
982.67	n/a	NonTarget	1	98267
982.87	n/a	NonTarget	1	98287
983.07	n/a	NonTarget	1	98307
983.27	n/a	NonTarget	1	98327
983.47	n/a	NonTarget	1	98347
983.67	n/a	NonTarget	1	98367
983.87	n/a	NonTarget	1	98387
984.07	n/a	Target	2	98407
984.27	n/a	NonTarget	1	98427
984.47	n/a	NonTarget	1	98447
984.67	n/a	NonTarget	1	98467
984.87	n/a	NonTarget	1	98487
985.07	n/a	NonTarget	1	98507
985.27	n/a	NonTarget	1	98527
985.47	n/a	NonTarget	1	98547
985.67	n/a	NonTarget	1	98567
985.87	n/a	Target	2	98587
990.32	n/a	NonTarget	1	99032
990.54	n/a	NonTarget	1	99054
990.74	n/a	NonTarget	1	99074
990.94	n/a	Target	2	99094
991.13	n/a	NonTarget	1	99113
991.33	n/a	NonTarget	1	99133
991.53	n/a	NonTarget	1	99153
991.73	n/a	Target	2	99173
991.93	n/a	NonTarget	1	99193
992.13	n/a	NonTarget	1	99213
992.33	n/a	NonTarget	1	99233
992.53	n/a	NonTarget	1	99253
992.73	n/a	NonTarget	1	99273
992.93	n/a	NonTarget	1	99293
993.13	n/a	Target	2	99313
993.33	n/a	NonTarget	1	99333
993.53	n/a	NonTarget	1	99353
993.73	n/a	NonTarget	1	99373
993.93	n/a	NonTarget	1	99393
994.13	n/a	Target	2	99413
994.33	n/a	NonTarget	1	99433
994.53	n/a	NonTarget	1	99453
994.73	n/a	NonTarget	1	99473
994.93	n/a	NonTarget	1	99493
995.13	n/a	NonTarget	1	99513
995.33	n/a	Target	2	99533
995.53	n/a	NonTarget	1	99553
995.73	n/a	NonTarget	1	99573
995.93	n/a	NonTarget	1	99593
996.13	n/a	NonTarget	1	99613
996.33	n/a	NonTarget	1	99633
996.53	n/a	Target	2	99653
996.73	n/a	NonTarget	1	99673
996.93	n/a	NonTarget	1	99693
997.13	n/a	NonTarget	1	99713
997.33	n/a	NonTarget	1	99733
997.53	n/a	NonTarget	1	99753
997.73	n/a	NonTarget	1	99773
997.93	n/a	NonTarget	1	99793
998.13	n/a	Target	2	99813
998.33	n/a	NonTarget	1	99833
998.53	n/a	NonTarget	1	99853
998.73	n/a	Target	2	99873
998.93	n/a	NonTarget	1	99893
999.13	n/a	NonTarget	1	99913
999.33	n/a	NonTarget	1	99933
999.53	n/a	NonTarget	1	99953
999.73	n/a	NonTarget	1	99973
999.93	n/a	Target	2	99993
1000.13	n/a	NonTarget	1	100013
1000.33	n/a	NonTarget	1	100033
1000.53	n/a	NonTarget	1	100053
1000.73	n/a	NonTarget	1	100073
1000.93	n/a	NonTarget	1	100093
1001.13	n/a	NonTarget	1	100113
1001.33	n/a	NonTarget	1	100133
1001.53	n/a	Target	2	100153
1001.73	n/a	NonTarget	1	100173
1001.93	n/a	NonTarget	1	100193
1002.13	n/a	NonTarget	1	100213
1009.95	n/a	NonTarget	1	100995
1010.16	n/a	NonTarget	1	101016
1010.36	n/a	NonTarget	1	101036
1010.56	n/a	Target	2	101056
1010.76	n/a	NonTarget	1	101076
1010.96	n/a	NonTarget	1	101096
1011.16	n/a	NonTarget	1	101116
1011.36	n/a	Target	2	101136
1011.56	n/a	NonTarget	1	101156
1011.76	n/a	NonTarget	1	101176
1011.96	n/a	NonTarget	1	101196
1012.16	n/a	NonTarget	1	101216
1012.36	n/a	NonTarget	1	101236
1012.56	n/a	NonTarget	1	101256
1012.76	n/a	NonTarget	1	101276
1012.96	n/a	Target	2	101296
1013.16	n/a	NonTarget	1	101316
1013.36	n/a	NonTarget	1	101336
1013.56	n/a	Target	2	101356
1013.76	n/a	NonTarget	1	101376
1013.96	n/a	NonTarget	1	101396
1014.16	n/a	NonTarget	1	101416
1014.36	n/a	NonTarget	1	101436
1014.56	n/a	NonTarget	1	101456
1014.76	n/a	NonTarget	1	101476
1014.96	n/a	NonTarget	1	101496
1015.16	n/a	NonTarget	1	101516
1015.36	n/a	NonTarget	1	101536
1015.56	n/a	Target	2	101556
1015.76	n/a	NonTarget	1	101576
1015.96	n/a	NonTarget	1	101596
1016.16	n/a	NonTarget	1	101616
1016.36	n/a	NonTarget	1	101636
1016.56	n/a	NonTarget	1	101656
1016.76	n/a	Target	2	101676
1016.96	n/a	NonTarget	1	101696
1017.16	n/a	NonTarget	1	101716
1017.36	n/a	NonTarget	1	101736
1017.56	n/a	NonTarget	1	101756
1017.76	n/a	NonTarget	1	101776
1017.96	n/a	NonTarget	1	101796
1018.16	n/a	Target	2	101816
1018.36	n/a	NonTarget	1	101836
1018.56	n/a	NonTarget	1	101856
1018.76	n/a	Target	2	101876
1018.96	n/a	NonTarget	1	101896
1019.16	n/a	NonTarget	1	101916
1019.36	n/a	NonTarget	1	101936
1019.56	n/a	NonTarget	1	101956
1019.76	n/a	Target	2	101976
1019.96	n/a	NonTarget	1	101996
1020.16	n/a	NonTarget	1	102016
1020.36	n/a	NonTarget	1	102036
1020.56	n/a	NonTarget	1	102056
1020.76	n/a	NonTarget	1	102076
1020.96	n/a	NonTarget	1	102096
1021.16	n/a	NonTarget	1	102116
1021.36	n/a	Target	2	102136
1021.56	n/a	NonTarget	1	102156
1021.76	n/a	NonTarget	1	102176
1026.2	n/a	NonTarget	1	102620
1026.42	n/a	Target	2	102642
1026.62	n/a	NonTarget	1	102662
1026.82	n/a	NonTarget	1	102682
1027.02	n/a	NonTarget	1	102702
1027.22	n/a	NonTarget	1	102722
1027.42	n/a	NonTarget	1	102742
1027.62	n/a	NonTarget	1	102762
1027.82	n/a	NonTarget	1	102782
1028.02	n/a	Target	2	102802
1028.22	n/a	NonTarget	1	102822
1028.42	n/a	NonTarget	1	102842
1028.62	n/a	NonTarget	1	102862
1028.82	n/a	NonTarget	1	102882
1029.02	n/a	NonTarget	1	102902
1029.22	n/a	NonTarget	1	102922
1029.42	n/a	NonTarget	1	102942
1029.62	n/a	Target	2	102962
1029.82	n/a	NonTarget	1	102982
1030.02	n/a	NonTarget	1	103002
1030.22	n/a	Target	2	103022
1030.42	n/a	NonTarget	1	103042
1030.62	n/a	NonTarget	1	103062
1030.82	n/a	NonTarget	1	103082
1031.02	n/a	NonTarget	1	103102
1031.22	n/a	NonTarget	1	103122
1031.42	n/a	NonTarget	1	103142
1031.62	n/a	NonTarget	1	103162
1031.82	n/a	NonTarget	1	103182
1032.02	n/a	Target	2	103202
1032.22	n/a	NonTarget	1	103222
1032.42	n/a	NonTarget	1	103242
1032.62	n/a	Target	2	103262
1032.82	n/a	NonTarget	1	103282
1033.02	n/a	NonTarget	1	103302
1033.22	n/a	NonTarget	1	103322
1033.42	n/a	NonTarget	1	103342
1033.62	n/a	NonTarget	1	103362
1033.82	n/a	NonTarget	1	103382
1034.02	n/a	NonTarget	1	103402
1034.22	n/a	NonTarget	1	103422
1034.42	n/a	Target	2	103442
1034.62	n/a	NonTarget	1	103462
1034.82	n/a	NonTarget	1	103482
1035.02	n/a	NonTarget	1	103502
1035.22	n/a	Target	2	103522
1035.42	n/a	NonTarget	1	103542
1035.62	n/a	NonTarget	1	103562
1035.82	n/a	NonTarget	1	103582
1036.02	n/a	NonTarget	1	103602
1036.22	n/a	NonTarget	1	103622
1036.42	n/a	Target	2	103642
1036.62	n/a	NonTarget	1	103662
1036.82	n/a	NonTarget	1	103682
1037.02	n/a	NonTarget	1	103702
1037.22	n/a	NonTarget	1	103722
1037.42	n/a	Target	2	103742
1037.62	n/a	NonTarget	1	103762
1037.82	n/a	NonTarget	1	103782
1038.02	n/a	NonTarget	1	103802
1045.84	n/a	Target	2	104584
1046.05	n/a	NonTarget	1	104605
1046.25	n/a	NonTarget	1	104625
1046.45	n/a	NonTarget	1	104645
1046.65	n/a	NonTarget	1	104665
1046.85	n/a	NonTarget	1	104685
1047.05	n/a	Target	2	104705
1047.25	n/a	NonTarget	1	104725
1047.45	n/a	NonTarget	1	104745
1047.64	n/a	NonTarget	1	104764
1047.84	n/a	NonTarget	1	104784
1048.04	n/a	NonTarget	1	104804
1048.24	n/a	NonTarget	1	104824
1048.44	n/a	Target	2	104844
1048.64	n/a	NonTarget	1	104864
1048.84	n/a	NonTarget	1	104884
1049.04	n/a	NonTarget	1	104904
1049.24	n/a	NonTarget	1	104924
1049.44	n/a	NonTarget	1	104944
1049.64	n/a	NonTarget	1	104964
1049.84	n/a	Target	2	104984
1050.04	n/a	NonTarget	1	105004
1050.24	n/a	NonTarget	1	105024
1050.44	n/a	NonTarget	1	105044
1050.64	n/a	NonTarget	1	105064
1050.84	n/a	NonTarget	1	105084
1051.04	n/a	NonTarget	1	105104
1051.24	n/a	Target	2	105124
1051.44	n/a	NonTarget	1	105144
1051.64	n/a	NonTarget	1	105164
1051.84	n/a	NonTarget	1	105184
1052.04	n/a	NonTarget	1	105204
1052.24	n/a	NonTarget	1	105224
1052.44	n/a	Target	2	105244
1052.64	n/a	NonTarget	1	105264
1052.84	n/a	NonTarget	1	105284
1053.04	n/a	Target	2	105304
1053.24	n/a	NonTarget	1	105324
1053.44	n/a	NonTarget	1	105344
1053.64	n/a	NonTarget	1	105364
1053.84	n/a	NonTarget	1	105384
1054.04	n/a	NonTarget	1	105404
1054.24	n/a	NonTarget	1	105424
1054.44	n/a	NonTarget	1	105444
1054.64	n/a	NonTarget	1	105464
1054.84	n/a	NonTarget	1	105484
1055.04	n/a	Target	2	105504
1055.24	n/a	NonTarget	1	105524
1055.44	n/a	NonTarget	1	105544
1055.64	n/a	NonTarget	1	105564
1055.84	n/a	NonTarget	1	105584
1056.04	n/a	Target	2	105604
1056.24	n/a	NonTarget	1	105624
1056.44	n/a	NonTarget	1	105644
1056.64	n/a	NonTarget	1	105664
1056.84	n/a	NonTarget	1	105684
1057.04	n/a	Target	2	105704
1057.24	n/a	NonTarget	1	105724
1057.44	n/a	NonTarget	1	105744
1057.64	n/a	NonTarget	1	105764
1062.09	n/a	Target	2	106209
1062.31	n/a	NonTarget	1	106231
1062.51	n/a	NonTarget	1	106251
1062.71	n/a	NonTarget	1	106271
1062.91	n/a	NonTarget	1	106291
1063.11	n/a	NonTarget	1	106311
1063.31	n/a	Target	2	106331
1063.51	n/a	NonTarget	1	106351
1063.71	n/a	NonTarget	1	106371
1063.91	n/a	NonTarget	1	106391
1064.1	n/a	NonTarget	1	106410
1064.3	n/a	NonTarget	1	106430
1064.51	n/a	NonTarget	1	106451
1064.7	n/a	NonTarget	1	106470
1064.9	n/a	NonTarget	1	106490
1065.1	n/a	Target	2	106510
1065.3	n/a	NonTarget	1	106530
1065.5	n/a	NonTarget	1	106550
1065.7	n/a	NonTarget	1	106570
1065.9	n/a	NonTarget	1	106590
1066.1	n/a	NonTarget	1	106610
1066.3	n/a	NonTarget	1	106630
1066.5	n/a	NonTarget	1	106650
1066.7	n/a	Target	2	106670
1066.9	n/a	NonTarget	1	106690
1067.1	n/a	NonTarget	1	106710
1067.3	n/a	Target	2	106730
1067.5	n/a	NonTarget	1	106750
1067.7	n/a	NonTarget	1	106770
1067.9	n/a	NonTarget	1	106790
1068.1	n/a	NonTarget	1	106810
1068.3	n/a	NonTarget	1	106830
1068.5	n/a	NonTarget	1	106850
1068.7	n/a	NonTarget	1	106870
1068.9	n/a	Target	2	106890
1069.1	n/a	NonTarget	1	106910
1069.3	n/a	NonTarget	1	106930
1069.5	n/a	NonTarget	1	106950
1069.7	n/a	Target	2	106970
1069.9	n/a	NonTarget	1	106990
1070.1	n/a	NonTarget	1	107010
1070.3	n/a	NonTarget	1	107030
1070.5	n/a	Target	2	107050
1070.7	n/a	NonTarget	1	107070
1070.9	n/a	NonTarget	1	107090
1071.1	n/a	NonTarget	1	107110
1071.3	n/a	NonTarget	1	107130
1071.5	n/a	NonTarget	1	107150
1071.7	n/a	NonTarget	1	107170
1071.9	n/a	Target	2	107190
1072.1	n/a	NonTarget	1	107210
1072.3	n/a	NonTarget	1	107230
1072.5	n/a	NonTarget	1	107250
1072.7	n/a	NonTarget	1	107270
1072.9	n/a	NonTarget	1	107290
1073.1	n/a	NonTarget	1	107310
1073.3	n/a	Target	2	107330
1073.5	n/a	NonTarget	1	107350
1073.7	n/a	NonTarget	1	107370
1073.9	n/a	NonTarget	1	107390
1081.72	n/a	NonTarget	1	108172
1081.93	n/a	Target	2	108193
1082.13	n/a	NonTarget	1	108213
1082.33	n/a	NonTarget	1	108233
1082.53	n/a	NonTarget	1	108253
1082.73	n/a	NonTarget	1	108273
1082.93	n/a	NonTarget	1	108293
1083.13	n/a	NonTarget	1	108313
1083.33	n/a	NonTarget	1	108333
1083.53	n/a	NonTarget	1	108353
1083.73	n/a	NonTarget	1	108373
1083.93	n/a	Target	2	108393
1084.13	n/a	NonTarget	1	108413
1084.33	n/a	NonTarget	1	108433
1084.53	n/a	Target	2	108453
1084.73	n/a	NonTarget	1	108473
1084.93	n/a	NonTarget	1	108493
1085.13	n/a	NonTarget	1	108513
1085.33	n/a	Target	2	108533
1085.53	n/a	NonTarget	1	108553
1085.73	n/a	NonTarget	1	108573
1085.93	n/a	NonTarget	1	108593
1086.13	n/a	NonTarget	1	108613
1086.33	n/a	NonTarget	1	108633
1086.53	n/a	Target	2	108653
1086.73	n/a	NonTarget	1	108673
1086.93	n/a	NonTarget	1	108693
1087.13	n/a	NonTarget	1	108713
1087.33	n/a	NonTarget	1	108733
1087.53	n/a	NonTarget	1	108753
1087.73	n/a	NonTarget	1	108773
1087.93	n/a	NonTarget	1	108793
1088.13	n/a	Target	2	108813
1088.33	n/a	NonTarget	1	108833
1088.53	n/a	NonTarget	1	108853
1088.73	n/a	NonTarget	1	108873
1088.93	n/a	NonTarget	1	108893
1089.13	n/a	NonTarget	1	108913
1089.33	n/a	Target	2	108933
1089.53	n/a	NonTarget	1	108953
1089.73	n/a	NonTarget	1	108973
1089.93	n/a	NonTarget	1	108993
1090.13	n/a	NonTarget	1	109013
1090.33	n/a	NonTarget	1	109033
1090.53	n/a	NonTarget	1	109053
1090.73	n/a	NonTarget	1	109073
1090.93	n/a	Target	2	109093
1091.13	n/a	NonTarget	1	109113
1091.33	n/a	NonTarget	1	109133
1091.53	n/a	Target	2	109153
1091.73	n/a	NonTarget	1	109173
1091.93	n/a	NonTarget	1	109193
1092.13	n/a	NonTarget	1	109213
1092.33	n/a	NonTarget	1	109233
1092.53	n/a	Target	2	109253
1092.73	n/a	NonTarget	1	109273
1092.93	n/a	NonTarget	1	109293
1093.13	n/a	NonTarget	1	109313
1093.33	n/a	NonTarget	1	109333
1093.53	n/a	NonTarget	1	109353
1097.98	n/a	NonTarget	1	109798
1098.19	n/a	NonTarget	1	109819
1098.39	n/a	Target	2	109839
1098.59	n/a	NonTarget	1	109859
1098.79	n/a	NonTarget	1	109879
1098.99	n/a	NonTarget	1	109899
1099.19	n/a	Target	2	109919
1099.39	n/a	NonTarget	1	109939
1099.59	n/a	NonTarget	1	109959
1099.79	n/a	NonTarget	1	109979
1099.99	n/a	NonTarget	1	109999
1100.19	n/a	NonTarget	1	110019
1100.39	n/a	Target	2	110039
1100.59	n/a	NonTarget	1	110059
1100.79	n/a	NonTarget	1	110079
1100.99	n/a	NonTarget	1	110099
1101.19	n/a	NonTarget	1	110119
1101.39	n/a	NonTarget	1	110139
1101.59	n/a	NonTarget	1	110159
1101.79	n/a	NonTarget	1	110179
1101.99	n/a	NonTarget	1	110199
1102.19	n/a	Target	2	110219
1102.39	n/a	NonTarget	1	110239
1102.59	n/a	NonTarget	1	110259
1102.79	n/a	NonTarget	1	110279
1102.99	n/a	Target	2	110299
1103.19	n/a	NonTarget	1	110319
1103.39	n/a	NonTarget	1	110339
1103.59	n/a	NonTarget	1	110359
1103.79	n/a	NonTarget	1	110379
1103.99	n/a	Target	2	110399
1104.19	n/a	NonTarget	1	110419
1104.39	n/a	NonTarget	1	110439
1104.59	n/a	NonTarget	1	110459
1104.79	n/a	NonTarget	1	110479
1104.99	n/a	NonTarget	1	110499
1105.19	n/a	Target	2	110519
1105.39	n/a	NonTarget	1	110539
1105.59	n/a	NonTarget	1	110559
1105.79	n/a	NonTarget	1	110579
1105.99	n/a	NonTarget	1	110599
1106.19	n/a	NonTarget	1	110619
1106.39	n/a	NonTarget	1	110639
1106.59	n/a	NonTarget	1	110659
1106.79	n/a	Target	2	110679
1106.99	n/a	NonTarget	1	110699
1107.19	n/a	NonTarget	1	110719
1107.39	n/a	NonTarget	1	110739
1107.59	n/a	NonTarget	1	110759
1107.79	n/a	Target	2	110779
1107.99	n/a	NonTarget	1	110799
1108.19	n/a	NonTarget	1	110819
1108.39	n/a	NonTarget	1	110839
1108.59	n/a	NonTarget	1	110859
1108.79	n/a	NonTarget	1	110879
1108.99	n/a	NonTarget	1	110899
1109.19	n/a	NonTarget	1	110919
1109.39	n/a	NonTarget	1	110939
1109.59	n/a	NonTarget	1	110959
1109.79	n/a	Target	2	110979
1117.61	n/a	NonTarget	1	111761
1117.82	n/a	Target	2	111782
1118.02	n/a	NonTarget	1	111802
1118.22	n/a	NonTarget	1	111822
1118.42	n/a	NonTarget	1	111842
1118.62	n/a	NonTarget	1	111862
1118.83	n/a	NonTarget	1	111883
1119.03	n/a	NonTarget	1	111903
1119.23	n/a	NonTarget	1	111923
1119.43	n/a	Target	2	111943
1119.63	n/a	NonTarget	1	111963
1119.83	n/a	NonTarget	1	111983
1120.03	n/a	NonTarget	1	112003
1120.23	n/a	NonTarget	1	112023
1120.43	n/a	NonTarget	1	112043
1120.63	n/a	NonTarget	1	112063
1120.83	n/a	NonTarget	1	112083
1121.03	n/a	Target	2	112103
1121.23	n/a	NonTarget	1	112123
1121.43	n/a	NonTarget	1	112143
1121.63	n/a	NonTarget	1	112163
1121.83	n/a	NonTarget	1	112183
1122.03	n/a	NonTarget	1	112203
1122.23	n/a	Target	2	112223
1122.43	n/a	NonTarget	1	112243
1122.63	n/a	NonTarget	1	112263
1122.83	n/a	NonTarget	1	112283
1123.03	n/a	NonTarget	1	112303
1123.23	n/a	NonTarget	1	112323
1123.43	n/a	Target	2	112343
1123.63	n/a	NonTarget	1	112363
1123.83	n/a	NonTarget	1	112383
1124.03	n/a	Target	2	112403
1124.23	n/a	NonTarget	1	112423
1124.43	n/a	NonTarget	1	112443
1124.63	n/a	NonTarget	1	112463
1124.83	n/a	NonTarget	1	112483
1125.03	n/a	Target	2	112503
1125.23	n/a	NonTarget	1	112523
1125.43	n/a	NonTarget	1	112543
1125.63	n/a	NonTarget	1	112563
1125.83	n/a	NonTarget	1	112583
1126.03	n/a	NonTarget	1	112603
1126.23	n/a	NonTarget	1	112623
1126.43	n/a	NonTarget	1	112643
1126.63	n/a	NonTarget	1	112663
1126.83	n/a	Target	2	112683
1127.03	n/a	NonTarget	1	112703
1127.23	n/a	NonTarget	1	112723
1127.43	n/a	NonTarget	1	112743
1127.63	n/a	Target	2	112763
1127.83	n/a	NonTarget	1	112783
1128.03	n/a	NonTarget	1	112803
1128.23	n/a	NonTarget	1	112823
1128.43	n/a	Target	2	112843
1128.63	n/a	NonTarget	1	112863
1128.83	n/a	NonTarget	1	112883
1129.03	n/a	NonTarget	1	112903
1129.23	n/a	NonTarget	1	112923
1129.43	n/a	NonTarget	1	112943
1133.88	n/a	NonTarget	1	113388
1134.09	n/a	Target	2	113409
1134.29	n/a	NonTarget	1	113429
1134.49	n/a	NonTarget	1	113449
1134.69	n/a	NonTarget	1	113469
1134.89	n/a	NonTarget	1	113489
1135.09	n/a	NonTarget	1	113509
1135.29	n/a	NonTarget	1	113529
1135.49	n/a	NonTarget	1	113549
1135.69	n/a	NonTarget	1	113569
1135.89	n/a	Target	2	113589
1136.09	n/a	NonTarget	1	113609
1136.29	n/a	NonTarget	1	113629
1136.49	n/a	NonTarget	1	113649
1136.69	n/a	NonTarget	1	113669
1136.89	n/a	NonTarget	1	113689
1137.09	n/a	NonTarget	1	113709
1137.29	n/a	Target	2	113729
1137.49	n/a	NonTarget	1	113749
1137.69	n/a	NonTarget	1	113769
1137.89	n/a	Target	2	113789
1138.09	n/a	NonTarget	1	113809
1138.29	n/a	NonTarget	1	113829
1138.49	n/a	NonTarget	1	113849
1138.69	n/a	NonTarget	1	113869
1138.89	n/a	NonTarget	1	113889
1139.09	n/a	Target	2	113909
1139.29	n/a	NonTarget	1	113929
1139.49	n/a	NonTarget	1	113949
1139.69	n/a	NonTarget	1	113969
1139.89	n/a	Target	2	113989
1140.09	n/a	NonTarget	1	114009
1140.29	n/a	NonTarget	1	114029
1140.49	n/a	NonTarget	1	114049
1140.69	n/a	NonTarget	1	114069
1140.89	n/a	NonTarget	1	114089
1141.09	n/a	NonTarget	1	114109
1141.29	n/a	Target	2	114129
1141.49	n/a	NonTarget	1	114149
1141.69	n/a	NonTarget	1	114169
1141.89	n/a	NonTarget	1	114189
1142.09	n/a	NonTarget	1	114209
1142.29	n/a	NonTarget	1	114229
1142.49	n/a	NonTarget	1	114249
1142.69	n/a	NonTarget	1	114269
1142.89	n/a	NonTarget	1	114289
1143.09	n/a	NonTarget	1	114309
1143.29	n/a	Target	2	114329
1143.49	n/a	NonTarget	1	114349
1143.69	n/a	NonTarget	1	114369
1143.89	n/a	Target	2	114389
1144.09	n/a	NonTarget	1	114409
1144.29	n/a	NonTarget	1	114429
1144.49	n/a	NonTarget	1	114449
1144.69	n/a	Target	2	114469
1144.89	n/a	NonTarget	1	114489
1145.09	n/a	NonTarget	1	114509
1145.29	n/a	NonTarget	1	114529
1145.49	n/a	NonTarget	1	114549
1145.69	n/a	NonTarget	1	114569
1153.51	n/a	NonTarget	1	115351
1153.72	n/a	NonTarget	1	115372
1153.92	n/a	NonTarget	1	115392
1154.12	n/a	NonTarget	1	115412
1154.32	n/a	NonTarget	1	115432
1154.52	n/a	Target	2	115452
1154.72	n/a	NonTarget	1	115472
1154.92	n/a	NonTarget	1	115492
1155.12	n/a	NonTarget	1	115512
1155.32	n/a	NonTarget	1	115532
1155.52	n/a	NonTarget	1	115552
1155.72	n/a	Target	2	115572
1155.92	n/a	NonTarget	1	115592
1156.12	n/a	NonTarget	1	115612
1156.32	n/a	NonTarget	1	115632
1156.52	n/a	NonTarget	1	115652
1156.72	n/a	NonTarget	1	115672
1156.92	n/a	Target	2	115692
1157.12	n/a	NonTarget	1	115712
1157.32	n/a	NonTarget	1	115732
1157.52	n/a	NonTarget	1	115752
1157.72	n/a	Target	2	115772
1157.92	n/a	NonTarget	1	115792
1158.12	n/a	NonTarget	1	115812
1158.32	n/a	NonTarget	1	115832
1158.52	n/a	Target	2	115852
1158.72	n/a	NonTarget	1	115872
1158.92	n/a	NonTarget	1	115892
1159.12	n/a	NonTarget	1	115912
1159.32	n/a	NonTarget	1	115932
1159.52	n/a	NonTarget	1	115952
1159.72	n/a	NonTarget	1	115972
1159.92	n/a	NonTarget	1	115992
1160.12	n/a	NonTarget	1	116012
1160.32	n/a	NonTarget	1	116032
1160.52	n/a	Target	2	116052
1160.71	n/a	NonTarget	1	116071
1160.91	n/a	NonTarget	1	116091
1161.11	n/a	NonTarget	1	116111
1161.31	n/a	NonTarget	1	116131
1161.51	n/a	NonTarget	1	116151
1161.71	n/a	Target	2	116171
1161.91	n/a	NonTarget	1	116191
1162.11	n/a	NonTarget	1	116211
1162.31	n/a	NonTarget	1	116231
1162.51	n/a	NonTarget	1	116251
1162.71	n/a	Target	2	116271
1162.91	n/a	NonTarget	1	116291
1163.11	n/a	NonTarget	1	116311
1163.31	n/a	Target	2	116331
1163.51	n/a	NonTarget	1	116351
1163.71	n/a	NonTarget	1	116371
1163.91	n/a	NonTarget	1	116391
1164.11	n/a	NonTarget	1	116411
1164.31	n/a	NonTarget	1	116431
1164.51	n/a	NonTarget	1	116451
1164.71	n/a	NonTarget	1	116471
1164.91	n/a	NonTarget	1	116491
1165.11	n/a	NonTarget	1	116511
1165.31	n/a	Target	2	116531
1169.76	n/a	NonTarget	1	116976
1169.98	n/a	NonTarget	1	116998
1170.18	n/a	Target	2	117018
1170.38	n/a	NonTarget	1	117038
1170.58	n/a	NonTarget	1	117058
1170.78	n/a	NonTarget	1	117078
1170.98	n/a	NonTarget	1	117098
1171.18	n/a	NonTarget	1	117118
1171.38	n/a	Target	2	117138
1171.58	n/a	NonTarget	1	117158
1171.78	n/a	NonTarget	1	117178
1171.98	n/a	NonTarget	1	117198
1172.18	n/a	Target	2	117218
1172.38	n/a	NonTarget	1	117238
1172.58	n/a	NonTarget	1	117258
1172.78	n/a	NonTarget	1	117278
1172.98	n/a	NonTarget	1	117298
1173.18	n/a	NonTarget	1	117318
1173.38	n/a	NonTarget	1	117338
1173.58	n/a	NonTarget	1	117358
1173.78	n/a	NonTarget	1	117378
1173.98	n/a	Target	2	117398
1174.18	n/a	NonTarget	1	117418
1174.38	n/a	NonTarget	1	117438
1174.58	n/a	NonTarget	1	117458
1174.78	n/a	Target	2	117478
1174.98	n/a	NonTarget	1	117498
1175.18	n/a	NonTarget	1	117518
1175.38	n/a	NonTarget	1	117538
1175.58	n/a	NonTarget	1	117558
1175.78	n/a	NonTarget	1	117578
1175.98	n/a	NonTarget	1	117598
1176.18	n/a	Target	2	117618
1176.38	n/a	NonTarget	1	117638
1176.58	n/a	NonTarget	1	117658
1176.78	n/a	NonTarget	1	117678
1176.97	n/a	NonTarget	1	117697
1177.17	n/a	NonTarget	1	117717
1177.38	n/a	NonTarget	1	117738
1177.57	n/a	Target	2	117757
1177.77	n/a	NonTarget	1	117777
1177.97	n/a	NonTarget	1	117797
1178.17	n/a	NonTarget	1	117817
1178.37	n/a	Target	2	117837
1178.57	n/a	NonTarget	1	117857
1178.77	n/a	NonTarget	1	117877
1178.97	n/a	NonTarget	1	117897
1179.17	n/a	NonTarget	1	117917
1179.37	n/a	NonTarget	1	117937
1179.57	n/a	Target	2	117957
1179.77	n/a	NonTarget	1	117977
1179.97	n/a	NonTarget	1	117997
1180.17	n/a	NonTarget	1	118017
1180.37	n/a	NonTarget	1	118037
1180.57	n/a	NonTarget	1	118057
1180.77	n/a	NonTarget	1	118077
1180.97	n/a	Target	2	118097
1181.17	n/a	NonTarget	1	118117
1181.37	n/a	NonTarget	1	118137
1181.57	n/a	NonTarget	1	118157
1189.39	n/a	NonTarget	1	118939
1189.6	n/a	Target	2	118960
1189.8	n/a	NonTarget	1	118980
1190.0	n/a	NonTarget	1	119000
1190.2	n/a	NonTarget	1	119020
1190.4	n/a	NonTarget	1	119040
1190.6	n/a	NonTarget	1	119060
1190.8	n/a	Target	2	119080
1191.0	n/a	NonTarget	1	119100
1191.2	n/a	NonTarget	1	119120
1191.4	n/a	NonTarget	1	119140
1191.6	n/a	NonTarget	1	119160
1191.8	n/a	Target	2	119180
1192.0	n/a	NonTarget	1	119200
1192.2	n/a	NonTarget	1	119220
1192.4	n/a	NonTarget	1	119240
1192.6	n/a	NonTarget	1	119260
1192.8	n/a	NonTarget	1	119280
1193.0	n/a	Target	2	119300
1193.2	n/a	NonTarget	1	119320
1193.4	n/a	NonTarget	1	119340
1193.6	n/a	NonTarget	1	119360
1193.8	n/a	NonTarget	1	119380
1194.0	n/a	NonTarget	1	119400
1194.2	n/a	NonTarget	1	119420
1194.4	n/a	NonTarget	1	119440
1194.6	n/a	Target	2	119460
1194.8	n/a	NonTarget	1	119480
1195.0	n/a	NonTarget	1	119500
1195.2	n/a	NonTarget	1	119520
1195.4	n/a	NonTarget	1	119540
1195.6	n/a	NonTarget	1	119560
1195.8	n/a	NonTarget	1	119580
1196.0	n/a	Target	2	119600
1196.2	n/a	NonTarget	1	119620
1196.4	n/a	NonTarget	1	119640
1196.6	n/a	NonTarget	1	119660
1196.8	n/a	NonTarget	1	119680
1197.0	n/a	NonTarget	1	119700
1197.2	n/a	Target	2	119720
1197.4	n/a	NonTarget	1	119740
1197.6	n/a	NonTarget	1	119760
1197.8	n/a	NonTarget	1	119780
1198.0	n/a	NonTarget	1	119800
1198.2	n/a	Target	2	119820
1198.4	n/a	NonTarget	1	119840
1198.6	n/a	NonTarget	1	119860
1198.8	n/a	NonTarget	1	119880
1199.0	n/a	Target	2	119900
1199.2	n/a	NonTarget	1	119920
1199.4	n/a	NonTarget	1	119940
1199.6	n/a	NonTarget	1	119960
1199.8	n/a	NonTarget	1	119980
1200.0	n/a	NonTarget	1	120000
1200.2	n/a	NonTarget	1	120020
1200.4	n/a	NonTarget	1	120040
1200.6	n/a	NonTarget	1	120060
1200.8	n/a	Target	2	120080
1201.0	n/a	NonTarget	1	120100
1201.2	n/a	NonTarget	1	120120
1205.65	n/a	NonTarget	1	120565
1205.86	n/a	NonTarget	1	120586
1206.06	n/a	NonTarget	1	120606
1206.26	n/a	NonTarget	1	120626
1206.46	n/a	Target	2	120646
1206.66	n/a	NonTarget	1	120666
1206.86	n/a	NonTarget	1	120686
1207.06	n/a	NonTarget	1	120706
1207.26	n/a	NonTarget	1	120726
1207.46	n/a	Target	2	120746
1207.66	n/a	NonTarget	1	120766
1207.86	n/a	NonTarget	1	120786
1208.06	n/a	NonTarget	1	120806
1208.26	n/a	Target	2	120826
1208.46	n/a	NonTarget	1	120846
1208.66	n/a	NonTarget	1	120866
1208.86	n/a	NonTarget	1	120886
1209.06	n/a	NonTarget	1	120906
1209.26	n/a	NonTarget	1	120926
1209.46	n/a	NonTarget	1	120946
1209.66	n/a	NonTarget	1	120966
1209.86	n/a	NonTarget	1	120986
1210.06	n/a	Target	2	121006
1210.26	n/a	NonTarget	1	121026
1210.46	n/a	NonTarget	1	121046
1210.66	n/a	NonTarget	1	121066
1210.86	n/a	Target	2	121086
1211.06	n/a	NonTarget	1	121106
1211.26	n/a	NonTarget	1	121126
1211.46	n/a	NonTarget	1	121146
1211.66	n/a	NonTarget	1	121166
1211.86	n/a	Target	2	121186
1212.06	n/a	NonTarget	1	121206
1212.26	n/a	NonTarget	1	121226
1212.46	n/a	NonTarget	1	121246
1212.66	n/a	NonTarget	1	121266
1212.86	n/a	NonTarget	1	121286
1213.06	n/a	Target	2	121306
1213.26	n/a	NonTarget	1	121326
1213.46	n/a	NonTarget	1	121346
1213.66	n/a	NonTarget	1	121366
1213.86	n/a	NonTarget	1	121386
1214.06	n/a	Target	2	121406
1214.26	n/a	NonTarget	1	121426
1214.46	n/a	NonTarget	1	121446
1214.66	n/a	NonTarget	1	121466
1214.86	n/a	NonTarget	1	121486
1215.06	n/a	NonTarget	1	121506
1215.26	n/a	NonTarget	1	121526
1215.46	n/a	NonTarget	1	121546
1215.66	n/a	NonTarget	1	121566
1215.86	n/a	NonTarget	1	121586
1216.06	n/a	NonTarget	1	121606
1216.26	n/a	Target	2	121626
1216.46	n/a	NonTarget	1	121646
1216.66	n/a	NonTarget	1	121666
1216.86	n/a	Target	2	121686
1217.06	n/a	NonTarget	1	121706
1217.26	n/a	NonTarget	1	121726
1217.46	n/a	NonTarget	1	121746
1225.28	n/a	NonTarget	1	122528
1225.49	n/a	NonTarget	1	122549
1225.69	n/a	NonTarget	1	122569
1225.89	n/a	NonTarget	1	122589
1226.09	n/a	Target	2	122609
1226.29	n/a	NonTarget	1	122629
1226.49	n/a	NonTarget	1	122649
1226.69	n/a	NonTarget	1	122669
1226.89	n/a	NonTarget	1	122689
1227.09	n/a	NonTarget	1	122709
1227.29	n/a	NonTarget	1	122729
1227.49	n/a	Target	2	122749
1227.69	n/a	NonTarget	1	122769
1227.89	n/a	NonTarget	1	122789
1228.09	n/a	NonTarget	1	122809
1228.29	n/a	NonTarget	1	122829
1228.49	n/a	NonTarget	1	122849
1228.69	n/a	Target	2	122869
1228.89	n/a	NonTarget	1	122889
1229.09	n/a	NonTarget	1	122909
1229.29	n/a	NonTarget	1	122929
1229.49	n/a	Target	2	122949
1229.69	n/a	NonTarget	1	122969
1229.89	n/a	NonTarget	1	122989
1230.09	n/a	NonTarget	1	123009
1230.29	n/a	Target	2	123029
1230.49	n/a	NonTarget	1	123049
1230.69	n/a	NonTarget	1	123069
1230.89	n/a	NonTarget	1	123089
1231.09	n/a	NonTarget	1	123109
1231.29	n/a	NonTarget	1	123129
1231.49	n/a	Target	2	123149
1231.69	n/a	NonTarget	1	123169
1231.89	n/a	NonTarget	1	123189
1232.09	n/a	NonTarget	1	123209
1232.29	n/a	NonTarget	1	123229
1232.49	n/a	Target	2	123249
1232.69	n/a	NonTarget	1	123269
1232.89	n/a	NonTarget	1	123289
1233.09	n/a	NonTarget	1	123309
1233.29	n/a	NonTarget	1	123329
1233.48	n/a	NonTarget	1	123348
1233.68	n/a	NonTarget	1	123368
1233.88	n/a	NonTarget	1	123388
1234.08	n/a	NonTarget	1	123408
1234.28	n/a	Target	2	123428
1234.48	n/a	NonTarget	1	123448
1234.68	n/a	NonTarget	1	123468
1234.88	n/a	NonTarget	1	123488
1235.08	n/a	NonTarget	1	123508
1235.28	n/a	NonTarget	1	123528
1235.48	n/a	NonTarget	1	123548
1235.68	n/a	Target	2	123568
1235.88	n/a	NonTarget	1	123588
1236.08	n/a	NonTarget	1	123608
1236.28	n/a	Target	2	123628
1236.48	n/a	NonTarget	1	123648
1236.68	n/a	NonTarget	1	123668
1236.88	n/a	NonTarget	1	123688
1237.08	n/a	NonTarget	1	123708
1241.53	n/a	NonTarget	1	124153
1241.75	n/a	NonTarget	1	124175
1241.95	n/a	NonTarget	1	124195
1242.15	n/a	NonTarget	1	124215
1242.35	n/a	Target	2	124235
1242.55	n/a	NonTarget	1	124255
1242.75	n/a	NonTarget	1	124275
1242.95	n/a	NonTarget	1	124295
1243.15	n/a	NonTarget	1	124315
1243.35	n/a	NonTarget	1	124335
1243.56	n/a	NonTarget	1	124356
1243.76	n/a	Target	2	124376
1243.96	n/a	NonTarget	1	124396
1244.16	n/a	NonTarget	1	124416
1244.36	n/a	Target	2	124436
1244.56	n/a	NonTarget	1	124456
1244.76	n/a	NonTarget	1	124476
1244.96	n/a	NonTarget	1	124496
1245.16	n/a	NonTarget	1	124516
1245.36	n/a	NonTarget	1	124536
1245.56	n/a	Target	2	124556
1245.76	n/a	NonTarget	1	124576
1245.96	n/a	NonTarget	1	124596
1246.16	n/a	NonTarget	1	124616
1246.36	n/a	NonTarget	1	124636
1246.56	n/a	NonTarget	1	124656
1246.76	n/a	NonTarget	1	124676
1246.96	n/a	NonTarget	1	124696
1247.16	n/a	NonTarget	1	124716
1247.36	n/a	Target	2	124736
1247.56	n/a	NonTarget	1	124756
1247.76	n/a	NonTarget	1	124776
1247.96	n/a	NonTarget	1	124796
1248.16	n/a	Target	2	124816
1248.36	n/a	NonTarget	1	124836
1248.56	n/a	NonTarget	1	124856
1248.76	n/a	NonTarget	1	124876
1248.96	n/a	NonTarget	1	124896
1249.16	n/a	NonTarget	1	124916
1249.36	n/a	NonTarget	1	124936
1249.56	n/a	NonTarget	1	124956
1249.76	n/a	Target	2	124976
1249.96	n/a	NonTarget	1	124996
1250.16	n/a	NonTarget	1	125016
1250.36	n/a	Target	2	125036
1250.56	n/a	NonTarget	1	125056
1250.76	n/a	NonTarget	1	125076
1250.96	n/a	NonTarget	1	125096
1251.16	n/a	Target	2	125116
1251.36	n/a	NonTarget	1	125136
1251.56	n/a	NonTarget	1	125156
1251.76	n/a	NonTarget	1	125176
1251.96	n/a	NonTarget	1	125196
1252.16	n/a	NonTarget	1	125216
1252.36	n/a	Target	2	125236
1252.56	n/a	NonTarget	1	125256
1252.76	n/a	NonTarget	1	125276
1252.96	n/a	NonTarget	1	125296
1253.16	n/a	NonTarget	1	125316
1253.36	n/a	NonTarget	1	125336
1261.18	n/a	NonTarget	1	126118
1261.39	n/a	NonTarget	1	126139
1261.59	n/a	NonTarget	1	126159
1261.79	n/a	NonTarget	1	126179
1261.99	n/a	Target	2	126199
1262.19	n/a	NonTarget	1	126219
1262.39	n/a	NonTarget	1	126239
1262.59	n/a	NonTarget	1	126259
1262.79	n/a	NonTarget	1	126279
1262.99	n/a	Target	2	126299
1263.19	n/a	NonTarget	1	126319
1263.39	n/a	NonTarget	1	126339
1263.59	n/a	NonTarget	1	126359
1263.79	n/a	NonTarget	1	126379
1263.99	n/a	Target	2	126399
1264.19	n/a	NonTarget	1	126419
1264.39	n/a	NonTarget	1	126439
1264.59	n/a	NonTarget	1	126459
1264.79	n/a	NonTarget	1	126479
1264.99	n/a	NonTarget	1	126499
1265.19	n/a	NonTarget	1	126519
1265.39	n/a	Target	2	126539
1265.59	n/a	NonTarget	1	126559
1265.79	n/a	NonTarget	1	126579
1265.99	n/a	NonTarget	1	126599
1266.19	n/a	Target	2	126619
1266.39	n/a	NonTarget	1	126639
1266.59	n/a	NonTarget	1	126659
1266.79	n/a	NonTarget	1	126679
1266.99	n/a	NonTarget	1	126699
1267.19	n/a	Target	2	126719
1267.39	n/a	NonTarget	1	126739
1267.59	n/a	NonTarget	1	126759
1267.79	n/a	NonTarget	1	126779
1267.99	n/a	NonTarget	1	126799
1268.19	n/a	NonTarget	1	126819
1268.39	n/a	Target	2	126839
1268.59	n/a	NonTarget	1	126859
1268.79	n/a	NonTarget	1	126879
1268.99	n/a	NonTarget	1	126899
1269.19	n/a	NonTarget	1	126919
1269.39	n/a	NonTarget	1	126939
1269.59	n/a	NonTarget	1	126959
1269.79	n/a	Target	2	126979
1269.99	n/a	NonTarget	1	126999
1270.19	n/a	NonTarget	1	127019
1270.39	n/a	NonTarget	1	127039
1270.59	n/a	NonTarget	1	127059
1270.79	n/a	NonTarget	1	127079
1270.99	n/a	NonTarget	1	127099
1271.19	n/a	NonTarget	1	127119
1271.39	n/a	NonTarget	1	127139
1271.59	n/a	NonTarget	1	127159
1271.79	n/a	Target	2	127179
1271.99	n/a	NonTarget	1	127199
1272.19	n/a	NonTarget	1	127219
1272.4	n/a	NonTarget	1	127240
1272.6	n/a	Target	2	127260
1272.8	n/a	NonTarget	1	127280
1273.0	n/a	NonTarget	1	127300
1277.45	n/a	NonTarget	1	127745
1277.67	n/a	NonTarget	1	127767
1277.87	n/a	Target	2	127787
1278.07	n/a	NonTarget	1	127807
1278.27	n/a	NonTarget	1	127827
1278.47	n/a	NonTarget	1	127847
1278.67	n/a	NonTarget	1	127867
1278.87	n/a	Target	2	127887
1279.07	n/a	NonTarget	1	127907
1279.27	n/a	NonTarget	1	127927
1279.47	n/a	NonTarget	1	127947
1279.67	n/a	NonTarget	1	127967
1279.87	n/a	NonTarget	1	127987
1280.07	n/a	Target	2	128007
1280.28	n/a	NonTarget	1	128028
1280.48	n/a	NonTarget	1	128048
1280.68	n/a	NonTarget	1	128068
1280.88	n/a	NonTarget	1	128088
1281.08	n/a	Target	2	128108
1281.28	n/a	NonTarget	1	128128
1281.48	n/a	NonTarget	1	128148
1281.68	n/a	NonTarget	1	128168
1281.88	n/a	NonTarget	1	128188
1282.08	n/a	NonTarget	1	128208
1282.28	n/a	NonTarget	1	128228
1282.48	n/a	NonTarget	1	128248
1282.68	n/a	NonTarget	1	128268
1282.88	n/a	NonTarget	1	128288
1283.08	n/a	Target	2	128308
1283.28	n/a	NonTarget	1	128328
1283.48	n/a	NonTarget	1	128348
1283.68	n/a	NonTarget	1	128368
1283.88	n/a	Target	2	128388
1284.08	n/a	NonTarget	1	128408
1284.28	n/a	NonTarget	1	128428
1284.48	n/a	NonTarget	1	128448
1284.68	n/a	Target	2	128468
1284.88	n/a	NonTarget	1	128488
1285.08	n/a	NonTarget	1	128508
1285.28	n/a	NonTarget	1	128528
1285.48	n/a	NonTarget	1	128548
1285.68	n/a	NonTarget	1	128568
1285.88	n/a	NonTarget	1	128588
1286.08	n/a	Target	2	128608
1286.28	n/a	NonTarget	1	128628
1286.48	n/a	NonTarget	1	128648
1286.68	n/a	NonTarget	1	128668
1286.88	n/a	NonTarget	1	128688
1287.08	n/a	NonTarget	1	128708
1287.28	n/a	NonTarget	1	128728
1287.48	n/a	NonTarget	1	128748
1287.68	n/a	NonTarget	1	128768
1287.88	n/a	Target	2	128788
1288.08	n/a	NonTarget	1	128808
1288.28	n/a	NonTarget	1	128828
1288.48	n/a	NonTarget	1	128848
1288.68	n/a	Target	2	128868
1288.88	n/a	NonTarget	1	128888
1289.08	n/a	NonTarget	1	128908
1289.28	n/a	NonTarget	1	128928
1297.1	n/a	NonTarget	1	129710
1297.31	n/a	NonTarget	1	129731
1297.51	n/a	NonTarget	1	129751
1297.71	n/a	NonTarget	1	129771
1297.91	n/a	Target	2	129791
1298.11	n/a	NonTarget	1	129811
1298.31	n/a	NonTarget	1	129831
1298.51	n/a	NonTarget	1	129851
1298.71	n/a	NonTarget	1	129871
1298.91	n/a	Target	2	129891
1299.11	n/a	NonTarget	1	129911
1299.31	n/a	NonTarget	1	129931
1299.51	n/a	NonTarget	1	129951
1299.71	n/a	NonTarget	1	129971
1299.91	n/a	NonTarget	1	129991
1300.11	n/a	NonTarget	1	130011
1300.31	n/a	NonTarget	1	130031
1300.51	n/a	Target	2	130051
1300.71	n/a	NonTarget	1	130071
1300.91	n/a	NonTarget	1	130091
1301.11	n/a	NonTarget	1	130111
1301.31	n/a	NonTarget	1	130131
1301.51	n/a	Target	2	130151
1301.71	n/a	NonTarget	1	130171
1301.91	n/a	NonTarget	1	130191
1302.11	n/a	Target	2	130211
1302.31	n/a	NonTarget	1	130231
1302.51	n/a	NonTarget	1	130251
1302.71	n/a	NonTarget	1	130271
1302.91	n/a	NonTarget	1	130291
1303.11	n/a	Target	2	130311
1303.31	n/a	NonTarget	1	130331
1303.51	n/a	NonTarget	1	130351
1303.71	n/a	NonTarget	1	130371
1303.91	n/a	NonTarget	1	130391
1304.11	n/a	NonTarget	1	130411
1304.31	n/a	NonTarget	1	130431
1304.51	n/a	Target	2	130451
1304.71	n/a	NonTarget	1	130471
1304.91	n/a	NonTarget	1	130491
1305.11	n/a	NonTarget	1	130511
1305.31	n/a	NonTarget	1	130531
1305.51	n/a	NonTarget	1	130551
1305.71	n/a	Target	2	130571
1305.91	n/a	NonTarget	1	130591
1306.11	n/a	NonTarget	1	130611
1306.3	n/a	NonTarget	1	130630
1306.51	n/a	NonTarget	1	130651
1306.7	n/a	NonTarget	1	130670
1306.9	n/a	NonTarget	1	130690
1307.1	n/a	NonTarget	1	130710
1307.3	n/a	Target	2	130730
1307.5	n/a	NonTarget	1	130750
1307.7	n/a	NonTarget	1	130770
1307.9	n/a	NonTarget	1	130790
1308.1	n/a	Target	2	130810
1308.3	n/a	NonTarget	1	130830
1308.5	n/a	NonTarget	1	130850
1308.7	n/a	NonTarget	1	130870
1308.9	n/a	NonTarget	1	130890
1313.35	n/a	NonTarget	1	131335
1313.57	n/a	NonTarget	1	131357
1313.77	n/a	NonTarget	1	131377
1313.97	n/a	NonTarget	1	131397
1314.17	n/a	Target	2	131417
1314.37	n/a	NonTarget	1	131437
1314.57	n/a	NonTarget	1	131457
1314.77	n/a	NonTarget	1	131477
1314.97	n/a	NonTarget	1	131497
1315.17	n/a	NonTarget	1	131517
1315.37	n/a	NonTarget	1	131537
1315.57	n/a	Target	2	131557
1315.77	n/a	NonTarget	1	131577
1315.97	n/a	NonTarget	1	131597
1316.17	n/a	NonTarget	1	131617
1316.37	n/a	Target	2	131637
1316.57	n/a	NonTarget	1	131657
1316.77	n/a	NonTarget	1	131677
1316.97	n/a	Target	2	131697
1317.17	n/a	NonTarget	1	131717
1317.37	n/a	NonTarget	1	131737
1317.57	n/a	NonTarget	1	131757
1317.77	n/a	NonTarget	1	131777
1317.97	n/a	NonTarget	1	131797
1318.17	n/a	NonTarget	1	131817
1318.37	n/a	NonTarget	1	131837
1318.57	n/a	NonTarget	1	131857
1318.77	n/a	NonTarget	1	131877
1318.97	n/a	NonTarget	1	131897
1319.17	n/a	Target	2	131917
1319.37	n/a	NonTarget	1	131937
1319.57	n/a	NonTarget	1	131957
1319.77	n/a	NonTarget	1	131977
1319.97	n/a	Target	2	131997
1320.17	n/a	NonTarget	1	132017
1320.37	n/a	NonTarget	1	132037
1320.57	n/a	NonTarget	1	132057
1320.77	n/a	Target	2	132077
1320.97	n/a	NonTarget	1	132097
1321.17	n/a	NonTarget	1	132117
1321.37	n/a	NonTarget	1	132137
1321.57	n/a	NonTarget	1	132157
1321.77	n/a	NonTarget	1	132177
1321.97	n/a	NonTarget	1	132197
1322.17	n/a	NonTarget	1	132217
1322.36	n/a	NonTarget	1	132236
1322.56	n/a	Target	2	132256
1322.76	n/a	NonTarget	1	132276
1322.96	n/a	NonTarget	1	132296
1323.16	n/a	NonTarget	1	132316
1323.36	n/a	NonTarget	1	132336
1323.56	n/a	Target	2	132356
1323.76	n/a	NonTarget	1	132376
1323.96	n/a	NonTarget	1	132396
1324.16	n/a	NonTarget	1	132416
1324.36	n/a	Target	2	132436
1324.56	n/a	NonTarget	1	132456
1324.76	n/a	NonTarget	1	132476
1324.96	n/a	NonTarget	1	132496
1325.16	n/a	NonTarget	1	132516
1332.98	n/a	NonTarget	1	133298
1333.19	n/a	NonTarget	1	133319
1333.39	n/a	NonTarget	1	133339
1333.59	n/a	NonTarget	1	133359
1333.79	n/a	NonTarget	1	133379
1333.99	n/a	Target	2	133399
1334.19	n/a	NonTarget	1	133419
1334.39	n/a	NonTarget	1	133439
1334.59	n/a	NonTarget	1	133459
1334.79	n/a	NonTarget	1	133479
1334.99	n/a	NonTarget	1	133499
1335.19	n/a	Target	2	133519
1335.39	n/a	NonTarget	1	133539
1335.59	n/a	NonTarget	1	133559
1335.79	n/a	Target	2	133579
1335.99	n/a	NonTarget	1	133599
1336.19	n/a	NonTarget	1	133619
1336.39	n/a	NonTarget	1	133639
1336.59	n/a	NonTarget	1	133659
1336.79	n/a	Target	2	133679
1336.99	n/a	NonTarget	1	133699
1337.19	n/a	NonTarget	1	133719
1337.39	n/a	NonTarget	1	133739
1337.59	n/a	NonTarget	1	133759
1337.79	n/a	NonTarget	1	133779
1337.99	n/a	NonTarget	1	133799
1338.19	n/a	NonTarget	1	133819
1338.39	n/a	Target	2	133839
1338.59	n/a	NonTarget	1	133859
1338.79	n/a	NonTarget	1	133879
1338.99	n/a	NonTarget	1	133899
1339.19	n/a	Target	2	133919
1339.39	n/a	NonTarget	1	133939
1339.59	n/a	NonTarget	1	133959
1339.79	n/a	NonTarget	1	133979
1339.99	n/a	NonTarget	1	133999
1340.19	n/a	NonTarget	1	134019
1340.39	n/a	NonTarget	1	134039
1340.59	n/a	NonTarget	1	134059
1340.79	n/a	NonTarget	1	134079
1340.99	n/a	NonTarget	1	134099
1341.19	n/a	Target	2	134119
1341.39	n/a	NonTarget	1	134139
1341.59	n/a	NonTarget	1	134159
1341.79	n/a	NonTarget	1	134179
1341.99	n/a	NonTarget	1	134199
1342.19	n/a	NonTarget	1	134219
1342.39	n/a	Target	2	134239
1342.59	n/a	NonTarget	1	134259
1342.79	n/a	NonTarget	1	134279
1342.99	n/a	NonTarget	1	134299
1343.19	n/a	NonTarget	1	134319
1343.39	n/a	Target	2	134339
1343.59	n/a	NonTarget	1	134359
1343.79	n/a	NonTarget	1	134379
1343.99	n/a	Target	2	134399
1344.19	n/a	NonTarget	1	134419
1344.39	n/a	NonTarget	1	134439
1344.59	n/a	NonTarget	1	134459
1344.79	n/a	NonTarget	1	134479
1349.24	n/a	NonTarget	1	134924
1349.44	n/a	NonTarget	1	134944
1349.64	n/a	NonTarget	1	134964
1349.84	n/a	Target	2	134984
1350.04	n/a	NonTarget	1	135004
1350.24	n/a	NonTarget	1	135024
1350.44	n/a	NonTarget	1	135044
1350.64	n/a	NonTarget	1	135064
1350.84	n/a	NonTarget	1	135084
1351.04	n/a	NonTarget	1	135104
1351.24	n/a	NonTarget	1	135124
1351.44	n/a	Target	2	135144
1351.64	n/a	NonTarget	1	135164
1351.84	n/a	NonTarget	1	135184
1352.04	n/a	NonTarget	1	135204
1352.24	n/a	Target	2	135224
1352.44	n/a	NonTarget	1	135244
1352.64	n/a	NonTarget	1	135264
1352.84	n/a	Target	2	135284
1353.04	n/a	NonTarget	1	135304
1353.24	n/a	NonTarget	1	135324
1353.44	n/a	NonTarget	1	135344
1353.64	n/a	NonTarget	1	135364
1353.84	n/a	NonTarget	1	135384
1354.04	n/a	NonTarget	1	135404
1354.24	n/a	NonTarget	1	135424
1354.44	n/a	NonTarget	1	135444
1354.63	n/a	NonTarget	1	135463
1354.83	n/a	NonTarget	1	135483
1355.03	n/a	Target	2	135503
1355.23	n/a	NonTarget	1	135523
1355.43	n/a	NonTarget	1	135543
1355.63	n/a	Target	2	135563
1355.83	n/a	NonTarget	1	135583
1356.03	n/a	NonTarget	1	135603
1356.23	n/a	NonTarget	1	135623
1356.43	n/a	NonTarget	1	135643
1356.63	n/a	Target	2	135663
1356.83	n/a	NonTarget	1	135683
1357.03	n/a	NonTarget	1	135703
1357.23	n/a	NonTarget	1	135723
1357.43	n/a	NonTarget	1	135743
1357.63	n/a	NonTarget	1	135763
1357.83	n/a	Target	2	135783
1358.03	n/a	NonTarget	1	135803
1358.23	n/a	NonTarget	1	135823
1358.43	n/a	NonTarget	1	135843
1358.63	n/a	NonTarget	1	135863
1358.83	n/a	Target	2	135883
1359.03	n/a	NonTarget	1	135903
1359.23	n/a	NonTarget	1	135923
1359.43	n/a	NonTarget	1	135943
1359.63	n/a	NonTarget	1	135963
1359.83	n/a	NonTarget	1	135983
1360.03	n/a	NonTarget	1	136003
1360.23	n/a	NonTarget	1	136023
1360.43	n/a	NonTarget	1	136043
1360.63	n/a	NonTarget	1	136063
1360.83	n/a	Target	2	136083
1361.03	n/a	NonTarget	1	136103
1369.86	n/a	NonTarget	1	136986
1370.07	n/a	NonTarget	1	137007
1370.27	n/a	NonTarget	1	137027
1370.47	n/a	NonTarget	1	137047
1370.67	n/a	NonTarget	1	137067
1370.87	n/a	Target	2	137087
1371.07	n/a	NonTarget	1	137107
1371.27	n/a	NonTarget	1	137127
1371.47	n/a	NonTarget	1	137147
1371.67	n/a	Target	2	137167
1371.87	n/a	NonTarget	1	137187
1372.07	n/a	NonTarget	1	137207
1372.27	n/a	NonTarget	1	137227
1372.47	n/a	NonTarget	1	137247
1372.67	n/a	NonTarget	1	137267
1372.87	n/a	NonTarget	1	137287
1373.07	n/a	Target	2	137307
1373.27	n/a	NonTarget	1	137327
1373.47	n/a	NonTarget	1	137347
1373.67	n/a	NonTarget	1	137367
1373.87	n/a	NonTarget	1	137387
1374.07	n/a	Target	2	137407
1374.27	n/a	NonTarget	1	137427
1374.47	n/a	NonTarget	1	137447
1374.67	n/a	Target	2	137467
1374.87	n/a	NonTarget	1	137487
1375.07	n/a	NonTarget	1	137507
1375.27	n/a	NonTarget	1	137527
1375.47	n/a	NonTarget	1	137547
1375.67	n/a	NonTarget	1	137567
1375.87	n/a	NonTarget	1	137587
1376.07	n/a	Target	2	137607
1376.27	n/a	NonTarget	1	137627
1376.47	n/a	NonTarget	1	137647
1376.67	n/a	NonTarget	1	137667
1376.87	n/a	NonTarget	1	137687
1377.07	n/a	NonTarget	1	137707
1377.27	n/a	NonTarget	1	137727
1377.47	n/a	NonTarget	1	137747
1377.67	n/a	NonTarget	1	137767
1377.87	n/a	NonTarget	1	137787
1378.07	n/a	Target	2	137807
1378.27	n/a	NonTarget	1	137827
1378.47	n/a	NonTarget	1	137847
1378.67	n/a	NonTarget	1	137867
1378.87	n/a	Target	2	137887
1379.07	n/a	NonTarget	1	137907
1379.27	n/a	NonTarget	1	137927
1379.47	n/a	Target	2	137947
1379.67	n/a	NonTarget	1	137967
1379.87	n/a	NonTarget	1	137987
1380.07	n/a	NonTarget	1	138007
1380.27	n/a	NonTarget	1	138027
1380.47	n/a	NonTarget	1	138047
1380.67	n/a	Target	2	138067
1380.87	n/a	NonTarget	1	138087
1381.07	n/a	NonTarget	1	138107
1381.28	n/a	NonTarget	1	138128
1381.48	n/a	NonTarget	1	138148
1381.68	n/a	NonTarget	1	138168
1386.13	n/a	Target	2	138613
1386.35	n/a	NonTarget	1	138635
1386.55	n/a	NonTarget	1	138655
1386.75	n/a	NonTarget	1	138675
1386.95	n/a	NonTarget	1	138695
1387.15	n/a	NonTarget	1	138715
1387.35	n/a	NonTarget	1	138735
1387.55	n/a	NonTarget	1	138755
1387.75	n/a	NonTarget	1	138775
1387.95	n/a	NonTarget	1	138795
1388.15	n/a	Target	2	138815
1388.35	n/a	NonTarget	1	138835
1388.55	n/a	NonTarget	1	138855
1388.75	n/a	NonTarget	1	138875
1388.95	n/a	NonTarget	1	138895
1389.14	n/a	Target	2	138914
1389.34	n/a	NonTarget	1	138934
1389.54	n/a	NonTarget	1	138954
1389.74	n/a	NonTarget	1	138974
1389.94	n/a	NonTarget	1	138994
1390.14	n/a	NonTarget	1	139014
1390.34	n/a	NonTarget	1	139034
1390.54	n/a	NonTarget	1	139054
1390.74	n/a	Target	2	139074
1390.94	n/a	NonTarget	1	139094
1391.14	n/a	NonTarget	1	139114
1391.34	n/a	Target	2	139134
1391.54	n/a	NonTarget	1	139154
1391.74	n/a	NonTarget	1	139174
1391.94	n/a	NonTarget	1	139194
1392.14	n/a	Target	2	139214
1392.34	n/a	NonTarget	1	139234
1392.54	n/a	NonTarget	1	139254
1392.74	n/a	NonTarget	1	139274
1392.94	n/a	NonTarget	1	139294
1393.14	n/a	NonTarget	1	139314
1393.34	n/a	Target	2	139334
1393.54	n/a	NonTarget	1	139354
1393.74	n/a	NonTarget	1	139374
1393.94	n/a	NonTarget	1	139394
1394.14	n/a	NonTarget	1	139414
1394.34	n/a	NonTarget	1	139434
1394.54	n/a	NonTarget	1	139454
1394.74	n/a	NonTarget	1	139474
1394.94	n/a	Target	2	139494
1395.14	n/a	NonTarget	1	139514
1395.34	n/a	NonTarget	1	139534
1395.54	n/a	NonTarget	1	139554
1395.74	n/a	Target	2	139574
1395.94	n/a	NonTarget	1	139594
1396.14	n/a	NonTarget	1	139614
1396.34	n/a	NonTarget	1	139634
1396.54	n/a	NonTarget	1	139654
1396.74	n/a	NonTarget	1	139674
1396.94	n/a	NonTarget	1	139694
1397.14	n/a	Target	2	139714
1397.34	n/a	NonTarget	1	139734
1397.54	n/a	NonTarget	1	139754
1397.74	n/a	NonTarget	1	139774
1397.94	n/a	NonTarget	1	139794
1405.76	n/a	NonTarget	1	140576
1405.97	n/a	NonTarget	1	140597
1406.17	n/a	NonTarget	1	140617
1406.37	n/a	Target	2	140637
1406.57	n/a	NonTarget	1	140657
1406.77	n/a	NonTarget	1	140677
1406.97	n/a	NonTarget	1	140697
1407.17	n/a	NonTarget	1	140717
1407.37	n/a	NonTarget	1	140737
1407.57	n/a	NonTarget	1	140757
1407.77	n/a	NonTarget	1	140777
1407.97	n/a	Target	2	140797
1408.17	n/a	NonTarget	1	140817
1408.37	n/a	NonTarget	1	140837
1408.57	n/a	NonTarget	1	140857
1408.77	n/a	NonTarget	1	140877
1408.97	n/a	NonTarget	1	140897
1409.17	n/a	Target	2	140917
1409.37	n/a	NonTarget	1	140937
1409.57	n/a	NonTarget	1	140957
1409.77	n/a	Target	2	140977
1409.97	n/a	NonTarget	1	140997
1410.17	n/a	NonTarget	1	141017
1410.37	n/a	NonTarget	1	141037
1410.57	n/a	NonTarget	1	141057
1410.77	n/a	NonTarget	1	141077
1410.97	n/a	Target	2	141097
1411.17	n/a	NonTarget	1	141117
1411.37	n/a	NonTarget	1	141137
1411.57	n/a	NonTarget	1	141157
1411.77	n/a	NonTarget	1	141177
1411.97	n/a	Target	2	141197
1412.17	n/a	NonTarget	1	141217
1412.37	n/a	NonTarget	1	141237
1412.57	n/a	NonTarget	1	141257
1412.77	n/a	NonTarget	1	141277
1412.97	n/a	NonTarget	1	141297
1413.17	n/a	NonTarget	1	141317
1413.37	n/a	Target	2	141337
1413.57	n/a	NonTarget	1	141357
1413.77	n/a	NonTarget	1	141377
1413.97	n/a	NonTarget	1	141397
1414.17	n/a	Target	2	141417
1414.37	n/a	NonTarget	1	141437
1414.57	n/a	NonTarget	1	141457
1414.77	n/a	NonTarget	1	141477
1414.97	n/a	NonTarget	1	141497
1415.17	n/a	NonTarget	1	141517
1415.37	n/a	NonTarget	1	141537
1415.57	n/a	NonTarget	1	141557
1415.77	n/a	Target	2	141577
1415.97	n/a	NonTarget	1	141597
1416.17	n/a	NonTarget	1	141617
1416.37	n/a	NonTarget	1	141637
1416.57	n/a	NonTarget	1	141657
1416.77	n/a	NonTarget	1	141677
1416.97	n/a	NonTarget	1	141697
1417.17	n/a	NonTarget	1	141717
1417.37	n/a	NonTarget	1	141737
1417.57	n/a	Target	2	141757
1422.01	n/a	NonTarget	1	142201
1422.23	n/a	NonTarget	1	142223
1422.43	n/a	NonTarget	1	142243
1422.63	n/a	Target	2	142263
1422.83	n/a	NonTarget	1	142283
1423.03	n/a	NonTarget	1	142303
1423.23	n/a	NonTarget	1	142323
1423.43	n/a	NonTarget	1	142343
1423.63	n/a	Target	2	142363
1423.83	n/a	NonTarget	1	142383
1424.03	n/a	NonTarget	1	142403
1424.23	n/a	NonTarget	1	142423
1424.43	n/a	NonTarget	1	142443
1424.63	n/a	NonTarget	1	142463
1424.83	n/a	Target	2	142483
1425.03	n/a	NonTarget	1	142503
1425.23	n/a	NonTarget	1	142523
1425.43	n/a	NonTarget	1	142543
1425.63	n/a	NonTarget	1	142563
1425.83	n/a	Target	2	142583
1426.03	n/a	NonTarget	1	142603
1426.23	n/a	NonTarget	1	142623
1426.43	n/a	NonTarget	1	142643
1426.63	n/a	NonTarget	1	142663
1426.83	n/a	Target	2	142683
1427.03	n/a	NonTarget	1	142703
1427.23	n/a	NonTarget	1	142723
1427.43	n/a	NonTarget	1	142743
1427.63	n/a	NonTarget	1	142763
1427.83	n/a	NonTarget	1	142783
1428.03	n/a	NonTarget	1	142803
1428.23	n/a	NonTarget	1	142823
1428.43	n/a	NonTarget	1	142843
1428.63	n/a	NonTarget	1	142863
1428.83	n/a	NonTarget	1	142883
1429.03	n/a	Target	2	142903
1429.23	n/a	NonTarget	1	142923
1429.43	n/a	NonTarget	1	142943
1429.63	n/a	Target	2	142963
1429.83	n/a	NonTarget	1	142983
1430.03	n/a	NonTarget	1	143003
1430.23	n/a	NonTarget	1	143023
1430.43	n/a	NonTarget	1	143043
1430.63	n/a	NonTarget	1	143063
1430.83	n/a	Target	2	143083
1431.03	n/a	NonTarget	1	143103
1431.23	n/a	NonTarget	1	143123
1431.43	n/a	NonTarget	1	143143
1431.63	n/a	Target	2	143163
1431.83	n/a	NonTarget	1	143183
1432.03	n/a	NonTarget	1	143203
1432.23	n/a	NonTarget	1	143223
1432.43	n/a	NonTarget	1	143243
1432.63	n/a	NonTarget	1	143263
1432.83	n/a	Target	2	143283
1433.03	n/a	NonTarget	1	143303
1433.23	n/a	NonTarget	1	143323
1433.43	n/a	NonTarget	1	143343
1433.63	n/a	NonTarget	1	143363
1433.83	n/a	NonTarget	1	143383
1441.65	n/a	NonTarget	1	144165
1441.86	n/a	NonTarget	1	144186
1442.06	n/a	NonTarget	1	144206
1442.26	n/a	NonTarget	1	144226
1442.46	n/a	NonTarget	1	144246
1442.66	n/a	Target	2	144266
1442.86	n/a	NonTarget	1	144286
1443.06	n/a	NonTarget	1	144306
1443.26	n/a	Target	2	144326
1443.46	n/a	NonTarget	1	144346
1443.66	n/a	NonTarget	1	144366
1443.86	n/a	NonTarget	1	144386
1444.06	n/a	Target	2	144406
1444.26	n/a	NonTarget	1	144426
1444.46	n/a	NonTarget	1	144446
1444.66	n/a	NonTarget	1	144466
1444.86	n/a	NonTarget	1	144486
1445.06	n/a	NonTarget	1	144506
1445.25	n/a	Target	2	144525
1445.46	n/a	NonTarget	1	144546
1445.65	n/a	NonTarget	1	144565
1445.85	n/a	NonTarget	1	144585
1446.05	n/a	NonTarget	1	144605
1446.25	n/a	NonTarget	1	144625
1446.45	n/a	Target	2	144645
1446.65	n/a	NonTarget	1	144665
1446.85	n/a	NonTarget	1	144685
1447.05	n/a	NonTarget	1	144705
1447.25	n/a	NonTarget	1	144725
1447.45	n/a	NonTarget	1	144745
1447.65	n/a	NonTarget	1	144765
1447.85	n/a	NonTarget	1	144785
1448.05	n/a	NonTarget	1	144805
1448.25	n/a	NonTarget	1	144825
1448.45	n/a	Target	2	144845
1448.65	n/a	NonTarget	1	144865
1448.85	n/a	NonTarget	1	144885
1449.05	n/a	NonTarget	1	144905
1449.25	n/a	NonTarget	1	144925
1449.45	n/a	Target	2	144945
1449.65	n/a	NonTarget	1	144965
1449.85	n/a	NonTarget	1	144985
1450.05	n/a	NonTarget	1	145005
1450.25	n/a	NonTarget	1	145025
1450.45	n/a	NonTarget	1	145045
1450.65	n/a	NonTarget	1	145065
1450.85	n/a	Target	2	145085
1451.05	n/a	NonTarget	1	145105
1451.25	n/a	NonTarget	1	145125
1451.45	n/a	Target	2	145145
1451.65	n/a	NonTarget	1	145165
1451.85	n/a	NonTarget	1	145185
1452.05	n/a	NonTarget	1	145205
1452.25	n/a	NonTarget	1	145225
1452.45	n/a	NonTarget	1	145245
1452.65	n/a	NonTarget	1	145265
1452.85	n/a	NonTarget	1	145285
1453.05	n/a	NonTarget	1	145305
1453.25	n/a	Target	2	145325
1453.45	n/a	NonTarget	1	145345
1457.9	n/a	Target	2	145790
1458.12	n/a	NonTarget	1	145812
1458.32	n/a	NonTarget	1	145832
1458.52	n/a	NonTarget	1	145852
1458.72	n/a	NonTarget	1	145872
1458.92	n/a	NonTarget	1	145892
1459.12	n/a	NonTarget	1	145912
1459.32	n/a	NonTarget	1	145932
1459.52	n/a	NonTarget	1	145952
1459.72	n/a	Target	2	145972
1459.92	n/a	NonTarget	1	145992
1460.12	n/a	NonTarget	1	146012
1460.32	n/a	NonTarget	1	146032
1460.52	n/a	NonTarget	1	146052
1460.72	n/a	Target	2	146072
1460.92	n/a	NonTarget	1	146092
1461.12	n/a	NonTarget	1	146112
1461.32	n/a	NonTarget	1	146132
1461.51	n/a	NonTarget	1	146151
1461.72	n/a	Target	2	146172
1461.91	n/a	NonTarget	1	146191
1462.11	n/a	NonTarget	1	146211
1462.31	n/a	NonTarget	1	146231
1462.51	n/a	NonTarget	1	146251
1462.71	n/a	NonTarget	1	146271
1462.91	n/a	Target	2	146291
1463.11	n/a	NonTarget	1	146311
1463.31	n/a	NonTarget	1	146331
1463.51	n/a	NonTarget	1	146351
1463.71	n/a	NonTarget	1	146371
1463.91	n/a	NonTarget	1	146391
1464.11	n/a	NonTarget	1	146411
1464.31	n/a	NonTarget	1	146431
1464.51	n/a	NonTarget	1	146451
1464.71	n/a	Target	2	146471
1464.91	n/a	NonTarget	1	146491
1465.11	n/a	NonTarget	1	146511
1465.31	n/a	NonTarget	1	146531
1465.51	n/a	NonTarget	1	146551
1465.71	n/a	NonTarget	1	146571
1465.91	n/a	NonTarget	1	146591
1466.11	n/a	Target	2	146611
1466.31	n/a	NonTarget	1	146631
1466.51	n/a	NonTarget	1	146651
1466.71	n/a	NonTarget	1	146671
1466.91	n/a	NonTarget	1	146691
1467.11	n/a	Target	2	146711
1467.31	n/a	NonTarget	1	146731
1467.51	n/a	NonTarget	1	146751
1467.71	n/a	NonTarget	1	146771
1467.91	n/a	NonTarget	1	146791
1468.11	n/a	NonTarget	1	146811
1468.31	n/a	NonTarget	1	146831
1468.51	n/a	Target	2	146851
1468.71	n/a	NonTarget	1	146871
1468.91	n/a	NonTarget	1	146891
1469.11	n/a	Target	2	146911
1469.31	n/a	NonTarget	1	146931
1469.51	n/a	NonTarget	1	146951
1469.71	n/a	NonTarget	1	146971
1477.53	n/a	NonTarget	1	147753
1477.74	n/a	Target	2	147774
1477.94	n/a	NonTarget	1	147794
1478.14	n/a	NonTarget	1	147814
1478.34	n/a	NonTarget	1	147834
1478.54	n/a	NonTarget	1	147854
1478.74	n/a	Target	2	147874
1478.94	n/a	NonTarget	1	147894
1479.14	n/a	NonTarget	1	147914
1479.34	n/a	NonTarget	1	147934
1479.54	n/a	NonTarget	1	147954
1479.74	n/a	NonTarget	1	147974
1479.94	n/a	NonTarget	1	147994
1480.14	n/a	NonTarget	1	148014
1480.34	n/a	NonTarget	1	148034
1480.54	n/a	NonTarget	1	148054
1480.74	n/a	NonTarget	1	148074
1480.94	n/a	Target	2	148094
1481.14	n/a	NonTarget	1	148114
1481.34	n/a	NonTarget	1	148134
1481.54	n/a	NonTarget	1	148154
1481.74	n/a	NonTarget	1	148174
1481.94	n/a	Target	2	148194
1482.14	n/a	NonTarget	1	148214
1482.34	n/a	NonTarget	1	148234
1482.54	n/a	NonTarget	1	148254
1482.74	n/a	NonTarget	1	148274
1482.94	n/a	Target	2	148294
1483.14	n/a	NonTarget	1	148314
1483.34	n/a	NonTarget	1	148334
1483.54	n/a	NonTarget	1	148354
1483.74	n/a	Target	2	148374
1483.94	n/a	NonTarget	1	148394
1484.14	n/a	NonTarget	1	148414
1484.34	n/a	NonTarget	1	148434
1484.54	n/a	NonTarget	1	148454
1484.74	n/a	NonTarget	1	148474
1484.94	n/a	NonTarget	1	148494
1485.14	n/a	NonTarget	1	148514
1485.34	n/a	NonTarget	1	148534
1485.54	n/a	Target	2	148554
1485.74	n/a	NonTarget	1	148574
1485.94	n/a	NonTarget	1	148594
1486.14	n/a	Target	2	148614
1486.34	n/a	NonTarget	1	148634
1486.54	n/a	NonTarget	1	148654
1486.74	n/a	NonTarget	1	148674
1486.94	n/a	NonTarget	1	148694
1487.14	n/a	NonTarget	1	148714
1487.34	n/a	Target	2	148734
1487.54	n/a	NonTarget	1	148754
1487.74	n/a	NonTarget	1	148774
1487.94	n/a	NonTarget	1	148794
1488.14	n/a	NonTarget	1	148814
1488.34	n/a	NonTarget	1	148834
1488.54	n/a	NonTarget	1	148854
1488.74	n/a	NonTarget	1	148874
1488.94	n/a	NonTarget	1	148894
1489.14	n/a	NonTarget	1	148914
1489.34	n/a	Target	2	148934
1493.79	n/a	NonTarget	1	149379
1494.0	n/a	NonTarget	1	149400
1494.2	n/a	NonTarget	1	149420
1494.4	n/a	NonTarget	1	149440
1494.6	n/a	NonTarget	1	149460
1494.8	n/a	Target	2	149480
1495.0	n/a	NonTarget	1	149500
1495.2	n/a	NonTarget	1	149520
1495.4	n/a	Target	2	149540
1495.6	n/a	NonTarget	1	149560
1495.8	n/a	NonTarget	1	149580
1496.0	n/a	NonTarget	1	149600
1496.2	n/a	NonTarget	1	149620
1496.4	n/a	NonTarget	1	149640
1496.6	n/a	NonTarget	1	149660
1496.8	n/a	NonTarget	1	149680
1497.0	n/a	NonTarget	1	149700
1497.2	n/a	Target	2	149720
1497.4	n/a	NonTarget	1	149740
1497.6	n/a	NonTarget	1	149760
1497.8	n/a	NonTarget	1	149780
1498.0	n/a	NonTarget	1	149800
1498.2	n/a	NonTarget	1	149820
1498.4	n/a	Target	2	149840
1498.6	n/a	NonTarget	1	149860
1498.8	n/a	NonTarget	1	149880
1499.0	n/a	NonTarget	1	149900
1499.2	n/a	NonTarget	1	149920
1499.4	n/a	NonTarget	1	149940
1499.6	n/a	Target	2	149960
1499.8	n/a	NonTarget	1	149980
1500.0	n/a	NonTarget	1	150000
1500.2	n/a	NonTarget	1	150020
1500.4	n/a	Target	2	150040
1500.6	n/a	NonTarget	1	150060
1500.8	n/a	NonTarget	1	150080
1501.0	n/a	Target	2	150100
1501.2	n/a	NonTarget	1	150120
1501.4	n/a	NonTarget	1	150140
1501.6	n/a	NonTarget	1	150160
1501.8	n/a	NonTarget	1	150180
1502.0	n/a	NonTarget	1	150200
1502.2	n/a	NonTarget	1	150220
1502.4	n/a	NonTarget	1	150240
1502.6	n/a	Target	2	150260
1502.8	n/a	NonTarget	1	150280
1503.0	n/a	NonTarget	1	150300
1503.2	n/a	NonTarget	1	150320
1503.4	n/a	Target	2	150340
1503.6	n/a	NonTarget	1	150360
1503.8	n/a	NonTarget	1	150380
1504.0	n/a	NonTarget	1	150400
1504.2	n/a	NonTarget	1	150420
1504.4	n/a	NonTarget	1	150440
1504.6	n/a	NonTarget	1	150460
1504.8	n/a	NonTarget	1	150480
1505.0	n/a	Target	2	150500
1505.2	n/a	NonTarget	1	150520
1505.4	n/a	NonTarget	1	150540
1505.6	n/a	NonTarget	1	150560
1513.42	n/a	NonTarget	1	151342
1513.63	n/a	NonTarget	1	151363
1513.83	n/a	Target	2	151383
1514.03	n/a	NonTarget	1	151403
1514.23	n/a	NonTarget	1	151423
1514.43	n/a	NonTarget	1	151443
1514.63	n/a	NonTarget	1	151463
1514.83	n/a	NonTarget	1	151483
1515.03	n/a	NonTarget	1	151503
1515.23	n/a	NonTarget	1	151523
1515.43	n/a	Target	2	151543
1515.63	n/a	NonTarget	1	151563
1515.83	n/a	NonTarget	1	151583
1516.03	n/a	Target	2	151603
1516.23	n/a	NonTarget	1	151623
1516.43	n/a	NonTarget	1	151643
1516.63	n/a	NonTarget	1	151663
1516.83	n/a	NonTarget	1	151683
1517.03	n/a	Target	2	151703
1517.23	n/a	NonTarget	1	151723
1517.43	n/a	NonTarget	1	151743
1517.63	n/a	NonTarget	1	151763
1517.83	n/a	NonTarget	1	151783
1518.03	n/a	NonTarget	1	151803
1518.22	n/a	NonTarget	1	151822
1518.42	n/a	Target	2	151842
1518.62	n/a	NonTarget	1	151862
1518.82	n/a	NonTarget	1	151882
1519.02	n/a	NonTarget	1	151902
1519.22	n/a	NonTarget	1	151922
1519.42	n/a	NonTarget	1	151942
1519.62	n/a	Target	2	151962
1519.82	n/a	NonTarget	1	151982
1520.02	n/a	NonTarget	1	152002
1520.22	n/a	NonTarget	1	152022
1520.42	n/a	NonTarget	1	152042
1520.62	n/a	Target	2	152062
1520.82	n/a	NonTarget	1	152082
1521.02	n/a	NonTarget	1	152102
1521.22	n/a	NonTarget	1	152122
1521.42	n/a	NonTarget	1	152142
1521.62	n/a	NonTarget	1	152162
1521.82	n/a	Target	2	152182
1522.02	n/a	NonTarget	1	152202
1522.22	n/a	NonTarget	1	152222
1522.42	n/a	NonTarget	1	152242
1522.62	n/a	NonTarget	1	152262
1522.82	n/a	NonTarget	1	152282
1523.02	n/a	NonTarget	1	152302
1523.22	n/a	NonTarget	1	152322
1523.42	n/a	NonTarget	1	152342
1523.62	n/a	Target	2	152362
1523.82	n/a	NonTarget	1	152382
1524.02	n/a	NonTarget	1	152402
1524.22	n/a	NonTarget	1	152422
1524.42	n/a	NonTarget	1	152442
1524.62	n/a	NonTarget	1	152462
1524.82	n/a	NonTarget	1	152482
1525.02	n/a	NonTarget	1	152502
1525.22	n/a	Target	2	152522
1529.67	n/a	NonTarget	1	152967
1529.89	n/a	NonTarget	1	152989
1530.09	n/a	Target	2	153009
1530.29	n/a	NonTarget	1	153029
1530.49	n/a	NonTarget	1	153049
1530.69	n/a	NonTarget	1	153069
1530.89	n/a	NonTarget	1	153089
1531.09	n/a	NonTarget	1	153109
1531.29	n/a	NonTarget	1	153129
1531.49	n/a	NonTarget	1	153149
1531.69	n/a	Target	2	153169
1531.89	n/a	NonTarget	1	153189
1532.09	n/a	NonTarget	1	153209
1532.29	n/a	NonTarget	1	153229
1532.49	n/a	NonTarget	1	153249
1532.69	n/a	NonTarget	1	153269
1532.89	n/a	Target	2	153289
1533.09	n/a	NonTarget	1	153309
1533.29	n/a	NonTarget	1	153329
1533.49	n/a	Target	2	153349
1533.69	n/a	NonTarget	1	153369
1533.89	n/a	NonTarget	1	153389
1534.09	n/a	NonTarget	1	153409
1534.28	n/a	NonTarget	1	153428
1534.48	n/a	NonTarget	1	153448
1534.69	n/a	NonTarget	1	153469
1534.88	n/a	NonTarget	1	153488
1535.08	n/a	NonTarget	1	153508
1535.28	n/a	NonTarget	1	153528
1535.48	n/a	Target	2	153548
1535.68	n/a	NonTarget	1	153568
1535.88	n/a	NonTarget	1	153588
1536.08	n/a	Target	2	153608
1536.28	n/a	NonTarget	1	153628
1536.48	n/a	NonTarget	1	153648
1536.68	n/a	NonTarget	1	153668
1536.88	n/a	NonTarget	1	153688
1537.08	n/a	NonTarget	1	153708
1537.28	n/a	Target	2	153728
1537.48	n/a	NonTarget	1	153748
1537.68	n/a	NonTarget	1	153768
1537.88	n/a	NonTarget	1	153788
1538.08	n/a	NonTarget	1	153808
1538.28	n/a	NonTarget	1	153828
1538.48	n/a	NonTarget	1	153848
1538.68	n/a	Target	2	153868
1538.88	n/a	NonTarget	1	153888
1539.08	n/a	NonTarget	1	153908
1539.28	n/a	Target	2	153928
1539.48	n/a	NonTarget	1	153948
1539.68	n/a	NonTarget	1	153968
1539.88	n/a	NonTarget	1	153988
1540.08	n/a	NonTarget	1	154008
1540.28	n/a	NonTarget	1	154028
1540.48	n/a	NonTarget	1	154048
1540.68	n/a	NonTarget	1	154068
1540.88	n/a	Target	2	154088
1541.08	n/a	NonTarget	1	154108
1541.28	n/a	NonTarget	1	154128
1541.48	n/a	NonTarget	1	154148
1549.3	n/a	NonTarget	1	154930
1549.51	n/a	NonTarget	1	154951
1549.71	n/a	Target	2	154971
1549.91	n/a	NonTarget	1	154991
1550.11	n/a	NonTarget	1	155011
1550.31	n/a	NonTarget	1	155031
1550.51	n/a	NonTarget	1	155051
1550.71	n/a	NonTarget	1	155071
1550.91	n/a	NonTarget	1	155091
1551.11	n/a	NonTarget	1	155111
1551.31	n/a	NonTarget	1	155131
1551.51	n/a	Target	2	155151
1551.71	n/a	NonTarget	1	155171
1551.91	n/a	NonTarget	1	155191
1552.11	n/a	NonTarget	1	155211
1552.31	n/a	NonTarget	1	155231
1552.51	n/a	NonTarget	1	155251
1552.71	n/a	Target	2	155271
1552.91	n/a	NonTarget	1	155291
1553.11	n/a	NonTarget	1	155311
1553.31	n/a	NonTarget	1	155331
1553.51	n/a	NonTarget	1	155351
1553.71	n/a	NonTarget	1	155371
1553.91	n/a	Target	2	155391
1554.11	n/a	NonTarget	1	155411
1554.31	n/a	NonTarget	1	155431
1554.51	n/a	Target	2	155451
1554.71	n/a	NonTarget	1	155471
1554.91	n/a	NonTarget	1	155491
1555.11	n/a	NonTarget	1	155511
1555.31	n/a	NonTarget	1	155531
1555.51	n/a	NonTarget	1	155551
1555.71	n/a	Target	2	155571
1555.91	n/a	NonTarget	1	155591
1556.11	n/a	NonTarget	1	155611
1556.31	n/a	NonTarget	1	155631
1556.51	n/a	Target	2	155651
1556.71	n/a	NonTarget	1	155671
1556.91	n/a	NonTarget	1	155691
1557.11	n/a	NonTarget	1	155711
1557.31	n/a	NonTarget	1	155731
1557.51	n/a	NonTarget	1	155751
1557.71	n/a	Target	2	155771
1557.91	n/a	NonTarget	1	155791
1558.11	n/a	NonTarget	1	155811
1558.31	n/a	NonTarget	1	155831
1558.51	n/a	NonTarget	1	155851
1558.71	n/a	NonTarget	1	155871
1558.91	n/a	NonTarget	1	155891
1559.11	n/a	NonTarget	1	155911
1559.31	n/a	NonTarget	1	155931
1559.51	n/a	NonTarget	1	155951
1559.71	n/a	NonTarget	1	155971
1559.91	n/a	Target	2	155991
1560.11	n/a	NonTarget	1	156011
1560.31	n/a	NonTarget	1	156031
1560.51	n/a	NonTarget	1	156051
1560.71	n/a	NonTarget	1	156071
1560.91	n/a	NonTarget	1	156091
1561.11	n/a	Target	2	156111
1565.56	n/a	NonTarget	1	156556
1565.77	n/a	Target	2	156577
1565.97	n/a	NonTarget	1	156597
1566.17	n/a	NonTarget	1	156617
1566.37	n/a	NonTarget	1	156637
1566.57	n/a	NonTarget	1	156657
1566.77	n/a	NonTarget	1	156677
1566.97	n/a	NonTarget	1	156697
1567.17	n/a	Target	2	156717
1567.37	n/a	NonTarget	1	156737
1567.57	n/a	NonTarget	1	156757
1567.77	n/a	NonTarget	1	156777
1567.97	n/a	NonTarget	1	156797
1568.17	n/a	NonTarget	1	156817
1568.37	n/a	NonTarget	1	156837
1568.57	n/a	NonTarget	1	156857
1568.77	n/a	Target	2	156877
1568.97	n/a	NonTarget	1	156897
1569.17	n/a	NonTarget	1	156917
1569.37	n/a	NonTarget	1	156937
1569.57	n/a	NonTarget	1	156957
1569.77	n/a	NonTarget	1	156977
1569.97	n/a	NonTarget	1	156997
1570.17	n/a	Target	2	157017
1570.37	n/a	NonTarget	1	157037
1570.57	n/a	NonTarget	1	157057
1570.77	n/a	NonTarget	1	157077
1570.97	n/a	NonTarget	1	157097
1571.17	n/a	NonTarget	1	157117
1571.37	n/a	Target	2	157137
1571.57	n/a	NonTarget	1	157157
1571.77	n/a	NonTarget	1	157177
1571.97	n/a	NonTarget	1	157197
1572.17	n/a	NonTarget	1	157217
1572.37	n/a	Target	2	157237
1572.57	n/a	NonTarget	1	157257
1572.77	n/a	NonTarget	1	157277
1572.97	n/a	NonTarget	1	157297
1573.17	n/a	NonTarget	1	157317
1573.37	n/a	NonTarget	1	157337
1573.57	n/a	NonTarget	1	157357
1573.77	n/a	Target	2	157377
1573.97	n/a	NonTarget	1	157397
1574.17	n/a	NonTarget	1	157417
1574.37	n/a	NonTarget	1	157437
1574.57	n/a	Target	2	157457
1574.77	n/a	NonTarget	1	157477
1574.97	n/a	NonTarget	1	157497
1575.17	n/a	NonTarget	1	157517
1575.37	n/a	NonTarget	1	157537
1575.57	n/a	Target	2	157557
1575.77	n/a	NonTarget	1	157577
1575.97	n/a	NonTarget	1	157597
1576.17	n/a	NonTarget	1	157617
1576.37	n/a	NonTarget	1	157637
1576.57	n/a	NonTarget	1	157657
1576.77	n/a	NonTarget	1	157677
1576.97	n/a	Target	2	157697
1577.17	n/a	NonTarget	1	157717
1577.37	n/a	NonTarget	1	157737
1585.19	n/a	NonTarget	1	158519
1585.4	n/a	NonTarget	1	158540
1585.6	n/a	NonTarget	1	158560
1585.8	n/a	NonTarget	1	158580
1586.0	n/a	Target	2	158600
1586.2	n/a	NonTarget	1	158620
1586.4	n/a	NonTarget	1	158640
1586.6	n/a	Target	2	158660
1586.8	n/a	NonTarget	1	158680
1587.0	n/a	NonTarget	1	158700
1587.2	n/a	NonTarget	1	158720
1587.4	n/a	NonTarget	1	158740
1587.6	n/a	Target	2	158760
1587.8	n/a	NonTarget	1	158780
1588.0	n/a	NonTarget	1	158800
1588.2	n/a	NonTarget	1	158820
1588.4	n/a	NonTarget	1	158840
1588.6	n/a	NonTarget	1	158860
1588.8	n/a	NonTarget	1	158880
1589.0	n/a	NonTarget	1	158900
1589.2	n/a	NonTarget	1	158920
1589.4	n/a	NonTarget	1	158940
1589.6	n/a	Target	2	158960
1589.8	n/a	NonTarget	1	158980
1590.0	n/a	NonTarget	1	159000
1590.2	n/a	NonTarget	1	159020
1590.4	n/a	NonTarget	1	159040
1590.6	n/a	NonTarget	1	159060
1590.79	n/a	NonTarget	1	159079
1590.99	n/a	Target	2	159099
1591.19	n/a	NonTarget	1	159119
1591.39	n/a	NonTarget	1	159139
1591.59	n/a	NonTarget	1	159159
1591.79	n/a	NonTarget	1	159179
1591.99	n/a	NonTarget	1	159199
1592.19	n/a	Target	2	159219
1592.39	n/a	NonTarget	1	159239
1592.59	n/a	NonTarget	1	159259
1592.79	n/a	Target	2	159279
1592.99	n/a	NonTarget	1	159299
1593.19	n/a	NonTarget	1	159319
1593.39	n/a	NonTarget	1	159339
1593.59	n/a	Target	2	159359
1593.79	n/a	NonTarget	1	159379
1593.99	n/a	NonTarget	1	159399
1594.19	n/a	NonTarget	1	159419
1594.39	n/a	NonTarget	1	159439
1594.59	n/a	NonTarget	1	159459
1594.79	n/a	Target	2	159479
1594.99	n/a	NonTarget	1	159499
1595.19	n/a	NonTarget	1	159519
1595.39	n/a	NonTarget	1	159539
1595.59	n/a	NonTarget	1	159559
1595.79	n/a	NonTarget	1	159579
1595.99	n/a	NonTarget	1	159599
1596.19	n/a	Target	2	159619
1596.39	n/a	NonTarget	1	159639
1596.59	n/a	NonTarget	1	159659
1596.79	n/a	NonTarget	1	159679
1596.99	n/a	NonTarget	1	159699
1601.44	n/a	NonTarget	1	160144
1601.66	n/a	NonTarget	1	160166
1601.86	n/a	NonTarget	1	160186
1602.06	n/a	NonTarget	1	160206
1602.26	n/a	Target	2	160226
1602.46	n/a	NonTarget	1	160246
1602.66	n/a	NonTarget	1	160266
1602.86	n/a	NonTarget	1	160286
1603.06	n/a	NonTarget	1	160306
1603.26	n/a	NonTarget	1	160326
1603.46	n/a	NonTarget	1	160346
1603.66	n/a	Target	2	160366
1603.86	n/a	NonTarget	1	160386
1604.06	n/a	NonTarget	1	160406
1604.26	n/a	NonTarget	1	160426
1604.46	n/a	NonTarget	1	160446
1604.66	n/a	NonTarget	1	160466
1604.86	n/a	Target	2	160486
1605.06	n/a	NonTarget	1	160506
1605.26	n/a	NonTarget	1	160526
1605.46	n/a	NonTarget	1	160546
1605.66	n/a	NonTarget	1	160566
1605.86	n/a	Target	2	160586
1606.06	n/a	NonTarget	1	160606
1606.26	n/a	NonTarget	1	160626
1606.46	n/a	NonTarget	1	160646
1606.66	n/a	NonTarget	1	160666
1606.86	n/a	NonTarget	1	160686
1607.05	n/a	NonTarget	1	160705
1607.25	n/a	Target	2	160725
1607.45	n/a	NonTarget	1	160745
1607.65	n/a	NonTarget	1	160765
1607.85	n/a	NonTarget	1	160785
1608.05	n/a	Target	2	160805
1608.25	n/a	NonTarget	1	160825
1608.45	n/a	NonTarget	1	160845
1608.65	n/a	NonTarget	1	160865
1608.85	n/a	NonTarget	1	160885
1609.05	n/a	NonTarget	1	160905
1609.25	n/a	Target	2	160925
1609.45	n/a	NonTarget	1	160945
1609.65	n/a	NonTarget	1	160965
1609.85	n/a	NonTarget	1	160985
1610.05	n/a	NonTarget	1	161005
1610.25	n/a	NonTarget	1	161025
1610.45	n/a	NonTarget	1	161045
1610.65	n/a	NonTarget	1	161065
1610.85	n/a	Target	2	161085
1611.05	n/a	NonTarget	1	161105
1611.25	n/a	NonTarget	1	161125
1611.45	n/a	Target	2	161145
1611.65	n/a	NonTarget	1	161165
1611.85	n/a	NonTarget	1	161185
1612.05	n/a	NonTarget	1	161205
1612.25	n/a	Target	2	161225
1612.45	n/a	NonTarget	1	161245
1612.65	n/a	NonTarget	1	161265
1612.85	n/a	NonTarget	1	161285
1613.05	n/a	NonTarget	1	161305
1613.25	n/a	NonTarget	1	161325
1621.07	n/a	NonTarget	1	162107
1621.28	n/a	NonTarget	1	162128
1621.48	n/a	NonTarget	1	162148
1621.68	n/a	Target	2	162168
1621.88	n/a	NonTarget	1	162188
1622.08	n/a	NonTarget	1	162208
1622.28	n/a	Target	2	162228
1622.48	n/a	NonTarget	1	162248
1622.68	n/a	NonTarget	1	162268
1622.88	n/a	NonTarget	1	162288
1623.08	n/a	NonTarget	1	162308
1623.28	n/a	NonTarget	1	162328
1623.48	n/a	Target	2	162348
1623.68	n/a	NonTarget	1	162368
1623.88	n/a	NonTarget	1	162388
1624.08	n/a	NonTarget	1	162408
1624.28	n/a	NonTarget	1	162428
1624.48	n/a	NonTarget	1	162448
1624.68	n/a	NonTarget	1	162468
1624.88	n/a	NonTarget	1	162488
1625.08	n/a	NonTarget	1	162508
1625.28	n/a	Target	2	162528
1625.48	n/a	NonTarget	1	162548
1625.68	n/a	NonTarget	1	162568
1625.88	n/a	NonTarget	1	162588
1626.08	n/a	NonTarget	1	162608
1626.28	n/a	NonTarget	1	162628
1626.48	n/a	NonTarget	1	162648
1626.68	n/a	NonTarget	1	162668
1626.88	n/a	Target	2	162688
1627.08	n/a	NonTarget	1	162708
1627.28	n/a	NonTarget	1	162728
1627.48	n/a	NonTarget	1	162748
1627.68	n/a	NonTarget	1	162768
1627.88	n/a	NonTarget	1	162788
1628.08	n/a	Target	2	162808
1628.28	n/a	NonTarget	1	162828
1628.48	n/a	NonTarget	1	162848
1628.68	n/a	Target	2	162868
1628.88	n/a	NonTarget	1	162888
1629.08	n/a	NonTarget	1	162908
1629.28	n/a	NonTarget	1	162928
1629.48	n/a	NonTarget	1	162948
1629.68	n/a	NonTarget	1	162968
1629.88	n/a	NonTarget	1	162988
1630.08	n/a	NonTarget	1	163008
1630.28	n/a	Target	2	163028
1630.48	n/a	NonTarget	1	163048
1630.68	n/a	NonTarget	1	163068
1630.88	n/a	NonTarget	1	163088
1631.08	n/a	NonTarget	1	163108
1631.28	n/a	NonTarget	1	163128
1631.48	n/a	NonTarget	1	163148
1631.68	n/a	Target	2	163168
1631.88	n/a	NonTarget	1	163188
1632.08	n/a	NonTarget	1	163208
1632.28	n/a	NonTarget	1	163228
1632.48	n/a	NonTarget	1	163248
1632.68	n/a	NonTarget	1	163268
1632.88	n/a	Target	2	163288
1637.33	n/a	NonTarget	1	163733
1637.54	n/a	NonTarget	1	163754
1637.74	n/a	Target	2	163774
1637.94	n/a	NonTarget	1	163794
1638.14	n/a	NonTarget	1	163814
1638.34	n/a	NonTarget	1	163834
1638.54	n/a	Target	2	163854
1638.74	n/a	NonTarget	1	163874
1638.94	n/a	NonTarget	1	163894
1639.14	n/a	NonTarget	1	163914
1639.34	n/a	NonTarget	1	163934
1639.54	n/a	NonTarget	1	163954
1639.74	n/a	Target	2	163974
1639.94	n/a	NonTarget	1	163994
1640.14	n/a	NonTarget	1	164014
1640.34	n/a	NonTarget	1	164034
1640.54	n/a	NonTarget	1	164054
1640.74	n/a	NonTarget	1	164074
1640.94	n/a	NonTarget	1	164094
1641.14	n/a	NonTarget	1	164114
1641.34	n/a	NonTarget	1	164134
1641.54	n/a	Target	2	164154
1641.74	n/a	NonTarget	1	164174
1641.94	n/a	NonTarget	1	164194
1642.14	n/a	NonTarget	1	164214
1642.34	n/a	Target	2	164234
1642.54	n/a	NonTarget	1	164254
1642.74	n/a	NonTarget	1	164274
1642.94	n/a	NonTarget	1	164294
1643.14	n/a	NonTarget	1	164314
1643.34	n/a	NonTarget	1	164334
1643.54	n/a	NonTarget	1	164354
1643.74	n/a	NonTarget	1	164374
1643.94	n/a	NonTarget	1	164394
1644.14	n/a	NonTarget	1	164414
1644.34	n/a	Target	2	164434
1644.54	n/a	NonTarget	1	164454
1644.74	n/a	NonTarget	1	164474
1644.94	n/a	NonTarget	1	164494
1645.14	n/a	NonTarget	1	164514
1645.34	n/a	NonTarget	1	164534
1645.54	n/a	Target	2	164554
1645.74	n/a	NonTarget	1	164574
1645.94	n/a	NonTarget	1	164594
1646.14	n/a	NonTarget	1	164614
1646.34	n/a	NonTarget	1	164634
1646.54	n/a	NonTarget	1	164654
1646.74	n/a	Target	2	164674
1646.94	n/a	NonTarget	1	164694
1647.14	n/a	NonTarget	1	164714
1647.34	n/a	NonTarget	1	164734
1647.54	n/a	NonTarget	1	164754
1647.74	n/a	NonTarget	1	164774
1647.94	n/a	Target	2	164794
1648.14	n/a	NonTarget	1	164814
1648.34	n/a	NonTarget	1	164834
1648.54	n/a	NonTarget	1	164854
1648.74	n/a	Target	2	164874
1648.94	n/a	NonTarget	1	164894
1649.14	n/a	NonTarget	1	164914
1656.96	n/a	NonTarget	1	165696
1657.17	n/a	NonTarget	1	165717
1657.37	n/a	Target	2	165737
1657.57	n/a	NonTarget	1	165757
1657.77	n/a	NonTarget	1	165777
1657.97	n/a	NonTarget	1	165797
1658.17	n/a	NonTarget	1	165817
1658.37	n/a	Target	2	165837
1658.57	n/a	NonTarget	1	165857
1658.77	n/a	NonTarget	1	165877
1658.97	n/a	NonTarget	1	165897
1659.17	n/a	NonTarget	1	165917
1659.37	n/a	NonTarget	1	165937
1659.57	n/a	NonTarget	1	165957
1659.77	n/a	NonTarget	1	165977
1659.97	n/a	NonTarget	1	165997
1660.17	n/a	Target	2	166017
1660.37	n/a	NonTarget	1	166037
1660.57	n/a	NonTarget	1	166057
1660.77	n/a	NonTarget	1	166077
1660.97	n/a	NonTarget	1	166097
1661.17	n/a	NonTarget	1	166117
1661.37	n/a	Target	2	166137
1661.57	n/a	NonTarget	1	166157
1661.77	n/a	NonTarget	1	166177
1661.97	n/a	NonTarget	1	166197
1662.17	n/a	NonTarget	1	166217
1662.37	n/a	NonTarget	1	166237
1662.57	n/a	Target	2	166257
1662.77	n/a	NonTarget	1	166277
1662.97	n/a	NonTarget	1	166297
1663.17	n/a	NonTarget	1	166317
1663.36	n/a	NonTarget	1	166336
1663.56	n/a	NonTarget	1	166356
1663.76	n/a	Target	2	166376
1663.96	n/a	NonTarget	1	166396
1664.16	n/a	NonTarget	1	166416
1664.37	n/a	NonTarget	1	166437
1664.56	n/a	NonTarget	1	166456
1664.76	n/a	Target	2	166476
1664.96	n/a	NonTarget	1	166496
1665.16	n/a	NonTarget	1	166516
1665.36	n/a	NonTarget	1	166536
1665.56	n/a	NonTarget	1	166556
1665.76	n/a	NonTarget	1	166576
1665.96	n/a	NonTarget	1	166596
1666.16	n/a	Target	2	166616
1666.36	n/a	NonTarget	1	166636
1666.56	n/a	NonTarget	1	166656
1666.76	n/a	NonTarget	1	166676
1666.96	n/a	NonTarget	1	166696
1667.16	n/a	Target	2	166716
1667.36	n/a	NonTarget	1	166736
1667.56	n/a	NonTarget	1	166756
1667.76	n/a	NonTarget	1	166776
1667.96	n/a	NonTarget	1	166796
1668.16	n/a	NonTarget	1	166816
1668.36	n/a	NonTarget	1	166836
1668.56	n/a	Target	2	166856
1668.76	n/a	NonTarget	1	166876
1673.21	n/a	NonTarget	1	167321
1673.43	n/a	NonTarget	1	167343
1673.63	n/a	NonTarget	1	167363
1673.83	n/a	NonTarget	1	167383
1674.03	n/a	NonTarget	1	167403
1674.23	n/a	Target	2	167423
1674.43	n/a	NonTarget	1	167443
1674.63	n/a	NonTarget	1	167463
1674.83	n/a	NonTarget	1	167483
1675.03	n/a	NonTarget	1	167503
1675.23	n/a	Target	2	167523
1675.43	n/a	NonTarget	1	167543
1675.63	n/a	NonTarget	1	167563
1675.83	n/a	NonTarget	1	167583
1676.03	n/a	NonTarget	1	167603
1676.23	n/a	NonTarget	1	167623
1676.43	n/a	NonTarget	1	167643
1676.63	n/a	Target	2	167663
1676.83	n/a	NonTarget	1	167683
1677.03	n/a	NonTarget	1	167703
1677.23	n/a	NonTarget	1	167723
1677.43	n/a	NonTarget	1	167743
1677.63	n/a	Target	2	167763
1677.83	n/a	NonTarget	1	167783
1678.03	n/a	NonTarget	1	167803
1678.23	n/a	Target	2	167823
1678.43	n/a	NonTarget	1	167843
1678.63	n/a	NonTarget	1	167863
1678.83	n/a	NonTarget	1	167883
1679.03	n/a	NonTarget	1	167903
1679.23	n/a	NonTarget	1	167923
1679.43	n/a	NonTarget	1	167943
1679.63	n/a	Target	2	167963
1679.82	n/a	NonTarget	1	167982
1680.02	n/a	NonTarget	1	168002
1680.22	n/a	NonTarget	1	168022
1680.42	n/a	NonTarget	1	168042
1680.62	n/a	Target	2	168062
1680.82	n/a	NonTarget	1	168082
1681.02	n/a	NonTarget	1	168102
1681.22	n/a	NonTarget	1	168122
1681.42	n/a	NonTarget	1	168142
1681.62	n/a	Target	2	168162
1681.82	n/a	NonTarget	1	168182
1682.02	n/a	NonTarget	1	168202
1682.22	n/a	NonTarget	1	168222
1682.42	n/a	NonTarget	1	168242
1682.62	n/a	NonTarget	1	168262
1682.82	n/a	NonTarget	1	168282
1683.02	n/a	NonTarget	1	168302
1683.22	n/a	NonTarget	1	168322
1683.42	n/a	Target	2	168342
1683.62	n/a	NonTarget	1	168362
1683.82	n/a	NonTarget	1	168382
1684.02	n/a	Target	2	168402
1684.22	n/a	NonTarget	1	168422
1684.42	n/a	NonTarget	1	168442
1684.62	n/a	NonTarget	1	168462
1684.82	n/a	NonTarget	1	168482
1685.02	n/a	NonTarget	1	168502
1692.84	n/a	NonTarget	1	169284
1693.05	n/a	Target	2	169305
1693.25	n/a	NonTarget	1	169325
1693.45	n/a	NonTarget	1	169345
1693.65	n/a	NonTarget	1	169365
1693.85	n/a	NonTarget	1	169385
1694.05	n/a	NonTarget	1	169405
1694.25	n/a	Target	2	169425
1694.45	n/a	NonTarget	1	169445
1694.65	n/a	NonTarget	1	169465
1694.85	n/a	NonTarget	1	169485
1695.05	n/a	NonTarget	1	169505
1695.25	n/a	NonTarget	1	169525
1695.45	n/a	NonTarget	1	169545
1695.65	n/a	NonTarget	1	169565
1695.85	n/a	NonTarget	1	169585
1696.05	n/a	Target	2	169605
1696.25	n/a	NonTarget	1	169625
1696.45	n/a	NonTarget	1	169645
1696.65	n/a	NonTarget	1	169665
1696.85	n/a	NonTarget	1	169685
1697.05	n/a	Target	2	169705
1697.25	n/a	NonTarget	1	169725
1697.45	n/a	NonTarget	1	169745
1697.65	n/a	NonTarget	1	169765
1697.85	n/a	NonTarget	1	169785
1698.05	n/a	Target	2	169805
1698.25	n/a	NonTarget	1	169825
1698.45	n/a	NonTarget	1	169845
1698.65	n/a	NonTarget	1	169865
1698.85	n/a	NonTarget	1	169885
1699.05	n/a	Target	2	169905
1699.25	n/a	NonTarget	1	169925
1699.45	n/a	NonTarget	1	169945
1699.65	n/a	NonTarget	1	169965
1699.85	n/a	NonTarget	1	169985
1700.05	n/a	NonTarget	1	170005
1700.25	n/a	NonTarget	1	170025
1700.45	n/a	NonTarget	1	170045
1700.65	n/a	NonTarget	1	170065
1700.85	n/a	Target	2	170085
1701.05	n/a	NonTarget	1	170105
1701.25	n/a	NonTarget	1	170125
1701.45	n/a	Target	2	170145
1701.65	n/a	NonTarget	1	170165
1701.85	n/a	NonTarget	1	170185
1702.05	n/a	NonTarget	1	170205
1702.25	n/a	NonTarget	1	170225
1702.45	n/a	NonTarget	1	170245
1702.65	n/a	Target	2	170265
1702.85	n/a	NonTarget	1	170285
1703.05	n/a	NonTarget	1	170305
1703.25	n/a	NonTarget	1	170325
1703.45	n/a	NonTarget	1	170345
1703.65	n/a	NonTarget	1	170365
1703.85	n/a	NonTarget	1	170385
1704.05	n/a	NonTarget	1	170405
1704.25	n/a	NonTarget	1	170425
1704.45	n/a	NonTarget	1	170445
1704.65	n/a	Target	2	170465
1709.1	n/a	NonTarget	1	170910
1709.31	n/a	NonTarget	1	170931
1709.51	n/a	NonTarget	1	170951
1709.71	n/a	Target	2	170971
1709.91	n/a	NonTarget	1	170991
1710.11	n/a	NonTarget	1	171011
1710.31	n/a	NonTarget	1	171031
1710.51	n/a	NonTarget	1	171051
1710.71	n/a	NonTarget	1	171071
1710.91	n/a	Target	2	171091
1711.11	n/a	NonTarget	1	171111
1711.31	n/a	NonTarget	1	171131
1711.51	n/a	Target	2	171151
1711.71	n/a	NonTarget	1	171171
1711.91	n/a	NonTarget	1	171191
1712.11	n/a	NonTarget	1	171211
1712.31	n/a	NonTarget	1	171231
1712.51	n/a	NonTarget	1	171251
1712.71	n/a	Target	2	171271
1712.91	n/a	NonTarget	1	171291
1713.11	n/a	NonTarget	1	171311
1713.31	n/a	NonTarget	1	171331
1713.51	n/a	NonTarget	1	171351
1713.71	n/a	NonTarget	1	171371
1713.91	n/a	Target	2	171391
1714.11	n/a	NonTarget	1	171411
1714.31	n/a	NonTarget	1	171431
1714.51	n/a	NonTarget	1	171451
1714.71	n/a	NonTarget	1	171471
1714.91	n/a	NonTarget	1	171491
1715.11	n/a	NonTarget	1	171511
1715.31	n/a	NonTarget	1	171531
1715.51	n/a	NonTarget	1	171551
1715.71	n/a	NonTarget	1	171571
1715.91	n/a	Target	2	171591
1716.11	n/a	NonTarget	1	171611
1716.31	n/a	NonTarget	1	171631
1716.51	n/a	Target	2	171651
1716.71	n/a	NonTarget	1	171671
1716.91	n/a	NonTarget	1	171691
1717.13	n/a	NonTarget	1	171713
1717.33	n/a	NonTarget	1	171733
1717.53	n/a	NonTarget	1	171753
1717.73	n/a	NonTarget	1	171773
1717.93	n/a	NonTarget	1	171793
1718.13	n/a	NonTarget	1	171813
1718.33	n/a	NonTarget	1	171833
1718.53	n/a	Target	2	171853
1718.73	n/a	NonTarget	1	171873
1718.93	n/a	NonTarget	1	171893
1719.13	n/a	NonTarget	1	171913
1719.33	n/a	NonTarget	1	171933
1719.53	n/a	Target	2	171953
1719.73	n/a	NonTarget	1	171973
1719.93	n/a	NonTarget	1	171993
1720.12	n/a	NonTarget	1	172012
1720.32	n/a	NonTarget	1	172032
1720.52	n/a	NonTarget	1	172052
1720.72	n/a	Target	2	172072
1720.92	n/a	NonTarget	1	172092
1728.75	n/a	NonTarget	1	172875
1728.95	n/a	NonTarget	1	172895
1729.15	n/a	NonTarget	1	172915
1729.35	n/a	NonTarget	1	172935
1729.55	n/a	Target	2	172955
1729.75	n/a	NonTarget	1	172975
1729.95	n/a	NonTarget	1	172995
1730.15	n/a	NonTarget	1	173015
1730.35	n/a	NonTarget	1	173035
1730.55	n/a	Target	2	173055
1730.75	n/a	NonTarget	1	173075
1730.95	n/a	NonTarget	1	173095
1731.15	n/a	NonTarget	1	173115
1731.35	n/a	NonTarget	1	173135
1731.55	n/a	NonTarget	1	173155
1731.75	n/a	Target	2	173175
1731.95	n/a	NonTarget	1	173195
1732.15	n/a	NonTarget	1	173215
1732.35	n/a	NonTarget	1	173235
1732.55	n/a	NonTarget	1	173255
1732.75	n/a	NonTarget	1	173275
1732.95	n/a	NonTarget	1	173295
1733.15	n/a	Target	2	173315
1733.35	n/a	NonTarget	1	173335
1733.55	n/a	NonTarget	1	173355
1733.75	n/a	Target	2	173375
1733.95	n/a	NonTarget	1	173395
1734.15	n/a	NonTarget	1	173415
1734.35	n/a	NonTarget	1	173435
1734.55	n/a	NonTarget	1	173455
1734.75	n/a	NonTarget	1	173475
1734.95	n/a	Target	2	173495
1735.15	n/a	NonTarget	1	173515
1735.35	n/a	NonTarget	1	173535
1735.55	n/a	NonTarget	1	173555
1735.75	n/a	NonTarget	1	173575
1735.95	n/a	NonTarget	1	173595
1736.15	n/a	Target	2	173615
1736.35	n/a	NonTarget	1	173635
1736.55	n/a	NonTarget	1	173655
1736.75	n/a	NonTarget	1	173675
1736.95	n/a	NonTarget	1	173695
1737.15	n/a	NonTarget	1	173715
1737.35	n/a	NonTarget	1	173735
1737.55	n/a	NonTarget	1	173755
1737.75	n/a	NonTarget	1	173775
1737.95	n/a	NonTarget	1	173795
1738.15	n/a	Target	2	173815
1738.35	n/a	NonTarget	1	173835
1738.55	n/a	NonTarget	1	173855
1738.75	n/a	NonTarget	1	173875
1738.95	n/a	NonTarget	1	173895
1739.15	n/a	NonTarget	1	173915
1739.35	n/a	Target	2	173935
1739.55	n/a	NonTarget	1	173955
1739.75	n/a	NonTarget	1	173975
1739.95	n/a	Target	2	173995
1740.15	n/a	NonTarget	1	174015
1740.35	n/a	NonTarget	1	174035
1740.55	n/a	NonTarget	1	174055
1745.0	n/a	NonTarget	1	174500
1745.21	n/a	Target	2	174521
1745.41	n/a	NonTarget	1	174541
1745.61	n/a	NonTarget	1	174561
1745.81	n/a	NonTarget	1	174581
1746.01	n/a	NonTarget	1	174601
1746.21	n/a	NonTarget	1	174621
1746.41	n/a	NonTarget	1	174641
1746.61	n/a	NonTarget	1	174661
1746.81	n/a	NonTarget	1	174681
1747.01	n/a	NonTarget	1	174701
1747.21	n/a	Target	2	174721
1747.41	n/a	NonTarget	1	174741
1747.61	n/a	NonTarget	1	174761
1747.81	n/a	NonTarget	1	174781
1748.01	n/a	NonTarget	1	174801
1748.21	n/a	NonTarget	1	174821
1748.41	n/a	Target	2	174841
1748.61	n/a	NonTarget	1	174861
1748.81	n/a	NonTarget	1	174881
1749.01	n/a	NonTarget	1	174901
1749.21	n/a	Target	2	174921
1749.41	n/a	NonTarget	1	174941
1749.61	n/a	NonTarget	1	174961
1749.81	n/a	NonTarget	1	174981
1750.01	n/a	Target	2	175001
1750.21	n/a	NonTarget	1	175021
1750.41	n/a	NonTarget	1	175041
1750.61	n/a	NonTarget	1	175061
1750.81	n/a	NonTarget	1	175081
1751.01	n/a	NonTarget	1	175101
1751.21	n/a	Target	2	175121
1751.41	n/a	NonTarget	1	175141
1751.61	n/a	NonTarget	1	175161
1751.81	n/a	NonTarget	1	175181
1752.01	n/a	NonTarget	1	175201
1752.21	n/a	NonTarget	1	175221
1752.41	n/a	NonTarget	1	175241
1752.61	n/a	Target	2	175261
1752.81	n/a	NonTarget	1	175281
1753.01	n/a	NonTarget	1	175301
1753.21	n/a	NonTarget	1	175321
1753.41	n/a	NonTarget	1	175341
1753.61	n/a	Target	2	175361
1753.81	n/a	NonTarget	1	175381
1754.01	n/a	NonTarget	1	175401
1754.21	n/a	NonTarget	1	175421
1754.41	n/a	NonTarget	1	175441
1754.61	n/a	NonTarget	1	175461
1754.81	n/a	Target	2	175481
1755.01	n/a	NonTarget	1	175501
1755.21	n/a	NonTarget	1	175521
1755.41	n/a	NonTarget	1	175541
1755.61	n/a	NonTarget	1	175561
1755.81	n/a	NonTarget	1	175581
1756.01	n/a	NonTarget	1	175601
1756.21	n/a	NonTarget	1	175621
1756.41	n/a	NonTarget	1	175641
1756.61	n/a	NonTarget	1	175661
1756.81	n/a	Target	2	175681
1764.63	n/a	NonTarget	1	176463
1764.84	n/a	NonTarget	1	176484
1765.04	n/a	NonTarget	1	176504
1765.24	n/a	NonTarget	1	176524
1765.44	n/a	NonTarget	1	176544
1765.64	n/a	Target	2	176564
1765.84	n/a	NonTarget	1	176584
1766.04	n/a	NonTarget	1	176604
1766.24	n/a	NonTarget	1	176624
1766.44	n/a	Target	2	176644
1766.64	n/a	NonTarget	1	176664
1766.84	n/a	NonTarget	1	176684
1767.04	n/a	NonTarget	1	176704
1767.24	n/a	Target	2	176724
1767.44	n/a	NonTarget	1	176744
1767.64	n/a	NonTarget	1	176764
1767.84	n/a	NonTarget	1	176784
1768.04	n/a	NonTarget	1	176804
1768.24	n/a	NonTarget	1	176824
1768.44	n/a	NonTarget	1	176844
1768.64	n/a	NonTarget	1	176864
1768.84	n/a	NonTarget	1	176884
1769.04	n/a	NonTarget	1	176904
1769.24	n/a	Target	2	176924
1769.44	n/a	NonTarget	1	176944
1769.64	n/a	NonTarget	1	176964
1769.84	n/a	NonTarget	1	176984
1770.04	n/a	NonTarget	1	177004
1770.24	n/a	Target	2	177024
1770.44	n/a	NonTarget	1	177044
1770.64	n/a	NonTarget	1	177064
1770.84	n/a	NonTarget	1	177084
1771.04	n/a	NonTarget	1	177104
1771.24	n/a	Target	2	177124
1771.44	n/a	NonTarget	1	177144
1771.64	n/a	NonTarget	1	177164
1771.84	n/a	NonTarget	1	177184
1772.04	n/a	NonTarget	1	177204
1772.24	n/a	NonTarget	1	177224
1772.44	n/a	NonTarget	1	177244
1772.64	n/a	Target	2	177264
1772.84	n/a	NonTarget	1	177284
1773.04	n/a	NonTarget	1	177304
1773.24	n/a	NonTarget	1	177324
1773.44	n/a	NonTarget	1	177344
1773.64	n/a	Target	2	177364
1773.84	n/a	NonTarget	1	177384
1774.04	n/a	NonTarget	1	177404
1774.24	n/a	NonTarget	1	177424
1774.44	n/a	NonTarget	1	177444
1774.64	n/a	NonTarget	1	177464
1774.84	n/a	NonTarget	1	177484
1775.04	n/a	Target	2	177504
1775.24	n/a	NonTarget	1	177524
1775.44	n/a	NonTarget	1	177544
1775.64	n/a	NonTarget	1	177564
1775.84	n/a	Target	2	177584
1776.04	n/a	NonTarget	1	177604
1776.24	n/a	NonTarget	1	177624
1776.44	n/a	NonTarget	1	177644
1780.88	n/a	NonTarget	1	178088
1781.1	n/a	NonTarget	1	178110
1781.3	n/a	NonTarget	1	178130
1781.5	n/a	Target	2	178150
1781.7	n/a	NonTarget	1	178170
1781.9	n/a	NonTarget	1	178190
1782.1	n/a	NonTarget	1	178210
1782.3	n/a	NonTarget	1	178230
1782.5	n/a	NonTarget	1	178250
1782.7	n/a	NonTarget	1	178270
1782.9	n/a	Target	2	178290
1783.1	n/a	NonTarget	1	178310
1783.3	n/a	NonTarget	1	178330
1783.5	n/a	NonTarget	1	178350
1783.7	n/a	NonTarget	1	178370
1783.9	n/a	NonTarget	1	178390
1784.1	n/a	Target	2	178410
1784.3	n/a	NonTarget	1	178430
1784.5	n/a	NonTarget	1	178450
1784.7	n/a	NonTarget	1	178470
1784.9	n/a	Target	2	178490
1785.1	n/a	NonTarget	1	178510
1785.3	n/a	NonTarget	1	178530
1785.5	n/a	NonTarget	1	178550
1785.7	n/a	NonTarget	1	178570
1785.9	n/a	NonTarget	1	178590
1786.1	n/a	NonTarget	1	178610
1786.3	n/a	NonTarget	1	178630
1786.5	n/a	NonTarget	1	178650
1786.7	n/a	Target	2	178670
1786.9	n/a	NonTarget	1	178690
1787.1	n/a	NonTarget	1	178710
1787.3	n/a	Target	2	178730
1787.5	n/a	NonTarget	1	178750
1787.7	n/a	NonTarget	1	178770
1787.9	n/a	NonTarget	1	178790
1788.1	n/a	NonTarget	1	178810
1788.3	n/a	NonTarget	1	178830
1788.5	n/a	NonTarget	1	178850
1788.7	n/a	Target	2	178870
1788.9	n/a	NonTarget	1	178890
1789.1	n/a	NonTarget	1	178910
1789.3	n/a	NonTarget	1	178930
1789.5	n/a	NonTarget	1	178950
1789.7	n/a	NonTarget	1	178970
1789.9	n/a	NonTarget	1	178990
1790.1	n/a	NonTarget	1	179010
1790.3	n/a	Target	2	179030
1790.5	n/a	NonTarget	1	179050
1790.7	n/a	NonTarget	1	179070
1790.9	n/a	Target	2	179090
1791.1	n/a	NonTarget	1	179110
1791.3	n/a	NonTarget	1	179130
1791.5	n/a	NonTarget	1	179150
1791.7	n/a	Target	2	179170
1791.9	n/a	NonTarget	1	179190
1792.1	n/a	NonTarget	1	179210
1792.3	n/a	NonTarget	1	179230
1792.5	n/a	NonTarget	1	179250
1792.69	n/a	NonTarget	1	179269
1800.52	n/a	NonTarget	1	180052
1800.73	n/a	NonTarget	1	180073
1800.93	n/a	Target	2	180093
1801.12	n/a	NonTarget	1	180112
1801.32	n/a	NonTarget	1	180132
1801.52	n/a	NonTarget	1	180152
1801.72	n/a	Target	2	180172
1801.92	n/a	NonTarget	1	180192
1802.12	n/a	NonTarget	1	180212
1802.32	n/a	NonTarget	1	180232
1802.52	n/a	NonTarget	1	180252
1802.72	n/a	NonTarget	1	180272
1802.92	n/a	NonTarget	1	180292
1803.12	n/a	NonTarget	1	180312
1803.32	n/a	NonTarget	1	180332
1803.52	n/a	NonTarget	1	180352
1803.72	n/a	Target	2	180372
1803.92	n/a	NonTarget	1	180392
1804.12	n/a	NonTarget	1	180412
1804.32	n/a	NonTarget	1	180432
1804.52	n/a	Target	2	180452
1804.72	n/a	NonTarget	1	180472
1804.92	n/a	NonTarget	1	180492
1805.12	n/a	NonTarget	1	180512
1805.32	n/a	NonTarget	1	180532
1805.52	n/a	Target	2	180552
1805.72	n/a	NonTarget	1	180572
1805.92	n/a	NonTarget	1	180592
1806.12	n/a	NonTarget	1	180612
1806.32	n/a	NonTarget	1	180632
1806.52	n/a	NonTarget	1	180652
1806.72	n/a	NonTarget	1	180672
1806.92	n/a	NonTarget	1	180692
1807.12	n/a	NonTarget	1	180712
1807.32	n/a	Target	2	180732
1807.52	n/a	NonTarget	1	180752
1807.72	n/a	NonTarget	1	180772
1807.92	n/a	Target	2	180792
1808.12	n/a	NonTarget	1	180812
1808.32	n/a	NonTarget	1	180832
1808.52	n/a	NonTarget	1	180852
1808.72	n/a	NonTarget	1	180872
1808.92	n/a	NonTarget	1	180892
1809.12	n/a	NonTarget	1	180912
1809.32	n/a	NonTarget	1	180932
1809.52	n/a	Target	2	180952
1809.72	n/a	NonTarget	1	180972
1809.92	n/a	NonTarget	1	180992
1810.12	n/a	NonTarget	1	181012
1810.32	n/a	Target	2	181032
1810.52	n/a	NonTarget	1	181052
1810.72	n/a	NonTarget	1	181072
1810.92	n/a	NonTarget	1	181092
1811.12	n/a	NonTarget	1	181112
1811.32	n/a	NonTarget	1	181132
1811.52	n/a	Target	2	181152
1811.72	n/a	NonTarget	1	181172
1811.92	n/a	NonTarget	1	181192
1812.12	n/a	NonTarget	1	181212
1812.32	n/a	NonTarget	1	181232
1816.77	n/a	NonTarget	1	181677
1816.98	n/a	NonTarget	1	181698
1817.19	n/a	NonTarget	1	181719
1817.38	n/a	Target	2	181738
1817.58	n/a	NonTarget	1	181758
1817.78	n/a	NonTarget	1	181778
1817.98	n/a	NonTarget	1	181798
1818.18	n/a	Target	2	181818
1818.38	n/a	NonTarget	1	181838
1818.58	n/a	NonTarget	1	181858
1818.78	n/a	NonTarget	1	181878
1818.98	n/a	NonTarget	1	181898
1819.18	n/a	NonTarget	1	181918
1819.38	n/a	NonTarget	1	181938
1819.58	n/a	NonTarget	1	181958
1819.78	n/a	NonTarget	1	181978
1819.98	n/a	Target	2	181998
1820.18	n/a	NonTarget	1	182018
1820.38	n/a	NonTarget	1	182038
1820.58	n/a	NonTarget	1	182058
1820.78	n/a	Target	2	182078
1820.98	n/a	NonTarget	1	182098
1821.18	n/a	NonTarget	1	182118
1821.38	n/a	NonTarget	1	182138
1821.58	n/a	NonTarget	1	182158
1821.78	n/a	NonTarget	1	182178
1821.98	n/a	NonTarget	1	182198
1822.18	n/a	NonTarget	1	182218
1822.38	n/a	NonTarget	1	182238
1822.58	n/a	Target	2	182258
1822.78	n/a	NonTarget	1	182278
1822.98	n/a	NonTarget	1	182298
1823.18	n/a	NonTarget	1	182318
1823.38	n/a	Target	2	182338
1823.58	n/a	NonTarget	1	182358
1823.78	n/a	NonTarget	1	182378
1823.98	n/a	Target	2	182398
1824.18	n/a	NonTarget	1	182418
1824.38	n/a	NonTarget	1	182438
1824.58	n/a	NonTarget	1	182458
1824.78	n/a	NonTarget	1	182478
1824.98	n/a	NonTarget	1	182498
1825.18	n/a	NonTarget	1	182518
1825.38	n/a	NonTarget	1	182538
1825.58	n/a	NonTarget	1	182558
1825.78	n/a	Target	2	182578
1825.98	n/a	NonTarget	1	182598
1826.18	n/a	NonTarget	1	182618
1826.38	n/a	Target	2	182638
1826.58	n/a	NonTarget	1	182658
1826.78	n/a	NonTarget	1	182678
1826.98	n/a	NonTarget	1	182698
1827.18	n/a	NonTarget	1	182718
1827.38	n/a	NonTarget	1	182738
1827.58	n/a	NonTarget	1	182758
1827.78	n/a	NonTarget	1	182778
1827.98	n/a	NonTarget	1	182798
1828.18	n/a	NonTarget	1	182818
1828.38	n/a	Target	2	182838
1828.58	n/a	NonTarget	1	182858
1836.4	n/a	NonTarget	1	183640
1836.61	n/a	NonTarget	1	183661
1836.81	n/a	Target	2	183681
1837.01	n/a	NonTarget	1	183701
1837.21	n/a	NonTarget	1	183721
1837.41	n/a	NonTarget	1	183741
1837.61	n/a	Target	2	183761
1837.81	n/a	NonTarget	1	183781
1838.01	n/a	NonTarget	1	183801
1838.21	n/a	NonTarget	1	183821
1838.41	n/a	NonTarget	1	183841
1838.61	n/a	NonTarget	1	183861
1838.81	n/a	NonTarget	1	183881
1839.01	n/a	Target	2	183901
1839.21	n/a	NonTarget	1	183921
1839.41	n/a	NonTarget	1	183941
1839.61	n/a	NonTarget	1	183961
1839.81	n/a	NonTarget	1	183981
1840.01	n/a	NonTarget	1	184001
1840.21	n/a	NonTarget	1	184021
1840.41	n/a	NonTarget	1	184041
1840.61	n/a	Target	2	184061
1840.81	n/a	NonTarget	1	184081
1841.01	n/a	NonTarget	1	184101
1841.21	n/a	NonTarget	1	184121
1841.41	n/a	NonTarget	1	184141
1841.61	n/a	Target	2	184161
1841.81	n/a	NonTarget	1	184181
1842.01	n/a	NonTarget	1	184201
1842.21	n/a	NonTarget	1	184221
1842.41	n/a	NonTarget	1	184241
1842.61	n/a	NonTarget	1	184261
1842.81	n/a	NonTarget	1	184281
1843.01	n/a	NonTarget	1	184301
1843.21	n/a	Target	2	184321
1843.41	n/a	NonTarget	1	184341
1843.61	n/a	NonTarget	1	184361
1843.81	n/a	Target	2	184381
1844.01	n/a	NonTarget	1	184401
1844.21	n/a	NonTarget	1	184421
1844.41	n/a	NonTarget	1	184441
1844.61	n/a	NonTarget	1	184461
1844.81	n/a	Target	2	184481
1845.01	n/a	NonTarget	1	184501
1845.21	n/a	NonTarget	1	184521
1845.41	n/a	NonTarget	1	184541
1845.61	n/a	NonTarget	1	184561
1845.81	n/a	NonTarget	1	184581
1846.01	n/a	Target	2	184601
1846.21	n/a	NonTarget	1	184621
1846.41	n/a	NonTarget	1	184641
1846.61	n/a	NonTarget	1	184661
1846.81	n/a	NonTarget	1	184681
1847.01	n/a	NonTarget	1	184701
1847.21	n/a	NonTarget	1	184721
1847.41	n/a	NonTarget	1	184741
1847.61	n/a	NonTarget	1	184761
1847.81	n/a	NonTarget	1	184781
1848.01	n/a	NonTarget	1	184801
1848.21	n/a	Target	2	184821
1852.65	n/a	Target	2	185265
1852.87	n/a	NonTarget	1	185287
1853.07	n/a	NonTarget	1	185307
1853.27	n/a	NonTarget	1	185327
1853.47	n/a	NonTarget	1	185347
1853.67	n/a	NonTarget	1	185367
1853.87	n/a	NonTarget	1	185387
1854.07	n/a	NonTarget	1	185407
1854.27	n/a	NonTarget	1	185427
1854.47	n/a	NonTarget	1	185447
1854.67	n/a	NonTarget	1	185467
1854.87	n/a	Target	2	185487
1855.09	n/a	NonTarget	1	185509
1855.29	n/a	NonTarget	1	185529
1855.49	n/a	NonTarget	1	185549
1855.69	n/a	Target	2	185569
1855.89	n/a	NonTarget	1	185589
1856.09	n/a	NonTarget	1	185609
1856.29	n/a	NonTarget	1	185629
1856.49	n/a	NonTarget	1	185649
1856.69	n/a	NonTarget	1	185669
1856.89	n/a	NonTarget	1	185689
1857.09	n/a	Target	2	185709
1857.29	n/a	NonTarget	1	185729
1857.48	n/a	NonTarget	1	185748
1857.69	n/a	NonTarget	1	185769
1857.88	n/a	Target	2	185788
1858.08	n/a	NonTarget	1	185808
1858.28	n/a	NonTarget	1	185828
1858.48	n/a	NonTarget	1	185848
1858.68	n/a	NonTarget	1	185868
1858.88	n/a	NonTarget	1	185888
1859.08	n/a	NonTarget	1	185908
1859.28	n/a	NonTarget	1	185928
1859.48	n/a	Target	2	185948
1859.68	n/a	NonTarget	1	185968
1859.88	n/a	NonTarget	1	185988
1860.08	n/a	NonTarget	1	186008
1860.28	n/a	NonTarget	1	186028
1860.48	n/a	Target	2	186048
1860.68	n/a	NonTarget	1	186068
1860.88	n/a	NonTarget	1	186088
1861.08	n/a	Target	2	186108
1861.28	n/a	NonTarget	1	186128
1861.48	n/a	NonTarget	1	186148
1861.68	n/a	NonTarget	1	186168
1861.88	n/a	NonTarget	1	186188
1862.08	n/a	NonTarget	1	186208
1862.28	n/a	NonTarget	1	186228
1862.48	n/a	NonTarget	1	186248
1862.68	n/a	Target	2	186268
1862.88	n/a	NonTarget	1	186288
1863.08	n/a	NonTarget	1	186308
1863.28	n/a	NonTarget	1	186328
1863.48	n/a	Target	2	186348
1863.68	n/a	NonTarget	1	186368
1863.88	n/a	NonTarget	1	186388
1864.08	n/a	NonTarget	1	186408
1864.28	n/a	NonTarget	1	186428
1864.48	n/a	NonTarget	1	186448
1872.3	n/a	NonTarget	1	187230
1872.51	n/a	NonTarget	1	187251
1872.71	n/a	NonTarget	1	187271
1872.91	n/a	Target	2	187291
1873.11	n/a	NonTarget	1	187311
1873.31	n/a	NonTarget	1	187331
1873.51	n/a	NonTarget	1	187351
1873.71	n/a	Target	2	187371
1873.91	n/a	NonTarget	1	187391
1874.11	n/a	NonTarget	1	187411
1874.31	n/a	NonTarget	1	187431
1874.51	n/a	NonTarget	1	187451
1874.71	n/a	NonTarget	1	187471
1874.91	n/a	NonTarget	1	187491
1875.11	n/a	NonTarget	1	187511
1875.31	n/a	NonTarget	1	187531
1875.51	n/a	Target	2	187551
1875.71	n/a	NonTarget	1	187571
1875.91	n/a	NonTarget	1	187591
1876.11	n/a	NonTarget	1	187611
1876.31	n/a	NonTarget	1	187631
1876.51	n/a	Target	2	187651
1876.71	n/a	NonTarget	1	187671
1876.91	n/a	NonTarget	1	187691
1877.11	n/a	NonTarget	1	187711
1877.31	n/a	NonTarget	1	187731
1877.51	n/a	NonTarget	1	187751
1877.71	n/a	NonTarget	1	187771
1877.91	n/a	NonTarget	1	187791
1878.11	n/a	Target	2	187811
1878.31	n/a	NonTarget	1	187831
1878.51	n/a	NonTarget	1	187851
1878.71	n/a	NonTarget	1	187871
1878.91	n/a	NonTarget	1	187891
1879.11	n/a	NonTarget	1	187911
1879.31	n/a	Target	2	187931
1879.51	n/a	NonTarget	1	187951
1879.71	n/a	NonTarget	1	187971
1879.91	n/a	Target	2	187991
1880.11	n/a	NonTarget	1	188011
1880.31	n/a	NonTarget	1	188031
1880.51	n/a	NonTarget	1	188051
1880.71	n/a	Target	2	188071
1880.91	n/a	NonTarget	1	188091
1881.11	n/a	NonTarget	1	188111
1881.31	n/a	NonTarget	1	188131
1881.51	n/a	NonTarget	1	188151
1881.71	n/a	NonTarget	1	188171
1881.91	n/a	NonTarget	1	188191
1882.11	n/a	NonTarget	1	188211
1882.31	n/a	NonTarget	1	188231
1882.51	n/a	NonTarget	1	188251
1882.71	n/a	NonTarget	1	188271
1882.91	n/a	Target	2	188291
1883.11	n/a	NonTarget	1	188311
1883.31	n/a	NonTarget	1	188331
1883.51	n/a	NonTarget	1	188351
1883.71	n/a	NonTarget	1	188371
1883.91	n/a	Target	2	188391
1884.11	n/a	NonTarget	1	188411
1888.56	n/a	NonTarget	1	188856
1888.77	n/a	Target	2	188877
1888.97	n/a	NonTarget	1	188897
1889.17	n/a	NonTarget	1	188917
1889.37	n/a	NonTarget	1	188937
1889.57	n/a	NonTarget	1	188957
1889.77	n/a	NonTarget	1	188977
1889.97	n/a	NonTarget	1	188997
1890.17	n/a	Target	2	189017
1890.37	n/a	NonTarget	1	189037
1890.57	n/a	NonTarget	1	189057
1890.77	n/a	NonTarget	1	189077
1890.97	n/a	NonTarget	1	189097
1891.17	n/a	Target	2	189117
1891.37	n/a	NonTarget	1	189137
1891.57	n/a	NonTarget	1	189157
1891.77	n/a	NonTarget	1	189177
1891.97	n/a	NonTarget	1	189197
1892.17	n/a	NonTarget	1	189217
1892.37	n/a	NonTarget	1	189237
1892.57	n/a	NonTarget	1	189257
1892.77	n/a	Target	2	189277
1892.97	n/a	NonTarget	1	189297
1893.17	n/a	NonTarget	1	189317
1893.37	n/a	Target	2	189337
1893.57	n/a	NonTarget	1	189357
1893.77	n/a	NonTarget	1	189377
1893.97	n/a	NonTarget	1	189397
1894.17	n/a	NonTarget	1	189417
1894.37	n/a	NonTarget	1	189437
1894.57	n/a	NonTarget	1	189457
1894.77	n/a	NonTarget	1	189477
1894.97	n/a	NonTarget	1	189497
1895.17	n/a	NonTarget	1	189517
1895.37	n/a	Target	2	189537
1895.57	n/a	NonTarget	1	189557
1895.77	n/a	NonTarget	1	189577
1895.97	n/a	NonTarget	1	189597
1896.17	n/a	NonTarget	1	189617
1896.37	n/a	Target	2	189637
1896.57	n/a	NonTarget	1	189657
1896.77	n/a	NonTarget	1	189677
1896.97	n/a	NonTarget	1	189697
1897.17	n/a	Target	2	189717
1897.37	n/a	NonTarget	1	189737
1897.57	n/a	NonTarget	1	189757
1897.77	n/a	NonTarget	1	189777
1897.97	n/a	NonTarget	1	189797
1898.17	n/a	NonTarget	1	189817
1898.37	n/a	NonTarget	1	189837
1898.57	n/a	NonTarget	1	189857
1898.77	n/a	Target	2	189877
1898.97	n/a	NonTarget	1	189897
1899.17	n/a	NonTarget	1	189917
1899.37	n/a	NonTarget	1	189937
1899.57	n/a	NonTarget	1	189957
1899.77	n/a	NonTarget	1	189977
1899.97	n/a	NonTarget	1	189997
1900.17	n/a	NonTarget	1	190017
1900.37	n/a	Target	2	190037
1908.19	n/a	NonTarget	1	190819
1908.4	n/a	NonTarget	1	190840
1908.6	n/a	NonTarget	1	190860
1908.8	n/a	NonTarget	1	190880
1909.0	n/a	Target	2	190900
1909.2	n/a	NonTarget	1	190920
1909.4	n/a	NonTarget	1	190940
1909.6	n/a	NonTarget	1	190960
1909.8	n/a	Target	2	190980
1910.0	n/a	NonTarget	1	191000
1910.2	n/a	NonTarget	1	191020
1910.4	n/a	NonTarget	1	191040
1910.6	n/a	Target	2	191060
1910.8	n/a	NonTarget	1	191080
1911.0	n/a	NonTarget	1	191100
1911.2	n/a	NonTarget	1	191120
1911.4	n/a	NonTarget	1	191140
1911.6	n/a	NonTarget	1	191160
1911.8	n/a	Target	2	191180
1912.0	n/a	NonTarget	1	191200
1912.2	n/a	NonTarget	1	191220
1912.4	n/a	NonTarget	1	191240
1912.6	n/a	NonTarget	1	191260
1912.8	n/a	NonTarget	1	191280
1913.0	n/a	NonTarget	1	191300
1913.2	n/a	NonTarget	1	191320
1913.4	n/a	NonTarget	1	191340
1913.6	n/a	NonTarget	1	191360
1913.8	n/a	NonTarget	1	191380
1913.99	n/a	Target	2	191399
1914.19	n/a	NonTarget	1	191419
1914.39	n/a	NonTarget	1	191439
1914.59	n/a	NonTarget	1	191459
1914.79	n/a	NonTarget	1	191479
1914.99	n/a	NonTarget	1	191499
1915.19	n/a	Target	2	191519
1915.39	n/a	NonTarget	1	191539
1915.59	n/a	NonTarget	1	191559
1915.79	n/a	Target	2	191579
1915.99	n/a	NonTarget	1	191599
1916.19	n/a	NonTarget	1	191619
1916.39	n/a	NonTarget	1	191639
1916.59	n/a	NonTarget	1	191659
1916.79	n/a	Target	2	191679
1916.99	n/a	NonTarget	1	191699
1917.19	n/a	NonTarget	1	191719
1917.39	n/a	NonTarget	1	191739
1917.59	n/a	NonTarget	1	191759
1917.79	n/a	Target	2	191779
1917.99	n/a	NonTarget	1	191799
1918.19	n/a	NonTarget	1	191819
1918.39	n/a	NonTarget	1	191839
1918.59	n/a	NonTarget	1	191859
1918.79	n/a	NonTarget	1	191879
1918.99	n/a	NonTarget	1	191899
1919.19	n/a	NonTarget	1	191919
1919.39	n/a	NonTarget	1	191939
1919.59	n/a	NonTarget	1	191959
1919.79	n/a	Target	2	191979
1919.99	n/a	NonTarget	1	191999
1924.44	n/a	Target	2	192444
1924.66	n/a	NonTarget	1	192466
1924.86	n/a	NonTarget	1	192486
1925.06	n/a	NonTarget	1	192506
1925.26	n/a	NonTarget	1	192526
1925.46	n/a	NonTarget	1	192546
1925.66	n/a	NonTarget	1	192566
1925.86	n/a	NonTarget	1	192586
1926.06	n/a	NonTarget	1	192606
1926.26	n/a	Target	2	192626
1926.46	n/a	NonTarget	1	192646
1926.66	n/a	NonTarget	1	192666
1926.86	n/a	Target	2	192686
1927.06	n/a	NonTarget	1	192706
1927.26	n/a	NonTarget	1	192726
1927.46	n/a	NonTarget	1	192746
1927.66	n/a	NonTarget	1	192766
1927.86	n/a	NonTarget	1	192786
1928.06	n/a	NonTarget	1	192806
1928.26	n/a	NonTarget	1	192826
1928.46	n/a	NonTarget	1	192846
1928.66	n/a	NonTarget	1	192866
1928.86	n/a	NonTarget	1	192886
1929.06	n/a	Target	2	192906
1929.26	n/a	NonTarget	1	192926
1929.46	n/a	NonTarget	1	192946
1929.66	n/a	NonTarget	1	192966
1929.85	n/a	Target	2	192985
1930.06	n/a	NonTarget	1	193006
1930.25	n/a	NonTarget	1	193025
1930.45	n/a	NonTarget	1	193045
1930.65	n/a	NonTarget	1	193065
1930.85	n/a	Target	2	193085
1931.05	n/a	NonTarget	1	193105
1931.25	n/a	NonTarget	1	193125
1931.45	n/a	NonTarget	1	193145
1931.65	n/a	Target	2	193165
1931.85	n/a	NonTarget	1	193185
1932.05	n/a	NonTarget	1	193205
1932.25	n/a	NonTarget	1	193225
1932.45	n/a	NonTarget	1	193245
1932.65	n/a	NonTarget	1	193265
1932.85	n/a	NonTarget	1	193285
1933.05	n/a	Target	2	193305
1933.25	n/a	NonTarget	1	193325
1933.45	n/a	NonTarget	1	193345
1933.65	n/a	NonTarget	1	193365
1933.85	n/a	NonTarget	1	193385
1934.05	n/a	NonTarget	1	193405
1934.25	n/a	NonTarget	1	193425
1934.45	n/a	NonTarget	1	193445
1934.65	n/a	NonTarget	1	193465
1934.85	n/a	Target	2	193485
1935.05	n/a	NonTarget	1	193505
1935.25	n/a	NonTarget	1	193525
1935.45	n/a	Target	2	193545
1935.65	n/a	NonTarget	1	193565
1935.85	n/a	NonTarget	1	193585
1936.05	n/a	NonTarget	1	193605
1936.25	n/a	NonTarget	1	193625
