onset	duration	trial_type	value	sample
652.31	n/a	NonTarget	1	65231
652.52	n/a	NonTarget	1	65252
652.72	n/a	NonTarget	1	65272
652.92	n/a	NonTarget	1	65292
653.12	n/a	NonTarget	1	65312
653.32	n/a	Target	2	65332
653.52	n/a	NonTarget	1	65352
653.72	n/a	NonTarget	1	65372
653.92	n/a	Target	2	65392
654.12	n/a	NonTarget	1	65412
654.32	n/a	NonTarget	1	65432
654.52	n/a	NonTarget	1	65452
654.72	n/a	Target	2	65472
654.92	n/a	NonTarget	1	65492
655.12	n/a	NonTarget	1	65512
655.32	n/a	NonTarget	1	65532
655.52	n/a	NonTarget	1	65552
655.72	n/a	NonTarget	1	65572
655.92	n/a	Target	2	65592
656.12	n/a	NonTarget	1	65612
656.32	n/a	NonTarget	1	65632
656.52	n/a	NonTarget	1	65652
656.72	n/a	NonTarget	1	65672
656.92	n/a	NonTarget	1	65692
657.12	n/a	NonTarget	1	65712
657.32	n/a	NonTarget	1	65732
657.52	n/a	Target	2	65752
657.78	n/a	NonTarget	1	65778
657.98	n/a	NonTarget	1	65798
658.18	n/a	NonTarget	1	65818
658.38	n/a	NonTarget	1	65838
658.58	n/a	Target	2	65858
658.8	n/a	NonTarget	1	65880
659.02	n/a	NonTarget	1	65902
659.22	n/a	NonTarget	1	65922
659.42	n/a	NonTarget	1	65942
659.62	n/a	Target	2	65962
659.82	n/a	NonTarget	1	65982
660.08	n/a	NonTarget	1	66008
660.28	n/a	NonTarget	1	66028
660.48	n/a	NonTarget	1	66048
660.68	n/a	NonTarget	1	66068
660.88	n/a	NonTarget	1	66088
661.08	n/a	Target	2	66108
661.33	n/a	NonTarget	1	66133
661.53	n/a	NonTarget	1	66153
661.73	n/a	NonTarget	1	66173
661.95	n/a	NonTarget	1	66195
662.15	n/a	NonTarget	1	66215
662.42	n/a	Target	2	66242
662.62	n/a	NonTarget	1	66262
662.81	n/a	NonTarget	1	66281
663.01	n/a	NonTarget	1	66301
663.22	n/a	NonTarget	1	66322
663.42	n/a	NonTarget	1	66342
663.62	n/a	NonTarget	1	66362
663.81	n/a	NonTarget	1	66381
664.01	n/a	NonTarget	1	66401
664.21	n/a	NonTarget	1	66421
664.41	n/a	Target	2	66441
668.86	n/a	NonTarget	1	66886
669.08	n/a	NonTarget	1	66908
669.28	n/a	Target	2	66928
669.48	n/a	NonTarget	1	66948
669.68	n/a	NonTarget	1	66968
669.88	n/a	NonTarget	1	66988
670.08	n/a	Target	2	67008
670.28	n/a	NonTarget	1	67028
670.48	n/a	NonTarget	1	67048
670.68	n/a	NonTarget	1	67068
670.88	n/a	NonTarget	1	67088
671.08	n/a	NonTarget	1	67108
671.28	n/a	NonTarget	1	67128
671.48	n/a	NonTarget	1	67148
671.68	n/a	NonTarget	1	67168
671.88	n/a	Target	2	67188
672.08	n/a	NonTarget	1	67208
672.28	n/a	NonTarget	1	67228
672.48	n/a	NonTarget	1	67248
672.68	n/a	NonTarget	1	67268
672.88	n/a	Target	2	67288
673.08	n/a	NonTarget	1	67308
673.28	n/a	NonTarget	1	67328
673.48	n/a	NonTarget	1	67348
673.68	n/a	NonTarget	1	67368
673.88	n/a	NonTarget	1	67388
674.08	n/a	NonTarget	1	67408
674.28	n/a	NonTarget	1	67428
674.48	n/a	NonTarget	1	67448
674.68	n/a	Target	2	67468
674.88	n/a	NonTarget	1	67488
675.08	n/a	NonTarget	1	67508
675.28	n/a	NonTarget	1	67528
675.48	n/a	NonTarget	1	67548
675.68	n/a	NonTarget	1	67568
675.88	n/a	Target	2	67588
676.08	n/a	NonTarget	1	67608
676.28	n/a	NonTarget	1	67628
676.48	n/a	NonTarget	1	67648
676.68	n/a	Target	2	67668
676.88	n/a	NonTarget	1	67688
677.08	n/a	NonTarget	1	67708
677.28	n/a	NonTarget	1	67728
677.48	n/a	Target	2	67748
677.68	n/a	NonTarget	1	67768
677.88	n/a	NonTarget	1	67788
678.08	n/a	NonTarget	1	67808
678.28	n/a	NonTarget	1	67828
678.48	n/a	NonTarget	1	67848
678.68	n/a	Target	2	67868
678.88	n/a	NonTarget	1	67888
679.08	n/a	NonTarget	1	67908
679.28	n/a	NonTarget	1	67928
679.48	n/a	NonTarget	1	67948
679.68	n/a	Target	2	67968
679.88	n/a	NonTarget	1	67988
680.08	n/a	NonTarget	1	68008
680.28	n/a	NonTarget	1	68028
680.48	n/a	NonTarget	1	68048
680.68	n/a	NonTarget	1	68068
688.5	n/a	Target	2	68850
688.71	n/a	NonTarget	1	68871
688.91	n/a	NonTarget	1	68891
689.11	n/a	NonTarget	1	68911
689.31	n/a	NonTarget	1	68931
689.51	n/a	NonTarget	1	68951
689.7	n/a	NonTarget	1	68970
689.9	n/a	Target	2	68990
690.1	n/a	NonTarget	1	69010
690.3	n/a	NonTarget	1	69030
690.5	n/a	NonTarget	1	69050
690.7	n/a	NonTarget	1	69070
690.9	n/a	NonTarget	1	69090
691.1	n/a	NonTarget	1	69110
691.3	n/a	Target	2	69130
691.5	n/a	NonTarget	1	69150
691.7	n/a	NonTarget	1	69170
691.9	n/a	NonTarget	1	69190
692.1	n/a	NonTarget	1	69210
692.3	n/a	NonTarget	1	69230
692.5	n/a	NonTarget	1	69250
692.7	n/a	NonTarget	1	69270
692.9	n/a	NonTarget	1	69290
693.1	n/a	Target	2	69310
693.3	n/a	NonTarget	1	69330
693.5	n/a	NonTarget	1	69350
693.7	n/a	NonTarget	1	69370
693.9	n/a	NonTarget	1	69390
694.1	n/a	Target	2	69410
694.3	n/a	NonTarget	1	69430
694.5	n/a	NonTarget	1	69450
694.7	n/a	NonTarget	1	69470
694.9	n/a	Target	2	69490
695.1	n/a	NonTarget	1	69510
695.3	n/a	NonTarget	1	69530
695.5	n/a	NonTarget	1	69550
695.7	n/a	NonTarget	1	69570
695.9	n/a	Target	2	69590
696.1	n/a	NonTarget	1	69610
696.3	n/a	NonTarget	1	69630
696.5	n/a	NonTarget	1	69650
696.7	n/a	NonTarget	1	69670
696.9	n/a	NonTarget	1	69690
697.1	n/a	NonTarget	1	69710
697.3	n/a	NonTarget	1	69730
697.5	n/a	NonTarget	1	69750
697.7	n/a	Target	2	69770
697.9	n/a	NonTarget	1	69790
698.1	n/a	NonTarget	1	69810
698.3	n/a	Target	2	69830
698.5	n/a	NonTarget	1	69850
698.7	n/a	NonTarget	1	69870
698.9	n/a	NonTarget	1	69890
699.1	n/a	NonTarget	1	69910
699.3	n/a	NonTarget	1	69930
699.5	n/a	NonTarget	1	69950
699.7	n/a	NonTarget	1	69970
699.9	n/a	NonTarget	1	69990
700.1	n/a	Target	2	70010
700.3	n/a	NonTarget	1	70030
704.75	n/a	NonTarget	1	70475
704.95	n/a	NonTarget	1	70495
705.15	n/a	Target	2	70515
705.35	n/a	NonTarget	1	70535
705.55	n/a	NonTarget	1	70555
705.75	n/a	NonTarget	1	70575
705.95	n/a	NonTarget	1	70595
706.15	n/a	NonTarget	1	70615
706.35	n/a	NonTarget	1	70635
706.55	n/a	Target	2	70655
706.75	n/a	NonTarget	1	70675
706.95	n/a	NonTarget	1	70695
707.15	n/a	NonTarget	1	70715
707.35	n/a	NonTarget	1	70735
707.55	n/a	NonTarget	1	70755
707.75	n/a	Target	2	70775
707.95	n/a	NonTarget	1	70795
708.15	n/a	NonTarget	1	70815
708.35	n/a	Target	2	70835
708.55	n/a	NonTarget	1	70855
708.75	n/a	NonTarget	1	70875
708.95	n/a	NonTarget	1	70895
709.15	n/a	NonTarget	1	70915
709.35	n/a	NonTarget	1	70935
709.55	n/a	NonTarget	1	70955
709.75	n/a	NonTarget	1	70975
709.95	n/a	NonTarget	1	70995
710.15	n/a	NonTarget	1	71015
710.35	n/a	NonTarget	1	71035
710.55	n/a	Target	2	71055
710.75	n/a	NonTarget	1	71075
710.95	n/a	NonTarget	1	71095
711.15	n/a	NonTarget	1	71115
711.35	n/a	NonTarget	1	71135
711.55	n/a	Target	2	71155
711.75	n/a	NonTarget	1	71175
711.95	n/a	NonTarget	1	71195
712.15	n/a	Target	2	71215
712.35	n/a	NonTarget	1	71235
712.55	n/a	NonTarget	1	71255
712.75	n/a	NonTarget	1	71275
712.95	n/a	NonTarget	1	71295
713.15	n/a	NonTarget	1	71315
713.35	n/a	NonTarget	1	71335
713.55	n/a	Target	2	71355
713.75	n/a	NonTarget	1	71375
713.95	n/a	NonTarget	1	71395
714.15	n/a	NonTarget	1	71415
714.35	n/a	NonTarget	1	71435
714.55	n/a	NonTarget	1	71455
714.75	n/a	NonTarget	1	71475
714.95	n/a	NonTarget	1	71495
715.15	n/a	NonTarget	1	71515
715.35	n/a	Target	2	71535
715.55	n/a	NonTarget	1	71555
715.75	n/a	NonTarget	1	71575
715.95	n/a	NonTarget	1	71595
716.15	n/a	Target	2	71615
716.35	n/a	NonTarget	1	71635
716.54	n/a	NonTarget	1	71654
724.37	n/a	Target	2	72437
724.58	n/a	NonTarget	1	72458
724.78	n/a	NonTarget	1	72478
724.98	n/a	NonTarget	1	72498
725.24	n/a	NonTarget	1	72524
725.44	n/a	NonTarget	1	72544
725.66	n/a	NonTarget	1	72566
725.86	n/a	Target	2	72586
726.06	n/a	NonTarget	1	72606
726.26	n/a	NonTarget	1	72626
726.49	n/a	NonTarget	1	72649
726.69	n/a	NonTarget	1	72669
726.89	n/a	NonTarget	1	72689
727.09	n/a	Target	2	72709
727.29	n/a	NonTarget	1	72729
727.54	n/a	NonTarget	1	72754
727.74	n/a	NonTarget	1	72774
727.94	n/a	NonTarget	1	72794
728.14	n/a	Target	2	72814
728.34	n/a	NonTarget	1	72834
728.54	n/a	NonTarget	1	72854
728.79	n/a	NonTarget	1	72879
728.99	n/a	NonTarget	1	72899
729.19	n/a	NonTarget	1	72919
729.39	n/a	NonTarget	1	72939
729.59	n/a	NonTarget	1	72959
729.79	n/a	Target	2	72979
729.99	n/a	NonTarget	1	72999
730.19	n/a	NonTarget	1	73019
730.39	n/a	NonTarget	1	73039
730.59	n/a	NonTarget	1	73059
730.79	n/a	NonTarget	1	73079
730.99	n/a	Target	2	73099
731.19	n/a	NonTarget	1	73119
731.39	n/a	NonTarget	1	73139
731.59	n/a	NonTarget	1	73159
731.79	n/a	NonTarget	1	73179
731.99	n/a	NonTarget	1	73199
732.19	n/a	Target	2	73219
732.39	n/a	NonTarget	1	73239
732.59	n/a	NonTarget	1	73259
732.79	n/a	NonTarget	1	73279
732.99	n/a	Target	2	73299
733.19	n/a	NonTarget	1	73319
733.39	n/a	NonTarget	1	73339
733.59	n/a	NonTarget	1	73359
733.79	n/a	NonTarget	1	73379
733.99	n/a	NonTarget	1	73399
734.19	n/a	Target	2	73419
734.39	n/a	NonTarget	1	73439
734.59	n/a	NonTarget	1	73459
734.79	n/a	NonTarget	1	73479
734.99	n/a	NonTarget	1	73499
735.19	n/a	NonTarget	1	73519
735.39	n/a	NonTarget	1	73539
735.59	n/a	NonTarget	1	73559
735.79	n/a	NonTarget	1	73579
735.99	n/a	NonTarget	1	73599
736.19	n/a	NonTarget	1	73619
736.39	n/a	Target	2	73639
740.84	n/a	NonTarget	1	74084
741.04	n/a	NonTarget	1	74104
741.24	n/a	NonTarget	1	74124
741.44	n/a	NonTarget	1	74144
741.64	n/a	Target	2	74164
741.84	n/a	NonTarget	1	74184
742.04	n/a	NonTarget	1	74204
742.24	n/a	Target	2	74224
742.44	n/a	NonTarget	1	74244
742.64	n/a	NonTarget	1	74264
742.84	n/a	NonTarget	1	74284
743.04	n/a	NonTarget	1	74304
743.24	n/a	Target	2	74324
743.43	n/a	NonTarget	1	74343
743.63	n/a	NonTarget	1	74363
743.83	n/a	NonTarget	1	74383
744.03	n/a	NonTarget	1	74403
744.24	n/a	NonTarget	1	74424
744.43	n/a	Target	2	74443
744.63	n/a	NonTarget	1	74463
744.83	n/a	NonTarget	1	74483
745.03	n/a	NonTarget	1	74503
745.24	n/a	NonTarget	1	74524
745.45	n/a	NonTarget	1	74545
745.65	n/a	NonTarget	1	74565
745.85	n/a	NonTarget	1	74585
746.05	n/a	NonTarget	1	74605
746.25	n/a	NonTarget	1	74625
746.45	n/a	NonTarget	1	74645
746.65	n/a	Target	2	74665
746.85	n/a	NonTarget	1	74685
747.05	n/a	NonTarget	1	74705
747.25	n/a	NonTarget	1	74725
747.45	n/a	Target	2	74745
747.65	n/a	NonTarget	1	74765
747.85	n/a	NonTarget	1	74785
748.05	n/a	NonTarget	1	74805
748.25	n/a	NonTarget	1	74825
748.45	n/a	Target	2	74845
748.65	n/a	NonTarget	1	74865
748.85	n/a	NonTarget	1	74885
749.05	n/a	NonTarget	1	74905
749.25	n/a	Target	2	74925
749.45	n/a	NonTarget	1	74945
749.65	n/a	NonTarget	1	74965
749.85	n/a	NonTarget	1	74985
750.05	n/a	NonTarget	1	75005
750.25	n/a	NonTarget	1	75025
750.45	n/a	NonTarget	1	75045
750.65	n/a	NonTarget	1	75065
750.85	n/a	Target	2	75085
751.05	n/a	NonTarget	1	75105
751.25	n/a	NonTarget	1	75125
751.47	n/a	NonTarget	1	75147
751.67	n/a	NonTarget	1	75167
751.87	n/a	NonTarget	1	75187
752.06	n/a	NonTarget	1	75206
752.26	n/a	NonTarget	1	75226
752.46	n/a	NonTarget	1	75246
752.67	n/a	Target	2	75267
760.49	n/a	NonTarget	1	76049
760.7	n/a	NonTarget	1	76070
760.89	n/a	Target	2	76089
761.09	n/a	NonTarget	1	76109
761.29	n/a	NonTarget	1	76129
761.5	n/a	NonTarget	1	76150
761.7	n/a	NonTarget	1	76170
761.89	n/a	NonTarget	1	76189
762.09	n/a	NonTarget	1	76209
762.29	n/a	NonTarget	1	76229
762.49	n/a	Target	2	76249
762.7	n/a	NonTarget	1	76270
762.89	n/a	NonTarget	1	76289
763.09	n/a	Target	2	76309
763.29	n/a	NonTarget	1	76329
763.49	n/a	NonTarget	1	76349
763.69	n/a	NonTarget	1	76369
763.89	n/a	NonTarget	1	76389
764.09	n/a	NonTarget	1	76409
764.29	n/a	NonTarget	1	76429
764.49	n/a	NonTarget	1	76449
764.69	n/a	Target	2	76469
764.89	n/a	NonTarget	1	76489
765.09	n/a	NonTarget	1	76509
765.29	n/a	NonTarget	1	76529
765.49	n/a	NonTarget	1	76549
765.69	n/a	Target	2	76569
765.89	n/a	NonTarget	1	76589
766.09	n/a	NonTarget	1	76609
766.29	n/a	NonTarget	1	76629
766.49	n/a	NonTarget	1	76649
766.69	n/a	NonTarget	1	76669
766.89	n/a	Target	2	76689
767.09	n/a	NonTarget	1	76709
767.31	n/a	NonTarget	1	76731
767.51	n/a	NonTarget	1	76751
767.71	n/a	NonTarget	1	76771
767.91	n/a	NonTarget	1	76791
768.11	n/a	NonTarget	1	76811
768.31	n/a	NonTarget	1	76831
768.51	n/a	Target	2	76851
768.71	n/a	NonTarget	1	76871
768.91	n/a	NonTarget	1	76891
769.11	n/a	Target	2	76911
769.31	n/a	NonTarget	1	76931
769.51	n/a	NonTarget	1	76951
769.71	n/a	NonTarget	1	76971
769.91	n/a	NonTarget	1	76991
770.11	n/a	NonTarget	1	77011
770.31	n/a	NonTarget	1	77031
770.51	n/a	Target	2	77051
770.71	n/a	NonTarget	1	77071
770.91	n/a	NonTarget	1	77091
771.11	n/a	NonTarget	1	77111
771.31	n/a	NonTarget	1	77131
771.51	n/a	NonTarget	1	77151
771.71	n/a	Target	2	77171
771.91	n/a	NonTarget	1	77191
772.11	n/a	NonTarget	1	77211
772.31	n/a	NonTarget	1	77231
776.76	n/a	NonTarget	1	77676
776.96	n/a	NonTarget	1	77696
777.16	n/a	NonTarget	1	77716
777.36	n/a	Target	2	77736
777.56	n/a	NonTarget	1	77756
777.76	n/a	NonTarget	1	77776
777.96	n/a	Target	2	77796
778.16	n/a	NonTarget	1	77816
778.36	n/a	NonTarget	1	77836
778.56	n/a	NonTarget	1	77856
778.75	n/a	NonTarget	1	77875
778.95	n/a	NonTarget	1	77895
779.15	n/a	NonTarget	1	77915
779.35	n/a	Target	2	77935
779.55	n/a	NonTarget	1	77955
779.75	n/a	NonTarget	1	77975
779.95	n/a	NonTarget	1	77995
780.15	n/a	NonTarget	1	78015
780.35	n/a	Target	2	78035
780.55	n/a	NonTarget	1	78055
780.75	n/a	NonTarget	1	78075
780.95	n/a	NonTarget	1	78095
781.15	n/a	NonTarget	1	78115
781.35	n/a	NonTarget	1	78135
781.55	n/a	NonTarget	1	78155
781.75	n/a	Target	2	78175
781.95	n/a	NonTarget	1	78195
782.15	n/a	NonTarget	1	78215
782.35	n/a	NonTarget	1	78235
782.55	n/a	NonTarget	1	78255
782.75	n/a	NonTarget	1	78275
782.95	n/a	NonTarget	1	78295
783.15	n/a	NonTarget	1	78315
783.35	n/a	Target	2	78335
783.55	n/a	NonTarget	1	78355
783.75	n/a	NonTarget	1	78375
783.95	n/a	Target	2	78395
784.15	n/a	NonTarget	1	78415
784.35	n/a	NonTarget	1	78435
784.55	n/a	NonTarget	1	78455
784.75	n/a	NonTarget	1	78475
784.95	n/a	NonTarget	1	78495
785.15	n/a	NonTarget	1	78515
785.35	n/a	Target	2	78535
785.55	n/a	NonTarget	1	78555
785.75	n/a	NonTarget	1	78575
785.95	n/a	NonTarget	1	78595
786.15	n/a	NonTarget	1	78615
786.35	n/a	NonTarget	1	78635
786.55	n/a	NonTarget	1	78655
786.75	n/a	NonTarget	1	78675
786.95	n/a	Target	2	78695
787.15	n/a	NonTarget	1	78715
787.35	n/a	NonTarget	1	78735
787.55	n/a	Target	2	78755
787.75	n/a	NonTarget	1	78775
787.95	n/a	NonTarget	1	78795
788.15	n/a	NonTarget	1	78815
788.35	n/a	NonTarget	1	78835
788.55	n/a	NonTarget	1	78855
796.37	n/a	NonTarget	1	79637
796.58	n/a	NonTarget	1	79658
796.78	n/a	NonTarget	1	79678
796.98	n/a	Target	2	79698
797.18	n/a	NonTarget	1	79718
797.38	n/a	NonTarget	1	79738
797.58	n/a	NonTarget	1	79758
797.78	n/a	Target	2	79778
797.98	n/a	NonTarget	1	79798
798.18	n/a	NonTarget	1	79818
798.38	n/a	NonTarget	1	79838
798.58	n/a	NonTarget	1	79858
798.78	n/a	NonTarget	1	79878
798.98	n/a	NonTarget	1	79898
799.18	n/a	NonTarget	1	79918
799.38	n/a	Target	2	79938
799.58	n/a	NonTarget	1	79958
799.78	n/a	NonTarget	1	79978
799.98	n/a	NonTarget	1	79998
800.18	n/a	NonTarget	1	80018
800.38	n/a	NonTarget	1	80038
800.58	n/a	NonTarget	1	80058
800.78	n/a	NonTarget	1	80078
800.98	n/a	Target	2	80098
801.18	n/a	NonTarget	1	80118
801.38	n/a	NonTarget	1	80138
801.58	n/a	NonTarget	1	80158
801.78	n/a	NonTarget	1	80178
801.98	n/a	NonTarget	1	80198
802.18	n/a	Target	2	80218
802.38	n/a	NonTarget	1	80238
802.58	n/a	NonTarget	1	80258
802.78	n/a	NonTarget	1	80278
802.98	n/a	NonTarget	1	80298
803.18	n/a	Target	2	80318
803.38	n/a	NonTarget	1	80338
803.58	n/a	NonTarget	1	80358
803.78	n/a	Target	2	80378
803.98	n/a	NonTarget	1	80398
804.18	n/a	NonTarget	1	80418
804.38	n/a	NonTarget	1	80438
804.58	n/a	NonTarget	1	80458
804.78	n/a	NonTarget	1	80478
804.98	n/a	Target	2	80498
805.18	n/a	NonTarget	1	80518
805.38	n/a	NonTarget	1	80538
805.58	n/a	NonTarget	1	80558
805.78	n/a	NonTarget	1	80578
805.98	n/a	NonTarget	1	80598
806.18	n/a	Target	2	80618
806.38	n/a	NonTarget	1	80638
806.58	n/a	NonTarget	1	80658
806.78	n/a	NonTarget	1	80678
806.98	n/a	NonTarget	1	80698
807.18	n/a	NonTarget	1	80718
807.38	n/a	NonTarget	1	80738
807.58	n/a	NonTarget	1	80758
807.78	n/a	Target	2	80778
807.98	n/a	NonTarget	1	80798
808.18	n/a	NonTarget	1	80818
812.63	n/a	NonTarget	1	81263
812.83	n/a	NonTarget	1	81283
813.03	n/a	NonTarget	1	81303
813.23	n/a	Target	2	81323
813.43	n/a	NonTarget	1	81343
813.63	n/a	NonTarget	1	81363
813.83	n/a	Target	2	81383
814.03	n/a	NonTarget	1	81403
814.23	n/a	NonTarget	1	81423
814.43	n/a	NonTarget	1	81443
814.62	n/a	NonTarget	1	81462
814.82	n/a	NonTarget	1	81482
815.02	n/a	NonTarget	1	81502
815.23	n/a	Target	2	81523
815.42	n/a	NonTarget	1	81542
815.62	n/a	NonTarget	1	81562
815.82	n/a	NonTarget	1	81582
816.02	n/a	NonTarget	1	81602
816.23	n/a	NonTarget	1	81623
816.42	n/a	NonTarget	1	81642
816.62	n/a	NonTarget	1	81662
816.82	n/a	NonTarget	1	81682
817.02	n/a	Target	2	81702
817.22	n/a	NonTarget	1	81722
817.44	n/a	NonTarget	1	81744
817.64	n/a	NonTarget	1	81764
817.84	n/a	NonTarget	1	81784
818.04	n/a	Target	2	81804
818.24	n/a	NonTarget	1	81824
818.44	n/a	NonTarget	1	81844
818.64	n/a	NonTarget	1	81864
818.84	n/a	NonTarget	1	81884
819.04	n/a	NonTarget	1	81904
819.24	n/a	NonTarget	1	81924
819.44	n/a	NonTarget	1	81944
819.64	n/a	Target	2	81964
819.84	n/a	NonTarget	1	81984
820.04	n/a	NonTarget	1	82004
820.24	n/a	Target	2	82024
820.44	n/a	NonTarget	1	82044
820.64	n/a	NonTarget	1	82064
820.84	n/a	NonTarget	1	82084
821.04	n/a	NonTarget	1	82104
821.24	n/a	NonTarget	1	82124
821.44	n/a	NonTarget	1	82144
821.64	n/a	NonTarget	1	82164
821.84	n/a	Target	2	82184
822.04	n/a	NonTarget	1	82204
822.24	n/a	NonTarget	1	82224
822.44	n/a	Target	2	82244
822.64	n/a	NonTarget	1	82264
822.84	n/a	NonTarget	1	82284
823.04	n/a	NonTarget	1	82304
823.24	n/a	NonTarget	1	82324
823.44	n/a	NonTarget	1	82344
823.64	n/a	Target	2	82364
823.84	n/a	NonTarget	1	82384
824.04	n/a	NonTarget	1	82404
824.24	n/a	NonTarget	1	82424
824.44	n/a	NonTarget	1	82444
832.26	n/a	NonTarget	1	83226
832.47	n/a	NonTarget	1	83247
832.67	n/a	NonTarget	1	83267
832.87	n/a	Target	2	83287
833.07	n/a	NonTarget	1	83307
833.27	n/a	NonTarget	1	83327
833.47	n/a	NonTarget	1	83347
833.67	n/a	Target	2	83367
833.87	n/a	NonTarget	1	83387
834.07	n/a	NonTarget	1	83407
834.27	n/a	NonTarget	1	83427
834.47	n/a	NonTarget	1	83447
834.67	n/a	NonTarget	1	83467
834.87	n/a	NonTarget	1	83487
835.07	n/a	NonTarget	1	83507
835.27	n/a	NonTarget	1	83527
835.47	n/a	Target	2	83547
835.67	n/a	NonTarget	1	83567
835.87	n/a	NonTarget	1	83587
836.07	n/a	NonTarget	1	83607
836.27	n/a	NonTarget	1	83627
836.47	n/a	Target	2	83647
836.67	n/a	NonTarget	1	83667
836.87	n/a	NonTarget	1	83687
837.07	n/a	NonTarget	1	83707
837.27	n/a	NonTarget	1	83727
837.47	n/a	NonTarget	1	83747
837.67	n/a	NonTarget	1	83767
837.87	n/a	Target	2	83787
838.07	n/a	NonTarget	1	83807
838.27	n/a	NonTarget	1	83827
838.47	n/a	NonTarget	1	83847
838.67	n/a	Target	2	83867
838.87	n/a	NonTarget	1	83887
839.07	n/a	NonTarget	1	83907
839.27	n/a	NonTarget	1	83927
839.47	n/a	NonTarget	1	83947
839.67	n/a	NonTarget	1	83967
839.87	n/a	Target	2	83987
840.07	n/a	NonTarget	1	84007
840.27	n/a	NonTarget	1	84027
840.47	n/a	NonTarget	1	84047
840.67	n/a	Target	2	84067
840.87	n/a	NonTarget	1	84087
841.06	n/a	NonTarget	1	84106
841.26	n/a	NonTarget	1	84126
841.46	n/a	NonTarget	1	84146
841.66	n/a	NonTarget	1	84166
841.86	n/a	NonTarget	1	84186
842.06	n/a	Target	2	84206
842.26	n/a	NonTarget	1	84226
842.46	n/a	NonTarget	1	84246
842.66	n/a	NonTarget	1	84266
842.86	n/a	NonTarget	1	84286
843.06	n/a	NonTarget	1	84306
843.26	n/a	Target	2	84326
843.46	n/a	NonTarget	1	84346
843.66	n/a	NonTarget	1	84366
843.86	n/a	NonTarget	1	84386
844.06	n/a	NonTarget	1	84406
848.51	n/a	NonTarget	1	84851
848.71	n/a	NonTarget	1	84871
848.91	n/a	NonTarget	1	84891
849.11	n/a	Target	2	84911
849.31	n/a	NonTarget	1	84931
849.51	n/a	NonTarget	1	84951
849.71	n/a	NonTarget	1	84971
849.91	n/a	NonTarget	1	84991
850.11	n/a	Target	2	85011
850.31	n/a	NonTarget	1	85031
850.51	n/a	NonTarget	1	85051
850.71	n/a	NonTarget	1	85071
850.91	n/a	Target	2	85091
851.11	n/a	NonTarget	1	85111
851.31	n/a	NonTarget	1	85131
851.51	n/a	NonTarget	1	85151
851.71	n/a	NonTarget	1	85171
851.91	n/a	NonTarget	1	85191
852.11	n/a	Target	2	85211
852.31	n/a	NonTarget	1	85231
852.51	n/a	NonTarget	1	85251
852.71	n/a	NonTarget	1	85271
852.91	n/a	NonTarget	1	85291
853.11	n/a	NonTarget	1	85311
853.31	n/a	NonTarget	1	85331
853.51	n/a	Target	2	85351
853.71	n/a	NonTarget	1	85371
853.91	n/a	NonTarget	1	85391
854.11	n/a	NonTarget	1	85411
854.31	n/a	NonTarget	1	85431
854.51	n/a	NonTarget	1	85451
854.71	n/a	Target	2	85471
854.91	n/a	NonTarget	1	85491
855.11	n/a	NonTarget	1	85511
855.31	n/a	NonTarget	1	85531
855.51	n/a	NonTarget	1	85551
855.71	n/a	NonTarget	1	85571
855.91	n/a	Target	2	85591
856.11	n/a	NonTarget	1	85611
856.31	n/a	NonTarget	1	85631
856.51	n/a	NonTarget	1	85651
856.73	n/a	NonTarget	1	85673
856.93	n/a	NonTarget	1	85693
857.13	n/a	Target	2	85713
857.33	n/a	NonTarget	1	85733
857.53	n/a	NonTarget	1	85753
857.73	n/a	NonTarget	1	85773
857.94	n/a	NonTarget	1	85794
858.14	n/a	NonTarget	1	85814
858.34	n/a	NonTarget	1	85834
858.54	n/a	NonTarget	1	85854
858.74	n/a	Target	2	85874
858.94	n/a	NonTarget	1	85894
859.14	n/a	NonTarget	1	85914
859.34	n/a	NonTarget	1	85934
859.54	n/a	NonTarget	1	85954
859.74	n/a	NonTarget	1	85974
859.94	n/a	NonTarget	1	85994
860.14	n/a	NonTarget	1	86014
860.34	n/a	Target	2	86034
868.16	n/a	NonTarget	1	86816
868.37	n/a	NonTarget	1	86837
868.57	n/a	NonTarget	1	86857
868.77	n/a	NonTarget	1	86877
868.97	n/a	Target	2	86897
869.17	n/a	NonTarget	1	86917
869.37	n/a	NonTarget	1	86937
869.57	n/a	NonTarget	1	86957
869.77	n/a	NonTarget	1	86977
869.97	n/a	NonTarget	1	86997
870.17	n/a	NonTarget	1	87017
870.37	n/a	Target	2	87037
870.57	n/a	NonTarget	1	87057
870.77	n/a	NonTarget	1	87077
870.97	n/a	Target	2	87097
871.17	n/a	NonTarget	1	87117
871.37	n/a	NonTarget	1	87137
871.57	n/a	NonTarget	1	87157
871.77	n/a	Target	2	87177
871.99	n/a	NonTarget	1	87199
872.19	n/a	NonTarget	1	87219
872.39	n/a	NonTarget	1	87239
872.59	n/a	NonTarget	1	87259
872.79	n/a	NonTarget	1	87279
872.99	n/a	NonTarget	1	87299
873.19	n/a	NonTarget	1	87319
873.39	n/a	Target	2	87339
873.59	n/a	NonTarget	1	87359
873.79	n/a	NonTarget	1	87379
873.99	n/a	NonTarget	1	87399
874.19	n/a	NonTarget	1	87419
874.39	n/a	NonTarget	1	87439
874.59	n/a	NonTarget	1	87459
874.79	n/a	NonTarget	1	87479
874.99	n/a	NonTarget	1	87499
875.19	n/a	Target	2	87519
875.39	n/a	NonTarget	1	87539
875.59	n/a	NonTarget	1	87559
875.79	n/a	NonTarget	1	87579
875.99	n/a	Target	2	87599
876.19	n/a	NonTarget	1	87619
876.39	n/a	NonTarget	1	87639
876.59	n/a	NonTarget	1	87659
876.79	n/a	Target	2	87679
876.98	n/a	NonTarget	1	87698
877.18	n/a	NonTarget	1	87718
877.38	n/a	NonTarget	1	87738
877.58	n/a	NonTarget	1	87758
877.78	n/a	NonTarget	1	87778
877.98	n/a	Target	2	87798
878.18	n/a	NonTarget	1	87818
878.38	n/a	NonTarget	1	87838
878.58	n/a	NonTarget	1	87858
878.78	n/a	NonTarget	1	87878
878.98	n/a	Target	2	87898
879.18	n/a	NonTarget	1	87918
879.38	n/a	NonTarget	1	87938
879.58	n/a	NonTarget	1	87958
879.78	n/a	NonTarget	1	87978
879.98	n/a	NonTarget	1	87998
884.43	n/a	NonTarget	1	88443
884.63	n/a	NonTarget	1	88463
884.83	n/a	NonTarget	1	88483
885.03	n/a	Target	2	88503
885.23	n/a	NonTarget	1	88523
885.43	n/a	NonTarget	1	88543
885.63	n/a	NonTarget	1	88563
885.83	n/a	NonTarget	1	88583
886.03	n/a	Target	2	88603
886.23	n/a	NonTarget	1	88623
886.43	n/a	NonTarget	1	88643
886.63	n/a	NonTarget	1	88663
886.83	n/a	NonTarget	1	88683
887.03	n/a	Target	2	88703
887.23	n/a	NonTarget	1	88723
887.43	n/a	NonTarget	1	88743
887.63	n/a	NonTarget	1	88763
887.83	n/a	NonTarget	1	88783
888.03	n/a	NonTarget	1	88803
888.23	n/a	Target	2	88823
888.43	n/a	NonTarget	1	88843
888.63	n/a	NonTarget	1	88863
888.83	n/a	NonTarget	1	88883
889.03	n/a	NonTarget	1	88903
889.23	n/a	NonTarget	1	88923
889.43	n/a	Target	2	88943
889.63	n/a	NonTarget	1	88963
889.83	n/a	NonTarget	1	88983
890.03	n/a	NonTarget	1	89003
890.23	n/a	NonTarget	1	89023
890.43	n/a	NonTarget	1	89043
890.63	n/a	Target	2	89063
890.83	n/a	NonTarget	1	89083
891.03	n/a	NonTarget	1	89103
891.23	n/a	NonTarget	1	89123
891.43	n/a	NonTarget	1	89143
891.63	n/a	NonTarget	1	89163
891.83	n/a	Target	2	89183
892.03	n/a	NonTarget	1	89203
892.23	n/a	NonTarget	1	89223
892.43	n/a	NonTarget	1	89243
892.63	n/a	NonTarget	1	89263
892.83	n/a	Target	2	89283
893.03	n/a	NonTarget	1	89303
893.23	n/a	NonTarget	1	89323
893.43	n/a	NonTarget	1	89343
893.63	n/a	NonTarget	1	89363
893.83	n/a	NonTarget	1	89383
894.03	n/a	NonTarget	1	89403
894.23	n/a	NonTarget	1	89423
894.43	n/a	NonTarget	1	89443
894.63	n/a	NonTarget	1	89463
894.83	n/a	NonTarget	1	89483
895.03	n/a	Target	2	89503
895.23	n/a	NonTarget	1	89523
895.43	n/a	NonTarget	1	89543
895.63	n/a	NonTarget	1	89563
895.83	n/a	NonTarget	1	89583
896.03	n/a	Target	2	89603
896.23	n/a	NonTarget	1	89623
904.05	n/a	Target	2	90405
904.26	n/a	NonTarget	1	90426
904.46	n/a	NonTarget	1	90446
904.66	n/a	NonTarget	1	90466
904.86	n/a	NonTarget	1	90486
905.06	n/a	NonTarget	1	90506
905.26	n/a	Target	2	90526
905.46	n/a	NonTarget	1	90546
905.66	n/a	NonTarget	1	90566
905.86	n/a	NonTarget	1	90586
906.06	n/a	NonTarget	1	90606
906.26	n/a	NonTarget	1	90626
906.46	n/a	NonTarget	1	90646
906.66	n/a	NonTarget	1	90666
906.86	n/a	Target	2	90686
907.06	n/a	NonTarget	1	90706
907.26	n/a	NonTarget	1	90726
907.46	n/a	NonTarget	1	90746
907.66	n/a	Target	2	90766
907.86	n/a	NonTarget	1	90786
908.06	n/a	NonTarget	1	90806
908.26	n/a	NonTarget	1	90826
908.46	n/a	NonTarget	1	90846
908.66	n/a	NonTarget	1	90866
908.87	n/a	NonTarget	1	90887
909.07	n/a	NonTarget	1	90907
909.27	n/a	NonTarget	1	90927
909.47	n/a	Target	2	90947
909.67	n/a	NonTarget	1	90967
909.87	n/a	NonTarget	1	90987
910.07	n/a	Target	2	91007
910.27	n/a	NonTarget	1	91027
910.47	n/a	NonTarget	1	91047
910.67	n/a	NonTarget	1	91067
910.87	n/a	NonTarget	1	91087
911.07	n/a	NonTarget	1	91107
911.27	n/a	NonTarget	1	91127
911.47	n/a	NonTarget	1	91147
911.67	n/a	NonTarget	1	91167
911.87	n/a	NonTarget	1	91187
912.07	n/a	Target	2	91207
912.27	n/a	NonTarget	1	91227
912.47	n/a	NonTarget	1	91247
912.67	n/a	NonTarget	1	91267
912.87	n/a	NonTarget	1	91287
913.07	n/a	NonTarget	1	91307
913.27	n/a	Target	2	91327
913.47	n/a	NonTarget	1	91347
913.67	n/a	NonTarget	1	91367
913.87	n/a	Target	2	91387
914.07	n/a	NonTarget	1	91407
914.27	n/a	NonTarget	1	91427
914.47	n/a	NonTarget	1	91447
914.67	n/a	NonTarget	1	91467
914.87	n/a	NonTarget	1	91487
915.07	n/a	NonTarget	1	91507
915.27	n/a	NonTarget	1	91527
915.47	n/a	NonTarget	1	91547
915.67	n/a	Target	2	91567
915.87	n/a	NonTarget	1	91587
920.32	n/a	NonTarget	1	92032
920.52	n/a	NonTarget	1	92052
920.72	n/a	NonTarget	1	92072
920.92	n/a	NonTarget	1	92092
921.12	n/a	Target	2	92112
921.32	n/a	NonTarget	1	92132
921.52	n/a	NonTarget	1	92152
921.72	n/a	NonTarget	1	92172
921.92	n/a	NonTarget	1	92192
922.12	n/a	NonTarget	1	92212
922.32	n/a	Target	2	92232
922.52	n/a	NonTarget	1	92252
922.72	n/a	NonTarget	1	92272
922.92	n/a	NonTarget	1	92292
923.12	n/a	NonTarget	1	92312
923.32	n/a	Target	2	92332
923.52	n/a	NonTarget	1	92352
923.72	n/a	NonTarget	1	92372
923.92	n/a	NonTarget	1	92392
924.12	n/a	NonTarget	1	92412
924.32	n/a	NonTarget	1	92432
924.52	n/a	NonTarget	1	92452
924.72	n/a	NonTarget	1	92472
924.92	n/a	Target	2	92492
925.12	n/a	NonTarget	1	92512
925.32	n/a	NonTarget	1	92532
925.52	n/a	Target	2	92552
925.72	n/a	NonTarget	1	92572
925.92	n/a	NonTarget	1	92592
926.12	n/a	NonTarget	1	92612
926.32	n/a	NonTarget	1	92632
926.52	n/a	NonTarget	1	92652
926.72	n/a	NonTarget	1	92672
926.92	n/a	Target	2	92692
927.12	n/a	NonTarget	1	92712
927.32	n/a	NonTarget	1	92732
927.52	n/a	NonTarget	1	92752
927.72	n/a	NonTarget	1	92772
927.92	n/a	NonTarget	1	92792
928.12	n/a	Target	2	92812
928.32	n/a	NonTarget	1	92832
928.52	n/a	NonTarget	1	92852
928.72	n/a	NonTarget	1	92872
928.92	n/a	NonTarget	1	92892
929.12	n/a	Target	2	92912
929.32	n/a	NonTarget	1	92932
929.52	n/a	NonTarget	1	92952
929.72	n/a	NonTarget	1	92972
929.92	n/a	NonTarget	1	92992
930.12	n/a	NonTarget	1	93012
930.32	n/a	NonTarget	1	93032
930.52	n/a	NonTarget	1	93052
930.71	n/a	Target	2	93071
930.91	n/a	NonTarget	1	93091
931.11	n/a	NonTarget	1	93111
931.31	n/a	Target	2	93131
931.51	n/a	NonTarget	1	93151
931.71	n/a	NonTarget	1	93171
931.91	n/a	NonTarget	1	93191
932.11	n/a	NonTarget	1	93211
939.94	n/a	NonTarget	1	93994
940.14	n/a	Target	2	94014
940.34	n/a	NonTarget	1	94034
940.54	n/a	NonTarget	1	94054
940.74	n/a	NonTarget	1	94074
940.94	n/a	NonTarget	1	94094
941.14	n/a	NonTarget	1	94114
941.34	n/a	NonTarget	1	94134
941.54	n/a	NonTarget	1	94154
941.74	n/a	NonTarget	1	94174
941.94	n/a	Target	2	94194
942.14	n/a	NonTarget	1	94214
942.34	n/a	NonTarget	1	94234
942.54	n/a	NonTarget	1	94254
942.74	n/a	Target	2	94274
942.94	n/a	NonTarget	1	94294
943.14	n/a	NonTarget	1	94314
943.34	n/a	NonTarget	1	94334
943.54	n/a	Target	2	94354
943.74	n/a	NonTarget	1	94374
943.94	n/a	NonTarget	1	94394
944.14	n/a	NonTarget	1	94414
944.34	n/a	NonTarget	1	94434
944.54	n/a	NonTarget	1	94454
944.74	n/a	Target	2	94474
944.94	n/a	NonTarget	1	94494
945.14	n/a	NonTarget	1	94514
945.34	n/a	NonTarget	1	94534
945.54	n/a	NonTarget	1	94554
945.74	n/a	NonTarget	1	94574
945.94	n/a	NonTarget	1	94594
946.14	n/a	NonTarget	1	94614
946.34	n/a	NonTarget	1	94634
946.54	n/a	NonTarget	1	94654
946.74	n/a	NonTarget	1	94674
946.94	n/a	Target	2	94694
947.14	n/a	NonTarget	1	94714
947.34	n/a	NonTarget	1	94734
947.54	n/a	Target	2	94754
947.74	n/a	NonTarget	1	94774
947.94	n/a	NonTarget	1	94794
948.14	n/a	NonTarget	1	94814
948.34	n/a	NonTarget	1	94834
948.54	n/a	NonTarget	1	94854
948.74	n/a	NonTarget	1	94874
948.94	n/a	NonTarget	1	94894
949.14	n/a	Target	2	94914
949.34	n/a	NonTarget	1	94934
949.54	n/a	NonTarget	1	94954
949.74	n/a	NonTarget	1	94974
949.94	n/a	Target	2	94994
950.14	n/a	NonTarget	1	95014
950.34	n/a	NonTarget	1	95034
950.54	n/a	NonTarget	1	95054
950.74	n/a	NonTarget	1	95074
950.94	n/a	NonTarget	1	95094
951.14	n/a	Target	2	95114
951.34	n/a	NonTarget	1	95134
951.54	n/a	NonTarget	1	95154
951.74	n/a	NonTarget	1	95174
956.19	n/a	Target	2	95619
956.39	n/a	NonTarget	1	95639
956.59	n/a	NonTarget	1	95659
956.79	n/a	NonTarget	1	95679
956.99	n/a	NonTarget	1	95699
957.19	n/a	NonTarget	1	95719
957.39	n/a	NonTarget	1	95739
957.59	n/a	NonTarget	1	95759
957.79	n/a	Target	2	95779
957.99	n/a	NonTarget	1	95799
958.19	n/a	NonTarget	1	95819
958.39	n/a	NonTarget	1	95839
958.59	n/a	NonTarget	1	95859
958.79	n/a	NonTarget	1	95879
958.99	n/a	NonTarget	1	95899
959.19	n/a	NonTarget	1	95919
959.39	n/a	NonTarget	1	95939
959.59	n/a	Target	2	95959
959.79	n/a	NonTarget	1	95979
959.99	n/a	NonTarget	1	95999
960.19	n/a	NonTarget	1	96019
960.39	n/a	Target	2	96039
960.59	n/a	NonTarget	1	96059
960.79	n/a	NonTarget	1	96079
960.99	n/a	NonTarget	1	96099
961.19	n/a	NonTarget	1	96119
961.39	n/a	NonTarget	1	96139
961.59	n/a	Target	2	96159
961.79	n/a	NonTarget	1	96179
961.99	n/a	NonTarget	1	96199
962.19	n/a	NonTarget	1	96219
962.39	n/a	NonTarget	1	96239
962.59	n/a	NonTarget	1	96259
962.79	n/a	NonTarget	1	96279
962.99	n/a	NonTarget	1	96299
963.19	n/a	Target	2	96319
963.39	n/a	NonTarget	1	96339
963.59	n/a	NonTarget	1	96359
963.79	n/a	NonTarget	1	96379
963.99	n/a	NonTarget	1	96399
964.19	n/a	NonTarget	1	96419
964.39	n/a	Target	2	96439
964.59	n/a	NonTarget	1	96459
964.79	n/a	NonTarget	1	96479
964.99	n/a	NonTarget	1	96499
965.19	n/a	NonTarget	1	96519
965.39	n/a	NonTarget	1	96539
965.59	n/a	Target	2	96559
965.79	n/a	NonTarget	1	96579
965.98	n/a	NonTarget	1	96598
966.18	n/a	Target	2	96618
966.38	n/a	NonTarget	1	96638
966.58	n/a	NonTarget	1	96658
966.78	n/a	NonTarget	1	96678
966.98	n/a	NonTarget	1	96698
967.18	n/a	NonTarget	1	96718
967.38	n/a	NonTarget	1	96738
967.58	n/a	NonTarget	1	96758
967.78	n/a	Target	2	96778
967.98	n/a	NonTarget	1	96798
975.8	n/a	Target	2	97580
976.01	n/a	NonTarget	1	97601
976.22	n/a	NonTarget	1	97622
976.43	n/a	NonTarget	1	97643
976.63	n/a	NonTarget	1	97663
976.83	n/a	NonTarget	1	97683
977.03	n/a	NonTarget	1	97703
977.23	n/a	NonTarget	1	97723
977.43	n/a	NonTarget	1	97743
977.63	n/a	Target	2	97763
977.83	n/a	NonTarget	1	97783
978.03	n/a	NonTarget	1	97803
978.23	n/a	Target	2	97823
978.43	n/a	NonTarget	1	97843
978.63	n/a	NonTarget	1	97863
978.83	n/a	NonTarget	1	97883
979.03	n/a	NonTarget	1	97903
979.23	n/a	NonTarget	1	97923
979.43	n/a	NonTarget	1	97943
979.63	n/a	NonTarget	1	97963
979.83	n/a	NonTarget	1	97983
980.03	n/a	NonTarget	1	98003
980.23	n/a	NonTarget	1	98023
980.43	n/a	Target	2	98043
980.63	n/a	NonTarget	1	98063
980.83	n/a	NonTarget	1	98083
981.03	n/a	NonTarget	1	98103
981.23	n/a	NonTarget	1	98123
981.43	n/a	NonTarget	1	98143
981.63	n/a	Target	2	98163
981.83	n/a	NonTarget	1	98183
982.03	n/a	NonTarget	1	98203
982.23	n/a	NonTarget	1	98223
982.43	n/a	Target	2	98243
982.63	n/a	NonTarget	1	98263
982.83	n/a	NonTarget	1	98283
983.03	n/a	Target	2	98303
983.23	n/a	NonTarget	1	98323
983.43	n/a	NonTarget	1	98343
983.63	n/a	NonTarget	1	98363
983.83	n/a	NonTarget	1	98383
984.03	n/a	NonTarget	1	98403
984.23	n/a	NonTarget	1	98423
984.43	n/a	NonTarget	1	98443
984.63	n/a	NonTarget	1	98463
984.83	n/a	NonTarget	1	98483
985.03	n/a	NonTarget	1	98503
985.23	n/a	Target	2	98523
985.43	n/a	NonTarget	1	98543
985.63	n/a	NonTarget	1	98563
985.83	n/a	NonTarget	1	98583
986.03	n/a	NonTarget	1	98603
986.23	n/a	NonTarget	1	98623
986.43	n/a	Target	2	98643
986.63	n/a	NonTarget	1	98663
986.83	n/a	NonTarget	1	98683
987.03	n/a	Target	2	98703
987.23	n/a	NonTarget	1	98723
987.43	n/a	NonTarget	1	98743
987.63	n/a	NonTarget	1	98763
992.08	n/a	NonTarget	1	99208
992.28	n/a	Target	2	99228
992.48	n/a	NonTarget	1	99248
992.68	n/a	NonTarget	1	99268
992.88	n/a	NonTarget	1	99288
993.07	n/a	NonTarget	1	99307
993.27	n/a	NonTarget	1	99327
993.47	n/a	Target	2	99347
993.67	n/a	NonTarget	1	99367
993.88	n/a	NonTarget	1	99388
994.07	n/a	NonTarget	1	99407
994.27	n/a	NonTarget	1	99427
994.47	n/a	NonTarget	1	99447
994.67	n/a	NonTarget	1	99467
994.87	n/a	NonTarget	1	99487
995.07	n/a	Target	2	99507
995.27	n/a	NonTarget	1	99527
995.47	n/a	NonTarget	1	99547
995.67	n/a	NonTarget	1	99567
995.87	n/a	NonTarget	1	99587
996.07	n/a	NonTarget	1	99607
996.27	n/a	NonTarget	1	99627
996.47	n/a	NonTarget	1	99647
996.67	n/a	Target	2	99667
996.87	n/a	NonTarget	1	99687
997.07	n/a	NonTarget	1	99707
997.27	n/a	Target	2	99727
997.47	n/a	NonTarget	1	99747
997.67	n/a	NonTarget	1	99767
997.87	n/a	NonTarget	1	99787
998.07	n/a	Target	2	99807
998.27	n/a	NonTarget	1	99827
998.47	n/a	NonTarget	1	99847
998.67	n/a	NonTarget	1	99867
998.87	n/a	NonTarget	1	99887
999.07	n/a	NonTarget	1	99907
999.27	n/a	NonTarget	1	99927
999.47	n/a	NonTarget	1	99947
999.67	n/a	Target	2	99967
999.87	n/a	NonTarget	1	99987
1000.07	n/a	NonTarget	1	100007
1000.27	n/a	NonTarget	1	100027
1000.47	n/a	NonTarget	1	100047
1000.67	n/a	Target	2	100067
1000.87	n/a	NonTarget	1	100087
1001.07	n/a	NonTarget	1	100107
1001.27	n/a	NonTarget	1	100127
1001.47	n/a	NonTarget	1	100147
1001.67	n/a	Target	2	100167
1001.87	n/a	NonTarget	1	100187
1002.07	n/a	NonTarget	1	100207
1002.27	n/a	NonTarget	1	100227
1002.47	n/a	NonTarget	1	100247
1002.67	n/a	NonTarget	1	100267
1002.87	n/a	NonTarget	1	100287
1003.07	n/a	Target	2	100307
1003.27	n/a	NonTarget	1	100327
1003.47	n/a	NonTarget	1	100347
1003.67	n/a	NonTarget	1	100367
1003.87	n/a	NonTarget	1	100387
1011.69	n/a	NonTarget	1	101169
1011.9	n/a	NonTarget	1	101190
1012.1	n/a	NonTarget	1	101210
1012.3	n/a	Target	2	101230
1012.5	n/a	NonTarget	1	101250
1012.7	n/a	NonTarget	1	101270
1012.9	n/a	NonTarget	1	101290
1013.1	n/a	NonTarget	1	101310
1013.3	n/a	NonTarget	1	101330
1013.5	n/a	NonTarget	1	101350
1013.7	n/a	NonTarget	1	101370
1013.9	n/a	Target	2	101390
1014.1	n/a	NonTarget	1	101410
1014.3	n/a	NonTarget	1	101430
1014.5	n/a	Target	2	101450
1014.7	n/a	NonTarget	1	101470
1014.9	n/a	NonTarget	1	101490
1015.1	n/a	NonTarget	1	101510
1015.3	n/a	NonTarget	1	101530
1015.5	n/a	NonTarget	1	101550
1015.7	n/a	NonTarget	1	101570
1015.9	n/a	NonTarget	1	101590
1016.1	n/a	NonTarget	1	101610
1016.3	n/a	Target	2	101630
1016.5	n/a	NonTarget	1	101650
1016.7	n/a	NonTarget	1	101670
1016.9	n/a	NonTarget	1	101690
1017.1	n/a	NonTarget	1	101710
1017.3	n/a	Target	2	101730
1017.5	n/a	NonTarget	1	101750
1017.7	n/a	NonTarget	1	101770
1017.9	n/a	NonTarget	1	101790
1018.1	n/a	NonTarget	1	101810
1018.3	n/a	NonTarget	1	101830
1018.5	n/a	Target	2	101850
1018.7	n/a	NonTarget	1	101870
1018.9	n/a	NonTarget	1	101890
1019.1	n/a	Target	2	101910
1019.3	n/a	NonTarget	1	101930
1019.5	n/a	NonTarget	1	101950
1019.7	n/a	NonTarget	1	101970
1019.9	n/a	NonTarget	1	101990
1020.1	n/a	NonTarget	1	102010
1020.3	n/a	NonTarget	1	102030
1020.5	n/a	NonTarget	1	102050
1020.7	n/a	NonTarget	1	102070
1020.9	n/a	NonTarget	1	102090
1021.1	n/a	Target	2	102110
1021.3	n/a	NonTarget	1	102130
1021.5	n/a	NonTarget	1	102150
1021.7	n/a	NonTarget	1	102170
1021.9	n/a	NonTarget	1	102190
1022.1	n/a	NonTarget	1	102210
1022.3	n/a	Target	2	102230
1022.5	n/a	NonTarget	1	102250
1022.7	n/a	NonTarget	1	102270
1022.9	n/a	NonTarget	1	102290
1023.1	n/a	NonTarget	1	102310
1023.3	n/a	Target	2	102330
1023.5	n/a	NonTarget	1	102350
1027.94	n/a	NonTarget	1	102794
1028.15	n/a	NonTarget	1	102815
1028.35	n/a	NonTarget	1	102835
1028.54	n/a	NonTarget	1	102854
1028.75	n/a	Target	2	102875
1028.94	n/a	NonTarget	1	102894
1029.14	n/a	NonTarget	1	102914
1029.34	n/a	NonTarget	1	102934
1029.54	n/a	NonTarget	1	102954
1029.74	n/a	NonTarget	1	102974
1029.94	n/a	NonTarget	1	102994
1030.14	n/a	Target	2	103014
1030.34	n/a	NonTarget	1	103034
1030.54	n/a	NonTarget	1	103054
1030.74	n/a	NonTarget	1	103074
1030.94	n/a	NonTarget	1	103094
1031.14	n/a	NonTarget	1	103114
1031.34	n/a	Target	2	103134
1031.54	n/a	NonTarget	1	103154
1031.74	n/a	NonTarget	1	103174
1031.94	n/a	NonTarget	1	103194
1032.14	n/a	NonTarget	1	103214
1032.34	n/a	Target	2	103234
1032.54	n/a	NonTarget	1	103254
1032.74	n/a	NonTarget	1	103274
1032.94	n/a	NonTarget	1	103294
1033.14	n/a	NonTarget	1	103314
1033.34	n/a	NonTarget	1	103334
1033.54	n/a	NonTarget	1	103354
1033.74	n/a	Target	2	103374
1033.94	n/a	NonTarget	1	103394
1034.14	n/a	NonTarget	1	103414
1034.34	n/a	NonTarget	1	103434
1034.54	n/a	NonTarget	1	103454
1034.74	n/a	NonTarget	1	103474
1034.94	n/a	Target	2	103494
1035.14	n/a	NonTarget	1	103514
1035.34	n/a	NonTarget	1	103534
1035.54	n/a	NonTarget	1	103554
1035.74	n/a	Target	2	103574
1035.94	n/a	NonTarget	1	103594
1036.14	n/a	NonTarget	1	103614
1036.34	n/a	Target	2	103634
1036.54	n/a	NonTarget	1	103654
1036.74	n/a	NonTarget	1	103674
1036.94	n/a	NonTarget	1	103694
1037.14	n/a	NonTarget	1	103714
1037.34	n/a	NonTarget	1	103734
1037.54	n/a	NonTarget	1	103754
1037.74	n/a	NonTarget	1	103774
1037.94	n/a	NonTarget	1	103794
1038.14	n/a	NonTarget	1	103814
1038.34	n/a	NonTarget	1	103834
1038.54	n/a	Target	2	103854
1038.74	n/a	NonTarget	1	103874
1038.94	n/a	NonTarget	1	103894
1039.14	n/a	NonTarget	1	103914
1039.34	n/a	NonTarget	1	103934
1039.54	n/a	Target	2	103954
1039.74	n/a	NonTarget	1	103974
1047.56	n/a	NonTarget	1	104756
1047.77	n/a	NonTarget	1	104777
1047.97	n/a	NonTarget	1	104797
1048.17	n/a	Target	2	104817
1048.37	n/a	NonTarget	1	104837
1048.57	n/a	NonTarget	1	104857
1048.77	n/a	Target	2	104877
1048.97	n/a	NonTarget	1	104897
1049.17	n/a	NonTarget	1	104917
1049.37	n/a	NonTarget	1	104937
1049.59	n/a	NonTarget	1	104959
1049.79	n/a	NonTarget	1	104979
1049.99	n/a	Target	2	104999
1050.19	n/a	NonTarget	1	105019
1050.39	n/a	NonTarget	1	105039
1050.59	n/a	NonTarget	1	105059
1050.79	n/a	NonTarget	1	105079
1050.99	n/a	NonTarget	1	105099
1051.19	n/a	NonTarget	1	105119
1051.39	n/a	NonTarget	1	105139
1051.59	n/a	NonTarget	1	105159
1051.79	n/a	Target	2	105179
1051.99	n/a	NonTarget	1	105199
1052.19	n/a	NonTarget	1	105219
1052.39	n/a	NonTarget	1	105239
1052.59	n/a	Target	2	105259
1052.79	n/a	NonTarget	1	105279
1052.99	n/a	NonTarget	1	105299
1053.19	n/a	NonTarget	1	105319
1053.39	n/a	NonTarget	1	105339
1053.59	n/a	NonTarget	1	105359
1053.79	n/a	Target	2	105379
1053.99	n/a	NonTarget	1	105399
1054.19	n/a	NonTarget	1	105419
1054.39	n/a	NonTarget	1	105439
1054.59	n/a	NonTarget	1	105459
1054.79	n/a	NonTarget	1	105479
1054.99	n/a	NonTarget	1	105499
1055.19	n/a	Target	2	105519
1055.38	n/a	NonTarget	1	105538
1055.59	n/a	NonTarget	1	105559
1055.78	n/a	NonTarget	1	105578
1055.98	n/a	NonTarget	1	105598
1056.18	n/a	NonTarget	1	105618
1056.38	n/a	NonTarget	1	105638
1056.58	n/a	Target	2	105658
1056.78	n/a	NonTarget	1	105678
1056.98	n/a	NonTarget	1	105698
1057.18	n/a	Target	2	105718
1057.38	n/a	NonTarget	1	105738
1057.58	n/a	NonTarget	1	105758
1057.78	n/a	NonTarget	1	105778
1057.98	n/a	NonTarget	1	105798
1058.18	n/a	NonTarget	1	105818
1058.38	n/a	NonTarget	1	105838
1058.58	n/a	NonTarget	1	105858
1058.78	n/a	NonTarget	1	105878
1058.98	n/a	Target	2	105898
1059.18	n/a	NonTarget	1	105918
1059.38	n/a	NonTarget	1	105938
1063.83	n/a	NonTarget	1	106383
1064.03	n/a	NonTarget	1	106403
1064.23	n/a	NonTarget	1	106423
1064.43	n/a	NonTarget	1	106443
1064.63	n/a	Target	2	106463
1064.83	n/a	NonTarget	1	106483
1065.03	n/a	NonTarget	1	106503
1065.23	n/a	NonTarget	1	106523
1065.43	n/a	NonTarget	1	106543
1065.63	n/a	NonTarget	1	106563
1065.83	n/a	NonTarget	1	106583
1066.03	n/a	Target	2	106603
1066.23	n/a	NonTarget	1	106623
1066.43	n/a	NonTarget	1	106643
1066.63	n/a	NonTarget	1	106663
1066.83	n/a	Target	2	106683
1067.03	n/a	NonTarget	1	106703
1067.23	n/a	NonTarget	1	106723
1067.43	n/a	Target	2	106743
1067.63	n/a	NonTarget	1	106763
1067.83	n/a	NonTarget	1	106783
1068.03	n/a	NonTarget	1	106803
1068.23	n/a	NonTarget	1	106823
1068.43	n/a	NonTarget	1	106843
1068.63	n/a	NonTarget	1	106863
1068.83	n/a	NonTarget	1	106883
1069.03	n/a	NonTarget	1	106903
1069.23	n/a	NonTarget	1	106923
1069.43	n/a	NonTarget	1	106943
1069.63	n/a	Target	2	106963
1069.83	n/a	NonTarget	1	106983
1070.03	n/a	NonTarget	1	107003
1070.23	n/a	NonTarget	1	107023
1070.43	n/a	NonTarget	1	107043
1070.63	n/a	NonTarget	1	107063
1070.83	n/a	Target	2	107083
1071.03	n/a	NonTarget	1	107103
1071.23	n/a	NonTarget	1	107123
1071.43	n/a	NonTarget	1	107143
1071.63	n/a	NonTarget	1	107163
1071.83	n/a	Target	2	107183
1072.03	n/a	NonTarget	1	107203
1072.23	n/a	NonTarget	1	107223
1072.43	n/a	NonTarget	1	107243
1072.63	n/a	NonTarget	1	107263
1072.83	n/a	NonTarget	1	107283
1073.03	n/a	Target	2	107303
1073.23	n/a	NonTarget	1	107323
1073.43	n/a	NonTarget	1	107343
1073.63	n/a	NonTarget	1	107363
1073.83	n/a	NonTarget	1	107383
1074.03	n/a	NonTarget	1	107403
1074.23	n/a	NonTarget	1	107423
1074.43	n/a	Target	2	107443
1074.63	n/a	NonTarget	1	107463
1074.83	n/a	NonTarget	1	107483
1075.03	n/a	NonTarget	1	107503
1075.23	n/a	NonTarget	1	107523
1075.43	n/a	NonTarget	1	107543
1075.63	n/a	Target	2	107563
1083.45	n/a	Target	2	108345
1083.66	n/a	NonTarget	1	108366
1083.86	n/a	NonTarget	1	108386
1084.06	n/a	NonTarget	1	108406
1084.26	n/a	NonTarget	1	108426
1084.46	n/a	NonTarget	1	108446
1084.66	n/a	NonTarget	1	108466
1084.86	n/a	Target	2	108486
1085.06	n/a	NonTarget	1	108506
1085.26	n/a	NonTarget	1	108526
1085.46	n/a	NonTarget	1	108546
1085.66	n/a	NonTarget	1	108566
1085.86	n/a	NonTarget	1	108586
1086.06	n/a	NonTarget	1	108606
1086.26	n/a	NonTarget	1	108626
1086.46	n/a	NonTarget	1	108646
1086.66	n/a	Target	2	108666
1086.86	n/a	NonTarget	1	108686
1087.06	n/a	NonTarget	1	108706
1087.26	n/a	Target	2	108726
1087.46	n/a	NonTarget	1	108746
1087.66	n/a	NonTarget	1	108766
1087.86	n/a	NonTarget	1	108786
1088.06	n/a	NonTarget	1	108806
1088.26	n/a	NonTarget	1	108826
1088.46	n/a	NonTarget	1	108846
1088.66	n/a	Target	2	108866
1088.86	n/a	NonTarget	1	108886
1089.06	n/a	NonTarget	1	108906
1089.26	n/a	NonTarget	1	108926
1089.46	n/a	NonTarget	1	108946
1089.66	n/a	NonTarget	1	108966
1089.86	n/a	NonTarget	1	108986
1090.06	n/a	Target	2	109006
1090.26	n/a	NonTarget	1	109026
1090.46	n/a	NonTarget	1	109046
1090.66	n/a	Target	2	109066
1090.86	n/a	NonTarget	1	109086
1091.06	n/a	NonTarget	1	109106
1091.25	n/a	NonTarget	1	109125
1091.45	n/a	NonTarget	1	109145
1091.66	n/a	NonTarget	1	109166
1091.86	n/a	NonTarget	1	109186
1092.07	n/a	NonTarget	1	109207
1092.27	n/a	NonTarget	1	109227
1092.47	n/a	NonTarget	1	109247
1092.67	n/a	NonTarget	1	109267
1092.87	n/a	Target	2	109287
1093.07	n/a	NonTarget	1	109307
1093.27	n/a	NonTarget	1	109327
1093.47	n/a	NonTarget	1	109347
1093.67	n/a	Target	2	109367
1093.87	n/a	NonTarget	1	109387
1094.07	n/a	NonTarget	1	109407
1094.27	n/a	NonTarget	1	109427
1094.47	n/a	Target	2	109447
1094.67	n/a	NonTarget	1	109467
1094.87	n/a	NonTarget	1	109487
1095.07	n/a	NonTarget	1	109507
1095.27	n/a	NonTarget	1	109527
1099.72	n/a	NonTarget	1	109972
1099.92	n/a	NonTarget	1	109992
1100.12	n/a	NonTarget	1	110012
1100.32	n/a	NonTarget	1	110032
1100.52	n/a	NonTarget	1	110052
1100.72	n/a	Target	2	110072
1100.92	n/a	NonTarget	1	110092
1101.12	n/a	NonTarget	1	110112
1101.32	n/a	NonTarget	1	110132
1101.52	n/a	NonTarget	1	110152
1101.72	n/a	Target	2	110172
1101.92	n/a	NonTarget	1	110192
1102.12	n/a	NonTarget	1	110212
1102.32	n/a	NonTarget	1	110232
1102.52	n/a	NonTarget	1	110252
1102.72	n/a	NonTarget	1	110272
1102.92	n/a	NonTarget	1	110292
1103.12	n/a	Target	2	110312
1103.32	n/a	NonTarget	1	110332
1103.52	n/a	NonTarget	1	110352
1103.72	n/a	NonTarget	1	110372
1103.92	n/a	NonTarget	1	110392
1104.12	n/a	Target	2	110412
1104.32	n/a	NonTarget	1	110432
1104.52	n/a	NonTarget	1	110452
1104.72	n/a	NonTarget	1	110472
1104.92	n/a	NonTarget	1	110492
1105.12	n/a	NonTarget	1	110512
1105.32	n/a	NonTarget	1	110532
1105.52	n/a	Target	2	110552
1105.72	n/a	NonTarget	1	110572
1105.92	n/a	NonTarget	1	110592
1106.12	n/a	NonTarget	1	110612
1106.32	n/a	Target	2	110632
1106.52	n/a	NonTarget	1	110652
1106.72	n/a	NonTarget	1	110672
1106.92	n/a	NonTarget	1	110692
1107.12	n/a	Target	2	110712
1107.32	n/a	NonTarget	1	110732
1107.52	n/a	NonTarget	1	110752
1107.72	n/a	NonTarget	1	110772
1107.92	n/a	NonTarget	1	110792
1108.12	n/a	NonTarget	1	110812
1108.32	n/a	NonTarget	1	110832
1108.52	n/a	NonTarget	1	110852
1108.72	n/a	NonTarget	1	110872
1108.91	n/a	NonTarget	1	110891
1109.11	n/a	Target	2	110911
1109.31	n/a	NonTarget	1	110931
1109.51	n/a	NonTarget	1	110951
1109.71	n/a	Target	2	110971
1109.91	n/a	NonTarget	1	110991
1110.11	n/a	NonTarget	1	111011
1110.31	n/a	NonTarget	1	111031
1110.51	n/a	NonTarget	1	111051
1110.71	n/a	NonTarget	1	111071
1110.91	n/a	Target	2	111091
1111.11	n/a	NonTarget	1	111111
1111.31	n/a	NonTarget	1	111131
1111.51	n/a	NonTarget	1	111151
1119.34	n/a	NonTarget	1	111934
1119.54	n/a	NonTarget	1	111954
1119.74	n/a	NonTarget	1	111974
1119.94	n/a	NonTarget	1	111994
1120.14	n/a	NonTarget	1	112014
1120.34	n/a	Target	2	112034
1120.54	n/a	NonTarget	1	112054
1120.74	n/a	NonTarget	1	112074
1120.94	n/a	Target	2	112094
1121.14	n/a	NonTarget	1	112114
1121.34	n/a	NonTarget	1	112134
1121.54	n/a	NonTarget	1	112154
1121.74	n/a	Target	2	112174
1121.98	n/a	NonTarget	1	112198
1122.18	n/a	NonTarget	1	112218
1122.38	n/a	NonTarget	1	112238
1122.58	n/a	NonTarget	1	112258
1122.78	n/a	NonTarget	1	112278
1122.98	n/a	NonTarget	1	112298
1123.21	n/a	Target	2	112321
1123.41	n/a	NonTarget	1	112341
1123.61	n/a	NonTarget	1	112361
1123.81	n/a	NonTarget	1	112381
1124.01	n/a	NonTarget	1	112401
1124.21	n/a	NonTarget	1	112421
1124.43	n/a	NonTarget	1	112443
1124.63	n/a	NonTarget	1	112463
1124.83	n/a	NonTarget	1	112483
1125.03	n/a	NonTarget	1	112503
1125.23	n/a	Target	2	112523
1125.48	n/a	NonTarget	1	112548
1125.68	n/a	NonTarget	1	112568
1125.88	n/a	NonTarget	1	112588
1126.08	n/a	NonTarget	1	112608
1126.28	n/a	Target	2	112628
1126.48	n/a	NonTarget	1	112648
1126.74	n/a	NonTarget	1	112674
1126.94	n/a	NonTarget	1	112694
1127.14	n/a	Target	2	112714
1127.34	n/a	NonTarget	1	112734
1127.54	n/a	NonTarget	1	112754
1127.74	n/a	NonTarget	1	112774
1127.94	n/a	Target	2	112794
1128.14	n/a	NonTarget	1	112814
1128.34	n/a	NonTarget	1	112834
1128.54	n/a	NonTarget	1	112854
1128.74	n/a	NonTarget	1	112874
1128.94	n/a	NonTarget	1	112894
1129.14	n/a	NonTarget	1	112914
1129.34	n/a	NonTarget	1	112934
1129.54	n/a	Target	2	112954
1129.74	n/a	NonTarget	1	112974
1129.94	n/a	NonTarget	1	112994
1130.14	n/a	NonTarget	1	113014
1130.34	n/a	Target	2	113034
1130.54	n/a	NonTarget	1	113054
1130.74	n/a	NonTarget	1	113074
1130.94	n/a	NonTarget	1	113094
1131.14	n/a	NonTarget	1	113114
1131.34	n/a	NonTarget	1	113134
1135.79	n/a	NonTarget	1	113579
1135.99	n/a	Target	2	113599
1136.19	n/a	NonTarget	1	113619
1136.39	n/a	NonTarget	1	113639
1136.59	n/a	NonTarget	1	113659
1136.79	n/a	NonTarget	1	113679
1136.99	n/a	NonTarget	1	113699
1137.19	n/a	NonTarget	1	113719
1137.39	n/a	Target	2	113739
1137.59	n/a	NonTarget	1	113759
1137.79	n/a	NonTarget	1	113779
1137.99	n/a	NonTarget	1	113799
1138.19	n/a	NonTarget	1	113819
1138.39	n/a	NonTarget	1	113839
1138.59	n/a	Target	2	113859
1138.79	n/a	NonTarget	1	113879
1138.99	n/a	NonTarget	1	113899
1139.2	n/a	NonTarget	1	113920
1139.4	n/a	NonTarget	1	113940
1139.6	n/a	NonTarget	1	113960
1139.8	n/a	NonTarget	1	113980
1140.0	n/a	Target	2	114000
1140.22	n/a	NonTarget	1	114022
1140.42	n/a	NonTarget	1	114042
1140.62	n/a	NonTarget	1	114062
1140.82	n/a	NonTarget	1	114082
1141.02	n/a	NonTarget	1	114102
1141.22	n/a	NonTarget	1	114122
1141.42	n/a	NonTarget	1	114142
1141.62	n/a	Target	2	114162
1141.82	n/a	NonTarget	1	114182
1142.02	n/a	NonTarget	1	114202
1142.22	n/a	NonTarget	1	114222
1142.42	n/a	Target	2	114242
1142.62	n/a	NonTarget	1	114262
1142.82	n/a	NonTarget	1	114282
1143.02	n/a	NonTarget	1	114302
1143.22	n/a	NonTarget	1	114322
1143.42	n/a	NonTarget	1	114342
1143.62	n/a	NonTarget	1	114362
1143.82	n/a	Target	2	114382
1144.02	n/a	NonTarget	1	114402
1144.22	n/a	NonTarget	1	114422
1144.42	n/a	NonTarget	1	114442
1144.62	n/a	Target	2	114462
1144.82	n/a	NonTarget	1	114482
1145.02	n/a	NonTarget	1	114502
1145.22	n/a	NonTarget	1	114522
1145.42	n/a	NonTarget	1	114542
1145.62	n/a	Target	2	114562
1145.82	n/a	NonTarget	1	114582
1146.02	n/a	NonTarget	1	114602
1146.22	n/a	NonTarget	1	114622
1146.42	n/a	NonTarget	1	114642
1146.62	n/a	NonTarget	1	114662
1146.82	n/a	NonTarget	1	114682
1147.02	n/a	NonTarget	1	114702
1147.22	n/a	Target	2	114722
1147.42	n/a	NonTarget	1	114742
1147.62	n/a	NonTarget	1	114762
1155.44	n/a	Target	2	115544
1155.65	n/a	NonTarget	1	115565
1155.85	n/a	NonTarget	1	115585
1156.05	n/a	NonTarget	1	115605
1156.25	n/a	NonTarget	1	115625
1156.45	n/a	NonTarget	1	115645
1156.65	n/a	NonTarget	1	115665
1156.85	n/a	NonTarget	1	115685
1157.05	n/a	NonTarget	1	115705
1157.25	n/a	Target	2	115725
1157.45	n/a	NonTarget	1	115745
1157.65	n/a	NonTarget	1	115765
1157.85	n/a	NonTarget	1	115785
1158.05	n/a	Target	2	115805
1158.26	n/a	NonTarget	1	115826
1158.46	n/a	NonTarget	1	115846
1158.66	n/a	NonTarget	1	115866
1158.86	n/a	NonTarget	1	115886
1159.06	n/a	NonTarget	1	115906
1159.26	n/a	NonTarget	1	115926
1159.46	n/a	NonTarget	1	115946
1159.66	n/a	NonTarget	1	115966
1159.86	n/a	NonTarget	1	115986
1160.06	n/a	Target	2	116006
1160.26	n/a	NonTarget	1	116026
1160.46	n/a	NonTarget	1	116046
1160.66	n/a	NonTarget	1	116066
1160.86	n/a	Target	2	116086
1161.06	n/a	NonTarget	1	116106
1161.26	n/a	NonTarget	1	116126
1161.46	n/a	NonTarget	1	116146
1161.66	n/a	NonTarget	1	116166
1161.86	n/a	Target	2	116186
1162.06	n/a	NonTarget	1	116206
1162.26	n/a	NonTarget	1	116226
1162.46	n/a	NonTarget	1	116246
1162.66	n/a	NonTarget	1	116266
1162.86	n/a	Target	2	116286
1163.06	n/a	NonTarget	1	116306
1163.26	n/a	NonTarget	1	116326
1163.46	n/a	NonTarget	1	116346
1163.66	n/a	NonTarget	1	116366
1163.86	n/a	NonTarget	1	116386
1164.06	n/a	NonTarget	1	116406
1164.26	n/a	NonTarget	1	116426
1164.46	n/a	Target	2	116446
1164.66	n/a	NonTarget	1	116466
1164.86	n/a	NonTarget	1	116486
1165.06	n/a	NonTarget	1	116506
1165.26	n/a	NonTarget	1	116526
1165.46	n/a	NonTarget	1	116546
1165.66	n/a	Target	2	116566
1165.86	n/a	NonTarget	1	116586
1166.06	n/a	NonTarget	1	116606
1166.26	n/a	NonTarget	1	116626
1166.46	n/a	NonTarget	1	116646
1166.66	n/a	NonTarget	1	116666
1166.86	n/a	Target	2	116686
1167.06	n/a	NonTarget	1	116706
1167.26	n/a	NonTarget	1	116726
1171.71	n/a	NonTarget	1	117171
1171.92	n/a	NonTarget	1	117192
1172.12	n/a	Target	2	117212
1172.33	n/a	NonTarget	1	117233
1172.52	n/a	NonTarget	1	117252
1172.73	n/a	NonTarget	1	117273
1172.92	n/a	NonTarget	1	117292
1173.12	n/a	NonTarget	1	117312
1173.32	n/a	NonTarget	1	117332
1173.54	n/a	NonTarget	1	117354
1173.74	n/a	Target	2	117374
1173.94	n/a	NonTarget	1	117394
1174.14	n/a	NonTarget	1	117414
1174.36	n/a	NonTarget	1	117436
1174.56	n/a	NonTarget	1	117456
1174.76	n/a	NonTarget	1	117476
1174.96	n/a	Target	2	117496
1175.16	n/a	NonTarget	1	117516
1175.36	n/a	NonTarget	1	117536
1175.56	n/a	NonTarget	1	117556
1175.76	n/a	Target	2	117576
1175.96	n/a	NonTarget	1	117596
1176.16	n/a	NonTarget	1	117616
1176.36	n/a	NonTarget	1	117636
1176.56	n/a	NonTarget	1	117656
1176.76	n/a	NonTarget	1	117676
1176.96	n/a	NonTarget	1	117696
1177.16	n/a	Target	2	117716
1177.36	n/a	NonTarget	1	117736
1177.56	n/a	NonTarget	1	117756
1177.76	n/a	NonTarget	1	117776
1177.96	n/a	Target	2	117796
1178.16	n/a	NonTarget	1	117816
1178.36	n/a	NonTarget	1	117836
1178.56	n/a	NonTarget	1	117856
1178.76	n/a	NonTarget	1	117876
1178.96	n/a	NonTarget	1	117896
1179.16	n/a	NonTarget	1	117916
1179.36	n/a	NonTarget	1	117936
1179.56	n/a	NonTarget	1	117956
1179.76	n/a	NonTarget	1	117976
1179.96	n/a	Target	2	117996
1180.15	n/a	NonTarget	1	118015
1180.35	n/a	NonTarget	1	118035
1180.56	n/a	NonTarget	1	118056
1180.75	n/a	NonTarget	1	118075
1180.95	n/a	NonTarget	1	118095
1181.15	n/a	Target	2	118115
1181.35	n/a	NonTarget	1	118135
1181.55	n/a	NonTarget	1	118155
1181.75	n/a	NonTarget	1	118175
1181.95	n/a	NonTarget	1	118195
1182.15	n/a	NonTarget	1	118215
1182.35	n/a	Target	2	118235
1182.55	n/a	NonTarget	1	118255
1182.75	n/a	NonTarget	1	118275
1182.95	n/a	NonTarget	1	118295
1183.15	n/a	NonTarget	1	118315
1183.35	n/a	NonTarget	1	118335
1183.55	n/a	Target	2	118355
1191.37	n/a	NonTarget	1	119137
1191.58	n/a	NonTarget	1	119158
1191.78	n/a	NonTarget	1	119178
1191.98	n/a	NonTarget	1	119198
1192.18	n/a	NonTarget	1	119218
1192.38	n/a	Target	2	119238
1192.58	n/a	NonTarget	1	119258
1192.78	n/a	NonTarget	1	119278
1192.98	n/a	NonTarget	1	119298
1193.18	n/a	Target	2	119318
1193.38	n/a	NonTarget	1	119338
1193.58	n/a	NonTarget	1	119358
1193.78	n/a	NonTarget	1	119378
1193.98	n/a	NonTarget	1	119398
1194.18	n/a	NonTarget	1	119418
1194.38	n/a	Target	2	119438
1194.58	n/a	NonTarget	1	119458
1194.78	n/a	NonTarget	1	119478
1194.98	n/a	NonTarget	1	119498
1195.18	n/a	NonTarget	1	119518
1195.38	n/a	NonTarget	1	119538
1195.58	n/a	NonTarget	1	119558
1195.78	n/a	NonTarget	1	119578
1195.98	n/a	Target	2	119598
1196.18	n/a	NonTarget	1	119618
1196.38	n/a	NonTarget	1	119638
1196.58	n/a	NonTarget	1	119658
1196.78	n/a	NonTarget	1	119678
1196.98	n/a	Target	2	119698
1197.18	n/a	NonTarget	1	119718
1197.38	n/a	NonTarget	1	119738
1197.58	n/a	NonTarget	1	119758
1197.78	n/a	NonTarget	1	119778
1197.98	n/a	NonTarget	1	119798
1198.18	n/a	Target	2	119818
1198.38	n/a	NonTarget	1	119838
1198.58	n/a	NonTarget	1	119858
1198.78	n/a	NonTarget	1	119878
1198.98	n/a	NonTarget	1	119898
1199.18	n/a	NonTarget	1	119918
1199.38	n/a	Target	2	119938
1199.58	n/a	NonTarget	1	119958
1199.78	n/a	NonTarget	1	119978
1199.98	n/a	NonTarget	1	119998
1200.18	n/a	NonTarget	1	120018
1200.38	n/a	NonTarget	1	120038
1200.58	n/a	Target	2	120058
1200.78	n/a	NonTarget	1	120078
1200.98	n/a	NonTarget	1	120098
1201.18	n/a	Target	2	120118
1201.38	n/a	NonTarget	1	120138
1201.58	n/a	NonTarget	1	120158
1201.78	n/a	NonTarget	1	120178
1201.98	n/a	NonTarget	1	120198
1202.18	n/a	NonTarget	1	120218
1202.38	n/a	NonTarget	1	120238
1202.58	n/a	NonTarget	1	120258
1202.78	n/a	Target	2	120278
1202.98	n/a	NonTarget	1	120298
1203.18	n/a	NonTarget	1	120318
1207.63	n/a	NonTarget	1	120763
1207.83	n/a	NonTarget	1	120783
1208.03	n/a	NonTarget	1	120803
1208.23	n/a	Target	2	120823
1208.43	n/a	NonTarget	1	120843
1208.63	n/a	NonTarget	1	120863
1208.83	n/a	NonTarget	1	120883
1209.03	n/a	Target	2	120903
1209.23	n/a	NonTarget	1	120923
1209.43	n/a	NonTarget	1	120943
1209.63	n/a	NonTarget	1	120963
1209.83	n/a	NonTarget	1	120983
1210.03	n/a	NonTarget	1	121003
1210.23	n/a	NonTarget	1	121023
1210.43	n/a	NonTarget	1	121043
1210.63	n/a	Target	2	121063
1210.83	n/a	NonTarget	1	121083
1211.03	n/a	NonTarget	1	121103
1211.23	n/a	NonTarget	1	121123
1211.43	n/a	NonTarget	1	121143
1211.63	n/a	NonTarget	1	121163
1211.83	n/a	NonTarget	1	121183
1212.03	n/a	Target	2	121203
1212.23	n/a	NonTarget	1	121223
1212.43	n/a	NonTarget	1	121243
1212.63	n/a	NonTarget	1	121263
1212.83	n/a	NonTarget	1	121283
1213.03	n/a	NonTarget	1	121303
1213.23	n/a	NonTarget	1	121323
1213.43	n/a	Target	2	121343
1213.63	n/a	NonTarget	1	121363
1213.83	n/a	NonTarget	1	121383
1214.03	n/a	NonTarget	1	121403
1214.23	n/a	NonTarget	1	121423
1214.43	n/a	NonTarget	1	121443
1214.63	n/a	Target	2	121463
1214.83	n/a	NonTarget	1	121483
1215.03	n/a	NonTarget	1	121503
1215.23	n/a	NonTarget	1	121523
1215.43	n/a	Target	2	121543
1215.63	n/a	NonTarget	1	121563
1215.82	n/a	NonTarget	1	121582
1216.02	n/a	NonTarget	1	121602
1216.22	n/a	NonTarget	1	121622
1216.42	n/a	NonTarget	1	121642
1216.62	n/a	Target	2	121662
1216.82	n/a	NonTarget	1	121682
1217.02	n/a	NonTarget	1	121702
1217.22	n/a	NonTarget	1	121722
1217.42	n/a	NonTarget	1	121742
1217.62	n/a	Target	2	121762
1217.82	n/a	NonTarget	1	121782
1218.02	n/a	NonTarget	1	121802
1218.22	n/a	NonTarget	1	121822
1218.42	n/a	NonTarget	1	121842
1218.62	n/a	Target	2	121862
1218.82	n/a	NonTarget	1	121882
1219.02	n/a	NonTarget	1	121902
1219.22	n/a	NonTarget	1	121922
1219.42	n/a	NonTarget	1	121942
1227.24	n/a	NonTarget	1	122724
1227.45	n/a	Target	2	122745
1227.65	n/a	NonTarget	1	122765
1227.85	n/a	NonTarget	1	122785
1228.05	n/a	NonTarget	1	122805
1228.25	n/a	NonTarget	1	122825
1228.45	n/a	NonTarget	1	122845
1228.65	n/a	Target	2	122865
1228.85	n/a	NonTarget	1	122885
1229.05	n/a	NonTarget	1	122905
1229.25	n/a	NonTarget	1	122925
1229.45	n/a	NonTarget	1	122945
1229.65	n/a	NonTarget	1	122965
1229.85	n/a	Target	2	122985
1230.05	n/a	NonTarget	1	123005
1230.25	n/a	NonTarget	1	123025
1230.45	n/a	NonTarget	1	123045
1230.65	n/a	NonTarget	1	123065
1230.85	n/a	NonTarget	1	123085
1231.05	n/a	NonTarget	1	123105
1231.25	n/a	NonTarget	1	123125
1231.45	n/a	Target	2	123145
1231.65	n/a	NonTarget	1	123165
1231.85	n/a	NonTarget	1	123185
1232.05	n/a	NonTarget	1	123205
1232.25	n/a	NonTarget	1	123225
1232.45	n/a	NonTarget	1	123245
1232.65	n/a	NonTarget	1	123265
1232.85	n/a	NonTarget	1	123285
1233.05	n/a	Target	2	123305
1233.25	n/a	NonTarget	1	123325
1233.45	n/a	NonTarget	1	123345
1233.65	n/a	Target	2	123365
1233.85	n/a	NonTarget	1	123385
1234.05	n/a	NonTarget	1	123405
1234.25	n/a	NonTarget	1	123425
1234.45	n/a	NonTarget	1	123445
1234.65	n/a	Target	2	123465
1234.85	n/a	NonTarget	1	123485
1235.05	n/a	NonTarget	1	123505
1235.25	n/a	NonTarget	1	123525
1235.45	n/a	NonTarget	1	123545
1235.65	n/a	NonTarget	1	123565
1235.85	n/a	NonTarget	1	123585
1236.05	n/a	NonTarget	1	123605
1236.25	n/a	NonTarget	1	123625
1236.45	n/a	NonTarget	1	123645
1236.67	n/a	Target	2	123667
1236.87	n/a	NonTarget	1	123687
1237.07	n/a	NonTarget	1	123707
1237.27	n/a	NonTarget	1	123727
1237.47	n/a	NonTarget	1	123747
1237.67	n/a	Target	2	123767
1237.87	n/a	NonTarget	1	123787
1238.07	n/a	NonTarget	1	123807
1238.27	n/a	NonTarget	1	123827
1238.47	n/a	NonTarget	1	123847
1238.67	n/a	NonTarget	1	123867
1238.87	n/a	NonTarget	1	123887
1239.07	n/a	Target	2	123907
1243.51	n/a	NonTarget	1	124351
1243.71	n/a	NonTarget	1	124371
1243.91	n/a	Target	2	124391
1244.11	n/a	NonTarget	1	124411
1244.31	n/a	NonTarget	1	124431
1244.51	n/a	NonTarget	1	124451
1244.71	n/a	NonTarget	1	124471
1244.91	n/a	NonTarget	1	124491
1245.11	n/a	NonTarget	1	124511
1245.31	n/a	NonTarget	1	124531
1245.51	n/a	Target	2	124551
1245.71	n/a	NonTarget	1	124571
1245.91	n/a	NonTarget	1	124591
1246.11	n/a	Target	2	124611
1246.31	n/a	NonTarget	1	124631
1246.51	n/a	NonTarget	1	124651
1246.71	n/a	NonTarget	1	124671
1246.91	n/a	NonTarget	1	124691
1247.11	n/a	NonTarget	1	124711
1247.31	n/a	NonTarget	1	124731
1247.51	n/a	NonTarget	1	124751
1247.71	n/a	NonTarget	1	124771
1247.91	n/a	Target	2	124791
1248.11	n/a	NonTarget	1	124811
1248.31	n/a	NonTarget	1	124831
1248.51	n/a	NonTarget	1	124851
1248.71	n/a	NonTarget	1	124871
1248.91	n/a	NonTarget	1	124891
1249.11	n/a	Target	2	124911
1249.31	n/a	NonTarget	1	124931
1249.51	n/a	NonTarget	1	124951
1249.71	n/a	NonTarget	1	124971
1249.91	n/a	NonTarget	1	124991
1250.11	n/a	NonTarget	1	125011
1250.31	n/a	Target	2	125031
1250.51	n/a	NonTarget	1	125051
1250.71	n/a	NonTarget	1	125071
1250.91	n/a	NonTarget	1	125091
1251.11	n/a	NonTarget	1	125111
1251.31	n/a	NonTarget	1	125131
1251.51	n/a	NonTarget	1	125151
1251.71	n/a	Target	2	125171
1251.91	n/a	NonTarget	1	125191
1252.11	n/a	NonTarget	1	125211
1252.31	n/a	NonTarget	1	125231
1252.51	n/a	Target	2	125251
1252.71	n/a	NonTarget	1	125271
1252.91	n/a	NonTarget	1	125291
1253.11	n/a	Target	2	125311
1253.31	n/a	NonTarget	1	125331
1253.51	n/a	NonTarget	1	125351
1253.71	n/a	NonTarget	1	125371
1253.91	n/a	NonTarget	1	125391
1254.11	n/a	NonTarget	1	125411
1254.31	n/a	Target	2	125431
1254.51	n/a	NonTarget	1	125451
1254.71	n/a	NonTarget	1	125471
1254.91	n/a	NonTarget	1	125491
1255.11	n/a	NonTarget	1	125511
1255.31	n/a	NonTarget	1	125531
1263.13	n/a	NonTarget	1	126313
1263.34	n/a	NonTarget	1	126334
1263.54	n/a	Target	2	126354
1263.74	n/a	NonTarget	1	126374
1263.94	n/a	NonTarget	1	126394
1264.14	n/a	NonTarget	1	126414
1264.34	n/a	NonTarget	1	126434
1264.54	n/a	Target	2	126454
1264.74	n/a	NonTarget	1	126474
1264.94	n/a	NonTarget	1	126494
1265.14	n/a	NonTarget	1	126514
1265.34	n/a	NonTarget	1	126534
1265.54	n/a	Target	2	126554
1265.74	n/a	NonTarget	1	126574
1265.94	n/a	NonTarget	1	126594
1266.14	n/a	NonTarget	1	126614
1266.34	n/a	NonTarget	1	126634
1266.54	n/a	NonTarget	1	126654
1266.74	n/a	NonTarget	1	126674
1266.94	n/a	NonTarget	1	126694
1267.14	n/a	NonTarget	1	126714
1267.34	n/a	Target	2	126734
1267.54	n/a	NonTarget	1	126754
1267.74	n/a	NonTarget	1	126774
1267.94	n/a	Target	2	126794
1268.14	n/a	NonTarget	1	126814
1268.34	n/a	NonTarget	1	126834
1268.54	n/a	NonTarget	1	126854
1268.74	n/a	NonTarget	1	126874
1268.94	n/a	NonTarget	1	126894
1269.14	n/a	NonTarget	1	126914
1269.34	n/a	NonTarget	1	126934
1269.54	n/a	NonTarget	1	126954
1269.74	n/a	NonTarget	1	126974
1269.94	n/a	Target	2	126994
1270.14	n/a	NonTarget	1	127014
1270.34	n/a	NonTarget	1	127034
1270.54	n/a	Target	2	127054
1270.74	n/a	NonTarget	1	127074
1270.94	n/a	NonTarget	1	127094
1271.14	n/a	NonTarget	1	127114
1271.34	n/a	NonTarget	1	127134
1271.54	n/a	NonTarget	1	127154
1271.74	n/a	Target	2	127174
1271.94	n/a	NonTarget	1	127194
1272.14	n/a	NonTarget	1	127214
1272.34	n/a	NonTarget	1	127234
1272.54	n/a	NonTarget	1	127254
1272.74	n/a	NonTarget	1	127274
1272.94	n/a	NonTarget	1	127294
1273.14	n/a	NonTarget	1	127314
1273.34	n/a	Target	2	127334
1273.54	n/a	NonTarget	1	127354
1273.74	n/a	NonTarget	1	127374
1273.94	n/a	NonTarget	1	127394
1274.14	n/a	NonTarget	1	127414
1274.34	n/a	Target	2	127434
1274.54	n/a	NonTarget	1	127454
1274.74	n/a	NonTarget	1	127474
1274.94	n/a	NonTarget	1	127494
1279.38	n/a	NonTarget	1	127938
1279.58	n/a	NonTarget	1	127958
1279.78	n/a	NonTarget	1	127978
1279.98	n/a	NonTarget	1	127998
1280.18	n/a	NonTarget	1	128018
1280.38	n/a	Target	2	128038
1280.58	n/a	NonTarget	1	128058
1280.78	n/a	NonTarget	1	128078
1280.98	n/a	NonTarget	1	128098
1281.18	n/a	Target	2	128118
1281.38	n/a	NonTarget	1	128138
1281.58	n/a	NonTarget	1	128158
1281.78	n/a	NonTarget	1	128178
1281.98	n/a	NonTarget	1	128198
1282.18	n/a	NonTarget	1	128218
1282.38	n/a	NonTarget	1	128238
1282.58	n/a	NonTarget	1	128258
1282.78	n/a	Target	2	128278
1282.98	n/a	NonTarget	1	128298
1283.18	n/a	NonTarget	1	128318
1283.38	n/a	NonTarget	1	128338
1283.58	n/a	NonTarget	1	128358
1283.78	n/a	NonTarget	1	128378
1283.98	n/a	Target	2	128398
1284.18	n/a	NonTarget	1	128418
1284.38	n/a	NonTarget	1	128438
1284.58	n/a	NonTarget	1	128458
1284.78	n/a	NonTarget	1	128478
1284.98	n/a	Target	2	128498
1285.18	n/a	NonTarget	1	128518
1285.38	n/a	NonTarget	1	128538
1285.58	n/a	NonTarget	1	128558
1285.78	n/a	NonTarget	1	128578
1285.98	n/a	NonTarget	1	128598
1286.18	n/a	NonTarget	1	128618
1286.38	n/a	Target	2	128638
1286.58	n/a	NonTarget	1	128658
1286.78	n/a	NonTarget	1	128678
1286.98	n/a	NonTarget	1	128698
1287.18	n/a	Target	2	128718
1287.38	n/a	NonTarget	1	128738
1287.58	n/a	NonTarget	1	128758
1287.78	n/a	Target	2	128778
1287.98	n/a	NonTarget	1	128798
1288.18	n/a	NonTarget	1	128818
1288.38	n/a	NonTarget	1	128838
1288.58	n/a	NonTarget	1	128858
1288.78	n/a	NonTarget	1	128878
1288.98	n/a	NonTarget	1	128898
1289.18	n/a	NonTarget	1	128918
1289.38	n/a	NonTarget	1	128938
1289.58	n/a	NonTarget	1	128958
1289.78	n/a	NonTarget	1	128978
1289.98	n/a	Target	2	128998
1290.18	n/a	NonTarget	1	129018
1290.38	n/a	NonTarget	1	129038
1290.58	n/a	NonTarget	1	129058
1290.78	n/a	Target	2	129078
1290.98	n/a	NonTarget	1	129098
1291.18	n/a	NonTarget	1	129118
1299.0	n/a	NonTarget	1	129900
1299.21	n/a	Target	2	129921
1299.41	n/a	NonTarget	1	129941
1299.63	n/a	NonTarget	1	129963
1299.83	n/a	NonTarget	1	129983
1300.03	n/a	NonTarget	1	130003
1300.23	n/a	NonTarget	1	130023
1300.43	n/a	NonTarget	1	130043
1300.63	n/a	NonTarget	1	130063
1300.83	n/a	NonTarget	1	130083
1301.03	n/a	Target	2	130103
1301.23	n/a	NonTarget	1	130123
1301.43	n/a	NonTarget	1	130143
1301.63	n/a	Target	2	130163
1301.83	n/a	NonTarget	1	130183
1302.03	n/a	NonTarget	1	130203
1302.23	n/a	NonTarget	1	130223
1302.43	n/a	NonTarget	1	130243
1302.63	n/a	Target	2	130263
1302.83	n/a	NonTarget	1	130283
1303.03	n/a	NonTarget	1	130303
1303.23	n/a	NonTarget	1	130323
1303.43	n/a	NonTarget	1	130343
1303.63	n/a	NonTarget	1	130363
1303.83	n/a	NonTarget	1	130383
1304.03	n/a	NonTarget	1	130403
1304.23	n/a	NonTarget	1	130423
1304.43	n/a	NonTarget	1	130443
1304.63	n/a	NonTarget	1	130463
1304.83	n/a	Target	2	130483
1305.02	n/a	NonTarget	1	130502
1305.22	n/a	NonTarget	1	130522
1305.42	n/a	NonTarget	1	130542
1305.62	n/a	Target	2	130562
1305.82	n/a	NonTarget	1	130582
1306.02	n/a	NonTarget	1	130602
1306.22	n/a	NonTarget	1	130622
1306.42	n/a	NonTarget	1	130642
1306.62	n/a	NonTarget	1	130662
1306.82	n/a	NonTarget	1	130682
1307.02	n/a	NonTarget	1	130702
1307.22	n/a	Target	2	130722
1307.42	n/a	NonTarget	1	130742
1307.62	n/a	NonTarget	1	130762
1307.82	n/a	NonTarget	1	130782
1308.02	n/a	Target	2	130802
1308.22	n/a	NonTarget	1	130822
1308.42	n/a	NonTarget	1	130842
1308.62	n/a	NonTarget	1	130862
1308.82	n/a	NonTarget	1	130882
1309.02	n/a	Target	2	130902
1309.22	n/a	NonTarget	1	130922
1309.42	n/a	NonTarget	1	130942
1309.62	n/a	NonTarget	1	130962
1309.82	n/a	NonTarget	1	130982
1310.02	n/a	NonTarget	1	131002
1310.22	n/a	NonTarget	1	131022
1310.42	n/a	Target	2	131042
1310.62	n/a	NonTarget	1	131062
1310.82	n/a	NonTarget	1	131082
1315.27	n/a	NonTarget	1	131527
1315.47	n/a	NonTarget	1	131547
1315.67	n/a	NonTarget	1	131567
1315.87	n/a	Target	2	131587
1316.07	n/a	NonTarget	1	131607
1316.27	n/a	NonTarget	1	131627
1316.47	n/a	NonTarget	1	131647
1316.67	n/a	NonTarget	1	131667
1316.87	n/a	NonTarget	1	131687
1317.07	n/a	NonTarget	1	131707
1317.27	n/a	NonTarget	1	131727
1317.47	n/a	Target	2	131747
1317.67	n/a	NonTarget	1	131767
1317.87	n/a	NonTarget	1	131787
1318.07	n/a	NonTarget	1	131807
1318.27	n/a	NonTarget	1	131827
1318.47	n/a	Target	2	131847
1318.67	n/a	NonTarget	1	131867
1318.87	n/a	NonTarget	1	131887
1319.07	n/a	NonTarget	1	131907
1319.27	n/a	NonTarget	1	131927
1319.47	n/a	Target	2	131947
1319.67	n/a	NonTarget	1	131967
1319.87	n/a	NonTarget	1	131987
1320.07	n/a	NonTarget	1	132007
1320.27	n/a	NonTarget	1	132027
1320.47	n/a	NonTarget	1	132047
1320.67	n/a	Target	2	132067
1320.87	n/a	NonTarget	1	132087
1321.07	n/a	NonTarget	1	132107
1321.27	n/a	NonTarget	1	132127
1321.47	n/a	NonTarget	1	132147
1321.67	n/a	NonTarget	1	132167
1321.87	n/a	NonTarget	1	132187
1322.07	n/a	NonTarget	1	132207
1322.27	n/a	Target	2	132227
1322.47	n/a	NonTarget	1	132247
1322.67	n/a	NonTarget	1	132267
1322.87	n/a	Target	2	132287
1323.07	n/a	NonTarget	1	132307
1323.27	n/a	NonTarget	1	132327
1323.47	n/a	NonTarget	1	132347
1323.67	n/a	Target	2	132367
1323.87	n/a	NonTarget	1	132387
1324.07	n/a	NonTarget	1	132407
1324.27	n/a	NonTarget	1	132427
1324.47	n/a	NonTarget	1	132447
1324.67	n/a	NonTarget	1	132467
1324.87	n/a	Target	2	132487
1325.07	n/a	NonTarget	1	132507
1325.27	n/a	NonTarget	1	132527
1325.47	n/a	NonTarget	1	132547
1325.67	n/a	NonTarget	1	132567
1325.87	n/a	NonTarget	1	132587
1326.07	n/a	NonTarget	1	132607
1326.27	n/a	NonTarget	1	132627
1326.47	n/a	NonTarget	1	132647
1326.67	n/a	NonTarget	1	132667
1326.87	n/a	NonTarget	1	132687
1327.07	n/a	Target	2	132707
1341.97	n/a	NonTarget	1	134197
1342.18	n/a	NonTarget	1	134218
1342.38	n/a	Target	2	134238
1342.58	n/a	NonTarget	1	134258
1342.78	n/a	NonTarget	1	134278
1342.98	n/a	NonTarget	1	134298
1343.18	n/a	Target	2	134318
1343.38	n/a	NonTarget	1	134338
1343.58	n/a	NonTarget	1	134358
1343.78	n/a	NonTarget	1	134378
1343.98	n/a	NonTarget	1	134398
1344.18	n/a	NonTarget	1	134418
1344.38	n/a	NonTarget	1	134438
1344.58	n/a	Target	2	134458
1344.78	n/a	NonTarget	1	134478
1344.98	n/a	NonTarget	1	134498
1345.18	n/a	NonTarget	1	134518
1345.38	n/a	NonTarget	1	134538
1345.58	n/a	NonTarget	1	134558
1345.78	n/a	NonTarget	1	134578
1345.98	n/a	NonTarget	1	134598
1346.18	n/a	NonTarget	1	134618
1346.38	n/a	NonTarget	1	134638
1346.58	n/a	Target	2	134658
1346.78	n/a	NonTarget	1	134678
1346.98	n/a	NonTarget	1	134698
1347.18	n/a	NonTarget	1	134718
1347.38	n/a	Target	2	134738
1347.58	n/a	NonTarget	1	134758
1347.78	n/a	NonTarget	1	134778
1347.98	n/a	Target	2	134798
1348.18	n/a	NonTarget	1	134818
1348.38	n/a	NonTarget	1	134838
1348.58	n/a	NonTarget	1	134858
1348.78	n/a	NonTarget	1	134878
1348.98	n/a	NonTarget	1	134898
1349.18	n/a	Target	2	134918
1349.39	n/a	NonTarget	1	134939
1349.59	n/a	NonTarget	1	134959
1349.79	n/a	NonTarget	1	134979
1349.99	n/a	NonTarget	1	134999
1350.19	n/a	NonTarget	1	135019
1350.39	n/a	NonTarget	1	135039
1350.59	n/a	NonTarget	1	135059
1350.79	n/a	NonTarget	1	135079
1350.99	n/a	Target	2	135099
1351.19	n/a	NonTarget	1	135119
1351.39	n/a	NonTarget	1	135139
1351.59	n/a	Target	2	135159
1351.79	n/a	NonTarget	1	135179
1351.99	n/a	NonTarget	1	135199
1352.19	n/a	NonTarget	1	135219
1352.39	n/a	NonTarget	1	135239
1352.59	n/a	NonTarget	1	135259
1352.79	n/a	NonTarget	1	135279
1352.99	n/a	NonTarget	1	135299
1353.19	n/a	NonTarget	1	135319
1353.39	n/a	NonTarget	1	135339
1353.59	n/a	NonTarget	1	135359
1353.79	n/a	Target	2	135379
1358.24	n/a	NonTarget	1	135824
1358.44	n/a	NonTarget	1	135844
1358.64	n/a	NonTarget	1	135864
1358.84	n/a	NonTarget	1	135884
1359.04	n/a	NonTarget	1	135904
1359.24	n/a	Target	2	135924
1359.44	n/a	NonTarget	1	135944
1359.64	n/a	NonTarget	1	135964
1359.84	n/a	NonTarget	1	135984
1360.04	n/a	Target	2	136004
1360.24	n/a	NonTarget	1	136024
1360.44	n/a	NonTarget	1	136044
1360.64	n/a	NonTarget	1	136064
1360.84	n/a	NonTarget	1	136084
1361.06	n/a	NonTarget	1	136106
1361.26	n/a	Target	2	136126
1361.46	n/a	NonTarget	1	136146
1361.66	n/a	NonTarget	1	136166
1361.87	n/a	NonTarget	1	136187
1362.07	n/a	NonTarget	1	136207
1362.27	n/a	NonTarget	1	136227
1362.47	n/a	NonTarget	1	136247
1362.67	n/a	Target	2	136267
1362.87	n/a	NonTarget	1	136287
1363.07	n/a	NonTarget	1	136307
1363.27	n/a	NonTarget	1	136327
1363.47	n/a	NonTarget	1	136347
1363.67	n/a	NonTarget	1	136367
1363.87	n/a	Target	2	136387
1364.07	n/a	NonTarget	1	136407
1364.27	n/a	NonTarget	1	136427
1364.47	n/a	NonTarget	1	136447
1364.67	n/a	NonTarget	1	136467
1364.87	n/a	NonTarget	1	136487
1365.07	n/a	NonTarget	1	136507
1365.27	n/a	Target	2	136527
1365.49	n/a	NonTarget	1	136549
1365.69	n/a	NonTarget	1	136569
1365.89	n/a	NonTarget	1	136589
1366.09	n/a	NonTarget	1	136609
1366.29	n/a	NonTarget	1	136629
1366.49	n/a	Target	2	136649
1366.74	n/a	NonTarget	1	136674
1366.94	n/a	NonTarget	1	136694
1367.14	n/a	Target	2	136714
1367.34	n/a	NonTarget	1	136734
1367.54	n/a	NonTarget	1	136754
1367.74	n/a	NonTarget	1	136774
1367.94	n/a	NonTarget	1	136794
1368.14	n/a	Target	2	136814
1368.34	n/a	NonTarget	1	136834
1368.54	n/a	NonTarget	1	136854
1368.74	n/a	NonTarget	1	136874
1368.95	n/a	NonTarget	1	136895
1369.15	n/a	NonTarget	1	136915
1369.35	n/a	NonTarget	1	136935
1369.55	n/a	NonTarget	1	136955
1369.75	n/a	NonTarget	1	136975
1369.95	n/a	NonTarget	1	136995
1370.15	n/a	Target	2	137015
1377.97	n/a	Target	2	137797
1378.18	n/a	NonTarget	1	137818
1378.38	n/a	NonTarget	1	137838
1378.58	n/a	NonTarget	1	137858
1378.78	n/a	NonTarget	1	137878
1378.98	n/a	NonTarget	1	137898
1379.18	n/a	NonTarget	1	137918
1379.38	n/a	NonTarget	1	137938
1379.58	n/a	NonTarget	1	137958
1379.78	n/a	NonTarget	1	137978
1379.98	n/a	NonTarget	1	137998
1380.18	n/a	Target	2	138018
1380.38	n/a	NonTarget	1	138038
1380.58	n/a	NonTarget	1	138058
1380.78	n/a	NonTarget	1	138078
1380.98	n/a	Target	2	138098
1381.18	n/a	NonTarget	1	138118
1381.38	n/a	NonTarget	1	138138
1381.58	n/a	NonTarget	1	138158
1381.78	n/a	NonTarget	1	138178
1381.98	n/a	NonTarget	1	138198
1382.18	n/a	NonTarget	1	138218
1382.38	n/a	Target	2	138238
1382.58	n/a	NonTarget	1	138258
1382.78	n/a	NonTarget	1	138278
1382.98	n/a	Target	2	138298
1383.18	n/a	NonTarget	1	138318
1383.38	n/a	NonTarget	1	138338
1383.58	n/a	NonTarget	1	138358
1383.78	n/a	NonTarget	1	138378
1383.98	n/a	NonTarget	1	138398
1384.18	n/a	NonTarget	1	138418
1384.38	n/a	NonTarget	1	138438
1384.58	n/a	Target	2	138458
1384.8	n/a	NonTarget	1	138480
1385.0	n/a	NonTarget	1	138500
1385.2	n/a	Target	2	138520
1385.4	n/a	NonTarget	1	138540
1385.6	n/a	NonTarget	1	138560
1385.8	n/a	NonTarget	1	138580
1386.0	n/a	NonTarget	1	138600
1386.2	n/a	NonTarget	1	138620
1386.4	n/a	NonTarget	1	138640
1386.6	n/a	Target	2	138660
1386.8	n/a	NonTarget	1	138680
1387.0	n/a	NonTarget	1	138700
1387.2	n/a	NonTarget	1	138720
1387.4	n/a	NonTarget	1	138740
1387.6	n/a	NonTarget	1	138760
1387.8	n/a	NonTarget	1	138780
1388.0	n/a	NonTarget	1	138800
1388.2	n/a	NonTarget	1	138820
1388.4	n/a	Target	2	138840
1388.6	n/a	NonTarget	1	138860
1388.8	n/a	NonTarget	1	138880
1389.0	n/a	NonTarget	1	138900
1389.2	n/a	NonTarget	1	138920
1389.4	n/a	NonTarget	1	138940
1389.6	n/a	NonTarget	1	138960
1389.8	n/a	Target	2	138980
1394.24	n/a	NonTarget	1	139424
1394.44	n/a	NonTarget	1	139444
1394.64	n/a	NonTarget	1	139464
1394.84	n/a	Target	2	139484
1395.04	n/a	NonTarget	1	139504
1395.24	n/a	NonTarget	1	139524
1395.44	n/a	NonTarget	1	139544
1395.64	n/a	Target	2	139564
1395.84	n/a	NonTarget	1	139584
1396.04	n/a	NonTarget	1	139604
1396.24	n/a	NonTarget	1	139624
1396.44	n/a	NonTarget	1	139644
1396.64	n/a	NonTarget	1	139664
1396.84	n/a	NonTarget	1	139684
1397.04	n/a	Target	2	139704
1397.24	n/a	NonTarget	1	139724
1397.44	n/a	NonTarget	1	139744
1397.64	n/a	NonTarget	1	139764
1397.84	n/a	Target	2	139784
1398.04	n/a	NonTarget	1	139804
1398.26	n/a	NonTarget	1	139826
1398.46	n/a	NonTarget	1	139846
1398.66	n/a	NonTarget	1	139866
1398.86	n/a	NonTarget	1	139886
1399.06	n/a	NonTarget	1	139906
1399.26	n/a	NonTarget	1	139926
1399.46	n/a	Target	2	139946
1399.66	n/a	NonTarget	1	139966
1399.86	n/a	NonTarget	1	139986
1400.06	n/a	NonTarget	1	140006
1400.26	n/a	Target	2	140026
1400.46	n/a	NonTarget	1	140046
1400.66	n/a	NonTarget	1	140066
1400.86	n/a	NonTarget	1	140086
1401.06	n/a	NonTarget	1	140106
1401.26	n/a	NonTarget	1	140126
1401.46	n/a	Target	2	140146
1401.66	n/a	NonTarget	1	140166
1401.86	n/a	NonTarget	1	140186
1402.06	n/a	NonTarget	1	140206
1402.26	n/a	NonTarget	1	140226
1402.46	n/a	NonTarget	1	140246
1402.66	n/a	NonTarget	1	140266
1402.86	n/a	Target	2	140286
1403.06	n/a	NonTarget	1	140306
1403.26	n/a	NonTarget	1	140326
1403.46	n/a	NonTarget	1	140346
1403.66	n/a	NonTarget	1	140366
1403.86	n/a	NonTarget	1	140386
1404.06	n/a	NonTarget	1	140406
1404.26	n/a	NonTarget	1	140426
1404.46	n/a	Target	2	140446
1404.66	n/a	NonTarget	1	140466
1404.86	n/a	NonTarget	1	140486
1405.06	n/a	NonTarget	1	140506
1405.26	n/a	NonTarget	1	140526
1405.46	n/a	NonTarget	1	140546
1405.66	n/a	NonTarget	1	140566
1405.86	n/a	Target	2	140586
1406.07	n/a	NonTarget	1	140607
1413.89	n/a	NonTarget	1	141389
1414.1	n/a	NonTarget	1	141410
1414.3	n/a	Target	2	141430
1414.5	n/a	NonTarget	1	141450
1414.7	n/a	NonTarget	1	141470
1414.9	n/a	NonTarget	1	141490
1415.1	n/a	NonTarget	1	141510
1415.3	n/a	NonTarget	1	141530
1415.5	n/a	NonTarget	1	141550
1415.7	n/a	Target	2	141570
1415.9	n/a	NonTarget	1	141590
1416.1	n/a	NonTarget	1	141610
1416.3	n/a	NonTarget	1	141630
1416.5	n/a	NonTarget	1	141650
1416.7	n/a	NonTarget	1	141670
1416.9	n/a	Target	2	141690
1417.1	n/a	NonTarget	1	141710
1417.3	n/a	NonTarget	1	141730
1417.5	n/a	NonTarget	1	141750
1417.7	n/a	NonTarget	1	141770
1417.9	n/a	NonTarget	1	141790
1418.1	n/a	NonTarget	1	141810
1418.3	n/a	NonTarget	1	141830
1418.5	n/a	Target	2	141850
1418.7	n/a	NonTarget	1	141870
1418.9	n/a	NonTarget	1	141890
1419.1	n/a	NonTarget	1	141910
1419.3	n/a	NonTarget	1	141930
1419.5	n/a	Target	2	141950
1419.7	n/a	NonTarget	1	141970
1419.9	n/a	NonTarget	1	141990
1420.1	n/a	NonTarget	1	142010
1420.3	n/a	NonTarget	1	142030
1420.5	n/a	NonTarget	1	142050
1420.7	n/a	Target	2	142070
1420.9	n/a	NonTarget	1	142090
1421.1	n/a	NonTarget	1	142110
1421.3	n/a	NonTarget	1	142130
1421.5	n/a	NonTarget	1	142150
1421.7	n/a	Target	2	142170
1421.9	n/a	NonTarget	1	142190
1422.1	n/a	NonTarget	1	142210
1422.3	n/a	NonTarget	1	142230
1422.5	n/a	NonTarget	1	142250
1422.7	n/a	NonTarget	1	142270
1422.9	n/a	NonTarget	1	142290
1423.1	n/a	NonTarget	1	142310
1423.3	n/a	Target	2	142330
1423.5	n/a	NonTarget	1	142350
1423.7	n/a	NonTarget	1	142370
1423.9	n/a	NonTarget	1	142390
1424.1	n/a	NonTarget	1	142410
1424.3	n/a	NonTarget	1	142430
1424.5	n/a	Target	2	142450
1424.7	n/a	NonTarget	1	142470
1424.9	n/a	NonTarget	1	142490
1425.1	n/a	NonTarget	1	142510
1425.3	n/a	NonTarget	1	142530
1425.5	n/a	Target	2	142550
1425.7	n/a	NonTarget	1	142570
1430.15	n/a	NonTarget	1	143015
1430.36	n/a	Target	2	143036
1430.56	n/a	NonTarget	1	143056
1430.76	n/a	NonTarget	1	143076
1430.96	n/a	NonTarget	1	143096
1431.16	n/a	NonTarget	1	143116
1431.36	n/a	NonTarget	1	143136
1431.56	n/a	NonTarget	1	143156
1431.76	n/a	Target	2	143176
1431.96	n/a	NonTarget	1	143196
1432.16	n/a	NonTarget	1	143216
1432.36	n/a	NonTarget	1	143236
1432.56	n/a	NonTarget	1	143256
1432.76	n/a	Target	2	143276
1432.96	n/a	NonTarget	1	143296
1433.18	n/a	NonTarget	1	143318
1433.38	n/a	NonTarget	1	143338
1433.58	n/a	NonTarget	1	143358
1433.78	n/a	NonTarget	1	143378
1433.98	n/a	NonTarget	1	143398
1434.2	n/a	Target	2	143420
1434.4	n/a	NonTarget	1	143440
1434.6	n/a	NonTarget	1	143460
1434.8	n/a	NonTarget	1	143480
1435.0	n/a	Target	2	143500
1435.2	n/a	NonTarget	1	143520
1435.4	n/a	NonTarget	1	143540
1435.6	n/a	NonTarget	1	143560
1435.8	n/a	NonTarget	1	143580
1436.0	n/a	NonTarget	1	143600
1436.19	n/a	NonTarget	1	143619
1436.4	n/a	NonTarget	1	143640
1436.59	n/a	Target	2	143659
1436.79	n/a	NonTarget	1	143679
1436.99	n/a	NonTarget	1	143699
1437.19	n/a	NonTarget	1	143719
1437.39	n/a	Target	2	143739
1437.59	n/a	NonTarget	1	143759
1437.79	n/a	NonTarget	1	143779
1437.99	n/a	NonTarget	1	143799
1438.19	n/a	NonTarget	1	143819
1438.39	n/a	NonTarget	1	143839
1438.59	n/a	Target	2	143859
1438.79	n/a	NonTarget	1	143879
1438.99	n/a	NonTarget	1	143899
1439.19	n/a	NonTarget	1	143919
1439.39	n/a	NonTarget	1	143939
1439.59	n/a	NonTarget	1	143959
1439.79	n/a	Target	2	143979
1439.99	n/a	NonTarget	1	143999
1440.19	n/a	NonTarget	1	144019
1440.39	n/a	NonTarget	1	144039
1440.59	n/a	NonTarget	1	144059
1440.79	n/a	NonTarget	1	144079
1440.99	n/a	Target	2	144099
1441.19	n/a	NonTarget	1	144119
1441.39	n/a	NonTarget	1	144139
1441.59	n/a	NonTarget	1	144159
1441.79	n/a	NonTarget	1	144179
1441.99	n/a	NonTarget	1	144199
1449.81	n/a	NonTarget	1	144981
1450.02	n/a	NonTarget	1	145002
1450.22	n/a	NonTarget	1	145022
1450.42	n/a	NonTarget	1	145042
1450.62	n/a	NonTarget	1	145062
1450.82	n/a	Target	2	145082
1451.02	n/a	NonTarget	1	145102
1451.22	n/a	NonTarget	1	145122
1451.42	n/a	NonTarget	1	145142
1451.62	n/a	NonTarget	1	145162
1451.82	n/a	NonTarget	1	145182
1452.02	n/a	Target	2	145202
1452.22	n/a	NonTarget	1	145222
1452.42	n/a	NonTarget	1	145242
1452.62	n/a	NonTarget	1	145262
1452.82	n/a	NonTarget	1	145282
1453.02	n/a	NonTarget	1	145302
1453.22	n/a	Target	2	145322
1453.42	n/a	NonTarget	1	145342
1453.62	n/a	NonTarget	1	145362
1453.82	n/a	NonTarget	1	145382
1454.02	n/a	Target	2	145402
1454.22	n/a	NonTarget	1	145422
1454.42	n/a	NonTarget	1	145442
1454.62	n/a	NonTarget	1	145462
1454.82	n/a	Target	2	145482
1455.02	n/a	NonTarget	1	145502
1455.22	n/a	NonTarget	1	145522
1455.42	n/a	NonTarget	1	145542
1455.62	n/a	NonTarget	1	145562
1455.82	n/a	NonTarget	1	145582
1456.02	n/a	NonTarget	1	145602
1456.22	n/a	NonTarget	1	145622
1456.42	n/a	Target	2	145642
1456.62	n/a	NonTarget	1	145662
1456.82	n/a	NonTarget	1	145682
1457.02	n/a	NonTarget	1	145702
1457.22	n/a	NonTarget	1	145722
1457.42	n/a	NonTarget	1	145742
1457.62	n/a	NonTarget	1	145762
1457.82	n/a	Target	2	145782
1458.02	n/a	NonTarget	1	145802
1458.22	n/a	NonTarget	1	145822
1458.42	n/a	Target	2	145842
1458.62	n/a	NonTarget	1	145862
1458.82	n/a	NonTarget	1	145882
1459.02	n/a	NonTarget	1	145902
1459.22	n/a	NonTarget	1	145922
1459.42	n/a	NonTarget	1	145942
1459.62	n/a	NonTarget	1	145962
1459.82	n/a	NonTarget	1	145982
1460.02	n/a	Target	2	146002
1460.22	n/a	NonTarget	1	146022
1460.42	n/a	NonTarget	1	146042
1460.62	n/a	Target	2	146062
1460.82	n/a	NonTarget	1	146082
1461.02	n/a	NonTarget	1	146102
1461.22	n/a	NonTarget	1	146122
1461.42	n/a	NonTarget	1	146142
1461.62	n/a	NonTarget	1	146162
1466.07	n/a	NonTarget	1	146607
1466.27	n/a	Target	2	146627
1466.47	n/a	NonTarget	1	146647
1466.67	n/a	NonTarget	1	146667
1466.87	n/a	NonTarget	1	146687
1467.07	n/a	NonTarget	1	146707
1467.27	n/a	NonTarget	1	146727
1467.47	n/a	NonTarget	1	146747
1467.67	n/a	NonTarget	1	146767
1467.87	n/a	NonTarget	1	146787
1468.07	n/a	NonTarget	1	146807
1468.27	n/a	Target	2	146827
1468.47	n/a	NonTarget	1	146847
1468.67	n/a	NonTarget	1	146867
1468.87	n/a	NonTarget	1	146887
1469.07	n/a	NonTarget	1	146907
1469.27	n/a	NonTarget	1	146927
1469.47	n/a	Target	2	146947
1469.67	n/a	NonTarget	1	146967
1469.87	n/a	NonTarget	1	146987
1470.07	n/a	NonTarget	1	147007
1470.27	n/a	NonTarget	1	147027
1470.47	n/a	NonTarget	1	147047
1470.67	n/a	Target	2	147067
1470.87	n/a	NonTarget	1	147087
1471.07	n/a	NonTarget	1	147107
1471.27	n/a	NonTarget	1	147127
1471.47	n/a	NonTarget	1	147147
1471.67	n/a	Target	2	147167
1471.86	n/a	NonTarget	1	147186
1472.06	n/a	NonTarget	1	147206
1472.27	n/a	Target	2	147227
1472.46	n/a	NonTarget	1	147246
1472.66	n/a	NonTarget	1	147266
1472.86	n/a	NonTarget	1	147286
1473.06	n/a	NonTarget	1	147306
1473.26	n/a	NonTarget	1	147326
1473.46	n/a	NonTarget	1	147346
1473.66	n/a	NonTarget	1	147366
1473.86	n/a	NonTarget	1	147386
1474.06	n/a	NonTarget	1	147406
1474.26	n/a	Target	2	147426
1474.46	n/a	NonTarget	1	147446
1474.66	n/a	NonTarget	1	147466
1474.86	n/a	NonTarget	1	147486
1475.06	n/a	Target	2	147506
1475.26	n/a	NonTarget	1	147526
1475.46	n/a	NonTarget	1	147546
1475.66	n/a	Target	2	147566
1475.86	n/a	NonTarget	1	147586
1476.06	n/a	NonTarget	1	147606
1476.26	n/a	NonTarget	1	147626
1476.46	n/a	NonTarget	1	147646
1476.66	n/a	NonTarget	1	147666
1476.86	n/a	Target	2	147686
1477.06	n/a	NonTarget	1	147706
1477.26	n/a	NonTarget	1	147726
1477.46	n/a	NonTarget	1	147746
1477.66	n/a	NonTarget	1	147766
1477.86	n/a	NonTarget	1	147786
1485.68	n/a	NonTarget	1	148568
1485.89	n/a	NonTarget	1	148589
1486.09	n/a	Target	2	148609
1486.29	n/a	NonTarget	1	148629
1486.49	n/a	NonTarget	1	148649
1486.69	n/a	NonTarget	1	148669
1486.89	n/a	NonTarget	1	148689
1487.11	n/a	NonTarget	1	148711
1487.31	n/a	NonTarget	1	148731
1487.51	n/a	NonTarget	1	148751
1487.71	n/a	NonTarget	1	148771
1487.91	n/a	Target	2	148791
1488.11	n/a	NonTarget	1	148811
1488.31	n/a	NonTarget	1	148831
1488.51	n/a	Target	2	148851
1488.71	n/a	NonTarget	1	148871
1488.91	n/a	NonTarget	1	148891
1489.11	n/a	NonTarget	1	148911
1489.31	n/a	Target	2	148931
1489.51	n/a	NonTarget	1	148951
1489.71	n/a	NonTarget	1	148971
1489.91	n/a	NonTarget	1	148991
1490.11	n/a	NonTarget	1	149011
1490.31	n/a	NonTarget	1	149031
1490.51	n/a	NonTarget	1	149051
1490.71	n/a	NonTarget	1	149071
1490.91	n/a	NonTarget	1	149091
1491.11	n/a	Target	2	149111
1491.31	n/a	NonTarget	1	149131
1491.51	n/a	NonTarget	1	149151
1491.71	n/a	NonTarget	1	149171
1491.91	n/a	NonTarget	1	149191
1492.11	n/a	NonTarget	1	149211
1492.31	n/a	NonTarget	1	149231
1492.51	n/a	Target	2	149251
1492.71	n/a	NonTarget	1	149271
1492.91	n/a	NonTarget	1	149291
1493.11	n/a	NonTarget	1	149311
1493.31	n/a	Target	2	149331
1493.51	n/a	NonTarget	1	149351
1493.71	n/a	NonTarget	1	149371
1493.91	n/a	NonTarget	1	149391
1494.11	n/a	NonTarget	1	149411
1494.31	n/a	NonTarget	1	149431
1494.51	n/a	NonTarget	1	149451
1494.71	n/a	NonTarget	1	149471
1494.91	n/a	Target	2	149491
1495.11	n/a	NonTarget	1	149511
1495.31	n/a	NonTarget	1	149531
1495.51	n/a	NonTarget	1	149551
1495.71	n/a	NonTarget	1	149571
1495.91	n/a	Target	2	149591
1496.11	n/a	NonTarget	1	149611
1496.31	n/a	NonTarget	1	149631
1496.51	n/a	NonTarget	1	149651
1496.71	n/a	NonTarget	1	149671
1496.91	n/a	NonTarget	1	149691
1497.11	n/a	Target	2	149711
1497.31	n/a	NonTarget	1	149731
1497.51	n/a	NonTarget	1	149751
1501.95	n/a	NonTarget	1	150195
1502.15	n/a	NonTarget	1	150215
1502.35	n/a	NonTarget	1	150235
1502.55	n/a	NonTarget	1	150255
1502.75	n/a	NonTarget	1	150275
1502.95	n/a	Target	2	150295
1503.15	n/a	NonTarget	1	150315
1503.35	n/a	NonTarget	1	150335
1503.55	n/a	NonTarget	1	150355
1503.75	n/a	Target	2	150375
1503.95	n/a	NonTarget	1	150395
1504.15	n/a	NonTarget	1	150415
1504.35	n/a	NonTarget	1	150435
1504.55	n/a	NonTarget	1	150455
1504.75	n/a	NonTarget	1	150475
1504.95	n/a	NonTarget	1	150495
1505.15	n/a	Target	2	150515
1505.35	n/a	NonTarget	1	150535
1505.55	n/a	NonTarget	1	150555
1505.75	n/a	Target	2	150575
1505.95	n/a	NonTarget	1	150595
1506.15	n/a	NonTarget	1	150615
1506.35	n/a	NonTarget	1	150635
1506.55	n/a	NonTarget	1	150655
1506.75	n/a	NonTarget	1	150675
1506.95	n/a	Target	2	150695
1507.15	n/a	NonTarget	1	150715
1507.35	n/a	NonTarget	1	150735
1507.55	n/a	NonTarget	1	150755
1507.75	n/a	NonTarget	1	150775
1507.95	n/a	NonTarget	1	150795
1508.15	n/a	NonTarget	1	150815
1508.35	n/a	Target	2	150835
1508.55	n/a	NonTarget	1	150855
1508.75	n/a	NonTarget	1	150875
1508.95	n/a	NonTarget	1	150895
1509.15	n/a	NonTarget	1	150915
1509.35	n/a	Target	2	150935
1509.55	n/a	NonTarget	1	150955
1509.75	n/a	NonTarget	1	150975
1509.95	n/a	NonTarget	1	150995
1510.15	n/a	NonTarget	1	151015
1510.35	n/a	NonTarget	1	151035
1510.55	n/a	NonTarget	1	151055
1510.75	n/a	NonTarget	1	151075
1510.95	n/a	Target	2	151095
1511.15	n/a	NonTarget	1	151115
1511.35	n/a	NonTarget	1	151135
1511.55	n/a	NonTarget	1	151155
1511.75	n/a	Target	2	151175
1511.95	n/a	NonTarget	1	151195
1512.15	n/a	NonTarget	1	151215
1512.35	n/a	NonTarget	1	151235
1512.55	n/a	NonTarget	1	151255
1512.75	n/a	Target	2	151275
1512.95	n/a	NonTarget	1	151295
1513.15	n/a	NonTarget	1	151315
1513.35	n/a	NonTarget	1	151335
1513.55	n/a	NonTarget	1	151355
1513.75	n/a	NonTarget	1	151375
1521.57	n/a	NonTarget	1	152157
1521.78	n/a	NonTarget	1	152178
1521.98	n/a	NonTarget	1	152198
1522.18	n/a	NonTarget	1	152218
1522.38	n/a	Target	2	152238
1522.58	n/a	NonTarget	1	152258
1522.78	n/a	NonTarget	1	152278
1522.98	n/a	NonTarget	1	152298
1523.18	n/a	NonTarget	1	152318
1523.38	n/a	Target	2	152338
1523.58	n/a	NonTarget	1	152358
1523.78	n/a	NonTarget	1	152378
1523.98	n/a	NonTarget	1	152398
1524.18	n/a	NonTarget	1	152418
1524.38	n/a	NonTarget	1	152438
1524.58	n/a	NonTarget	1	152458
1524.8	n/a	Target	2	152480
1525.0	n/a	NonTarget	1	152500
1525.19	n/a	NonTarget	1	152519
1525.4	n/a	NonTarget	1	152540
1525.59	n/a	NonTarget	1	152559
1525.79	n/a	NonTarget	1	152579
1525.99	n/a	NonTarget	1	152599
1526.19	n/a	Target	2	152619
1526.39	n/a	NonTarget	1	152639
1526.59	n/a	NonTarget	1	152659
1526.79	n/a	NonTarget	1	152679
1526.99	n/a	Target	2	152699
1527.19	n/a	NonTarget	1	152719
1527.39	n/a	NonTarget	1	152739
1527.59	n/a	Target	2	152759
1527.79	n/a	NonTarget	1	152779
1527.99	n/a	NonTarget	1	152799
1528.19	n/a	NonTarget	1	152819
1528.39	n/a	NonTarget	1	152839
1528.59	n/a	NonTarget	1	152859
1528.79	n/a	NonTarget	1	152879
1528.99	n/a	NonTarget	1	152899
1529.19	n/a	NonTarget	1	152919
1529.39	n/a	Target	2	152939
1529.59	n/a	NonTarget	1	152959
1529.79	n/a	NonTarget	1	152979
1529.99	n/a	NonTarget	1	152999
1530.19	n/a	NonTarget	1	153019
1530.39	n/a	Target	2	153039
1530.59	n/a	NonTarget	1	153059
1530.79	n/a	NonTarget	1	153079
1530.99	n/a	NonTarget	1	153099
1531.19	n/a	NonTarget	1	153119
1531.39	n/a	NonTarget	1	153139
1531.59	n/a	NonTarget	1	153159
1531.79	n/a	Target	2	153179
1531.99	n/a	NonTarget	1	153199
1532.19	n/a	NonTarget	1	153219
1532.39	n/a	Target	2	153239
1532.59	n/a	NonTarget	1	153259
1532.79	n/a	NonTarget	1	153279
1532.99	n/a	NonTarget	1	153299
1533.19	n/a	NonTarget	1	153319
1533.39	n/a	NonTarget	1	153339
1537.84	n/a	NonTarget	1	153784
1538.04	n/a	Target	2	153804
1538.24	n/a	NonTarget	1	153824
1538.44	n/a	NonTarget	1	153844
1538.64	n/a	NonTarget	1	153864
1538.84	n/a	NonTarget	1	153884
1539.04	n/a	Target	2	153904
1539.24	n/a	NonTarget	1	153924
1539.44	n/a	NonTarget	1	153944
1539.64	n/a	NonTarget	1	153964
1539.84	n/a	NonTarget	1	153984
1540.04	n/a	NonTarget	1	154004
1540.24	n/a	NonTarget	1	154024
1540.44	n/a	NonTarget	1	154044
1540.64	n/a	NonTarget	1	154064
1540.84	n/a	NonTarget	1	154084
1541.04	n/a	NonTarget	1	154104
1541.24	n/a	Target	2	154124
1541.44	n/a	NonTarget	1	154144
1541.64	n/a	NonTarget	1	154164
1541.84	n/a	Target	2	154184
1542.04	n/a	NonTarget	1	154204
1542.24	n/a	NonTarget	1	154224
1542.44	n/a	NonTarget	1	154244
1542.64	n/a	Target	2	154264
1542.84	n/a	NonTarget	1	154284
1543.04	n/a	NonTarget	1	154304
1543.24	n/a	NonTarget	1	154324
1543.44	n/a	NonTarget	1	154344
1543.64	n/a	NonTarget	1	154364
1543.84	n/a	Target	2	154384
1544.04	n/a	NonTarget	1	154404
1544.24	n/a	NonTarget	1	154424
1544.45	n/a	NonTarget	1	154445
1544.65	n/a	NonTarget	1	154465
1544.85	n/a	NonTarget	1	154485
1545.05	n/a	Target	2	154505
1545.25	n/a	NonTarget	1	154525
1545.45	n/a	NonTarget	1	154545
1545.65	n/a	NonTarget	1	154565
1545.85	n/a	NonTarget	1	154585
1546.05	n/a	NonTarget	1	154605
1546.25	n/a	Target	2	154625
1546.45	n/a	NonTarget	1	154645
1546.65	n/a	NonTarget	1	154665
1546.85	n/a	NonTarget	1	154685
1547.05	n/a	NonTarget	1	154705
1547.25	n/a	NonTarget	1	154725
1547.45	n/a	NonTarget	1	154745
1547.65	n/a	NonTarget	1	154765
1547.85	n/a	NonTarget	1	154785
1548.05	n/a	NonTarget	1	154805
1548.25	n/a	NonTarget	1	154825
1548.45	n/a	Target	2	154845
1548.65	n/a	NonTarget	1	154865
1548.85	n/a	NonTarget	1	154885
1549.05	n/a	NonTarget	1	154905
1549.25	n/a	NonTarget	1	154925
1549.45	n/a	Target	2	154945
1549.65	n/a	NonTarget	1	154965
1557.47	n/a	NonTarget	1	155747
1557.68	n/a	NonTarget	1	155768
1557.88	n/a	NonTarget	1	155788
1558.08	n/a	NonTarget	1	155808
1558.28	n/a	NonTarget	1	155828
1558.48	n/a	Target	2	155848
1558.68	n/a	NonTarget	1	155868
1558.88	n/a	NonTarget	1	155888
1559.08	n/a	NonTarget	1	155908
1559.28	n/a	Target	2	155928
1559.48	n/a	NonTarget	1	155948
1559.68	n/a	NonTarget	1	155968
1559.88	n/a	NonTarget	1	155988
1560.08	n/a	NonTarget	1	156008
1560.28	n/a	NonTarget	1	156028
1560.48	n/a	NonTarget	1	156048
1560.68	n/a	Target	2	156068
1560.88	n/a	NonTarget	1	156088
1561.08	n/a	NonTarget	1	156108
1561.28	n/a	Target	2	156128
1561.48	n/a	NonTarget	1	156148
1561.68	n/a	NonTarget	1	156168
1561.88	n/a	NonTarget	1	156188
1562.08	n/a	NonTarget	1	156208
1562.28	n/a	NonTarget	1	156228
1562.48	n/a	NonTarget	1	156248
1562.68	n/a	NonTarget	1	156268
1562.88	n/a	NonTarget	1	156288
1563.08	n/a	NonTarget	1	156308
1563.28	n/a	Target	2	156328
1563.48	n/a	NonTarget	1	156348
1563.68	n/a	NonTarget	1	156368
1563.88	n/a	NonTarget	1	156388
1564.08	n/a	Target	2	156408
1564.28	n/a	NonTarget	1	156428
1564.56	n/a	NonTarget	1	156456
1564.76	n/a	NonTarget	1	156476
1564.96	n/a	Target	2	156496
1565.16	n/a	NonTarget	1	156516
1565.36	n/a	NonTarget	1	156536
1565.58	n/a	NonTarget	1	156558
1565.78	n/a	NonTarget	1	156578
1565.98	n/a	NonTarget	1	156598
1566.18	n/a	NonTarget	1	156618
1566.38	n/a	Target	2	156638
1566.58	n/a	NonTarget	1	156658
1566.81	n/a	NonTarget	1	156681
1567.01	n/a	NonTarget	1	156701
1567.21	n/a	NonTarget	1	156721
1567.41	n/a	NonTarget	1	156741
1567.61	n/a	Target	2	156761
1567.81	n/a	NonTarget	1	156781
1568.06	n/a	NonTarget	1	156806
1568.26	n/a	NonTarget	1	156826
1568.46	n/a	NonTarget	1	156846
1568.66	n/a	Target	2	156866
1568.86	n/a	NonTarget	1	156886
1569.06	n/a	NonTarget	1	156906
1569.28	n/a	NonTarget	1	156928
1569.48	n/a	NonTarget	1	156948
1573.93	n/a	NonTarget	1	157393
1574.13	n/a	NonTarget	1	157413
1574.33	n/a	NonTarget	1	157433
1574.53	n/a	Target	2	157453
1574.73	n/a	NonTarget	1	157473
1574.93	n/a	NonTarget	1	157493
1575.13	n/a	Target	2	157513
1575.33	n/a	NonTarget	1	157533
1575.53	n/a	NonTarget	1	157553
1575.73	n/a	NonTarget	1	157573
1575.93	n/a	NonTarget	1	157593
1576.13	n/a	NonTarget	1	157613
1576.33	n/a	NonTarget	1	157633
1576.53	n/a	NonTarget	1	157653
1576.73	n/a	NonTarget	1	157673
1576.93	n/a	NonTarget	1	157693
1577.13	n/a	NonTarget	1	157713
1577.33	n/a	Target	2	157733
1577.53	n/a	NonTarget	1	157753
1577.73	n/a	NonTarget	1	157773
1577.93	n/a	NonTarget	1	157793
1578.13	n/a	NonTarget	1	157813
1578.33	n/a	NonTarget	1	157833
1578.53	n/a	Target	2	157853
1578.73	n/a	NonTarget	1	157873
1578.92	n/a	NonTarget	1	157892
1579.12	n/a	Target	2	157912
1579.33	n/a	NonTarget	1	157933
1579.53	n/a	NonTarget	1	157953
1579.72	n/a	NonTarget	1	157972
1579.92	n/a	NonTarget	1	157992
1580.12	n/a	Target	2	158012
1580.32	n/a	NonTarget	1	158032
1580.52	n/a	NonTarget	1	158052
1580.72	n/a	NonTarget	1	158072
1580.92	n/a	NonTarget	1	158092
1581.12	n/a	NonTarget	1	158112
1581.32	n/a	NonTarget	1	158132
1581.52	n/a	NonTarget	1	158152
1581.72	n/a	NonTarget	1	158172
1581.92	n/a	Target	2	158192
1582.12	n/a	NonTarget	1	158212
1582.32	n/a	NonTarget	1	158232
1582.52	n/a	NonTarget	1	158252
1582.72	n/a	NonTarget	1	158272
1582.92	n/a	Target	2	158292
1583.12	n/a	NonTarget	1	158312
1583.32	n/a	NonTarget	1	158332
1583.52	n/a	NonTarget	1	158352
1583.72	n/a	NonTarget	1	158372
1583.92	n/a	NonTarget	1	158392
1584.12	n/a	NonTarget	1	158412
1584.32	n/a	NonTarget	1	158432
1584.52	n/a	Target	2	158452
1584.72	n/a	NonTarget	1	158472
1584.92	n/a	NonTarget	1	158492
1585.12	n/a	NonTarget	1	158512
1585.32	n/a	Target	2	158532
1585.52	n/a	NonTarget	1	158552
1585.72	n/a	NonTarget	1	158572
1593.54	n/a	Target	2	159354
1593.75	n/a	NonTarget	1	159375
1593.95	n/a	NonTarget	1	159395
1594.15	n/a	NonTarget	1	159415
1594.35	n/a	NonTarget	1	159435
1594.55	n/a	NonTarget	1	159455
1594.75	n/a	Target	2	159475
1594.95	n/a	NonTarget	1	159495
1595.15	n/a	NonTarget	1	159515
1595.35	n/a	NonTarget	1	159535
1595.55	n/a	NonTarget	1	159555
1595.75	n/a	NonTarget	1	159575
1595.95	n/a	NonTarget	1	159595
1596.15	n/a	NonTarget	1	159615
1596.35	n/a	Target	2	159635
1596.55	n/a	NonTarget	1	159655
1596.75	n/a	NonTarget	1	159675
1596.95	n/a	NonTarget	1	159695
1597.15	n/a	NonTarget	1	159715
1597.35	n/a	NonTarget	1	159735
1597.55	n/a	Target	2	159755
1597.75	n/a	NonTarget	1	159775
1597.95	n/a	NonTarget	1	159795
1598.15	n/a	NonTarget	1	159815
1598.35	n/a	Target	2	159835
1598.55	n/a	NonTarget	1	159855
1598.75	n/a	NonTarget	1	159875
1598.95	n/a	NonTarget	1	159895
1599.15	n/a	NonTarget	1	159915
1599.35	n/a	NonTarget	1	159935
1599.55	n/a	NonTarget	1	159955
1599.75	n/a	NonTarget	1	159975
1599.95	n/a	NonTarget	1	159995
1600.15	n/a	Target	2	160015
1600.35	n/a	NonTarget	1	160035
1600.55	n/a	NonTarget	1	160055
1600.75	n/a	NonTarget	1	160075
1600.95	n/a	NonTarget	1	160095
1601.15	n/a	NonTarget	1	160115
1601.35	n/a	NonTarget	1	160135
1601.55	n/a	Target	2	160155
1601.75	n/a	NonTarget	1	160175
1601.95	n/a	NonTarget	1	160195
1602.15	n/a	NonTarget	1	160215
1602.35	n/a	Target	2	160235
1602.55	n/a	NonTarget	1	160255
1602.75	n/a	NonTarget	1	160275
1602.95	n/a	NonTarget	1	160295
1603.15	n/a	Target	2	160315
1603.35	n/a	NonTarget	1	160335
1603.55	n/a	NonTarget	1	160355
1603.75	n/a	NonTarget	1	160375
1603.95	n/a	NonTarget	1	160395
1604.15	n/a	NonTarget	1	160415
1604.35	n/a	NonTarget	1	160435
1604.55	n/a	Target	2	160455
1604.75	n/a	NonTarget	1	160475
1604.95	n/a	NonTarget	1	160495
1605.15	n/a	NonTarget	1	160515
1605.35	n/a	NonTarget	1	160535
1609.8	n/a	NonTarget	1	160980
1610.0	n/a	NonTarget	1	161000
1610.2	n/a	NonTarget	1	161020
1610.4	n/a	Target	2	161040
1610.6	n/a	NonTarget	1	161060
1610.8	n/a	NonTarget	1	161080
1611.0	n/a	NonTarget	1	161100
1611.2	n/a	Target	2	161120
1611.4	n/a	NonTarget	1	161140
1611.6	n/a	NonTarget	1	161160
1611.8	n/a	NonTarget	1	161180
1612.0	n/a	NonTarget	1	161200
1612.2	n/a	Target	2	161220
1612.4	n/a	NonTarget	1	161240
1612.6	n/a	NonTarget	1	161260
1612.8	n/a	NonTarget	1	161280
1613.0	n/a	NonTarget	1	161300
1613.2	n/a	NonTarget	1	161320
1613.4	n/a	NonTarget	1	161340
1613.6	n/a	Target	2	161360
1613.8	n/a	NonTarget	1	161380
1614.0	n/a	NonTarget	1	161400
1614.2	n/a	NonTarget	1	161420
1614.39	n/a	NonTarget	1	161439
1614.6	n/a	NonTarget	1	161460
1614.79	n/a	NonTarget	1	161479
1614.99	n/a	NonTarget	1	161499
1615.19	n/a	Target	2	161519
1615.39	n/a	NonTarget	1	161539
1615.59	n/a	NonTarget	1	161559
1615.79	n/a	NonTarget	1	161579
1615.99	n/a	NonTarget	1	161599
1616.19	n/a	NonTarget	1	161619
1616.39	n/a	NonTarget	1	161639
1616.59	n/a	Target	2	161659
1616.79	n/a	NonTarget	1	161679
1616.99	n/a	NonTarget	1	161699
1617.19	n/a	NonTarget	1	161719
1617.39	n/a	NonTarget	1	161739
1617.59	n/a	NonTarget	1	161759
1617.79	n/a	NonTarget	1	161779
1617.99	n/a	Target	2	161799
1618.19	n/a	NonTarget	1	161819
1618.39	n/a	NonTarget	1	161839
1618.59	n/a	NonTarget	1	161859
1618.79	n/a	NonTarget	1	161879
1618.99	n/a	NonTarget	1	161899
1619.19	n/a	Target	2	161919
1619.39	n/a	NonTarget	1	161939
1619.59	n/a	NonTarget	1	161959
1619.79	n/a	Target	2	161979
1619.99	n/a	NonTarget	1	161999
1620.19	n/a	NonTarget	1	162019
1620.39	n/a	NonTarget	1	162039
1620.59	n/a	NonTarget	1	162059
1620.79	n/a	NonTarget	1	162079
1620.99	n/a	NonTarget	1	162099
1621.19	n/a	NonTarget	1	162119
1621.39	n/a	NonTarget	1	162139
1621.59	n/a	Target	2	162159
1629.41	n/a	NonTarget	1	162941
1629.62	n/a	Target	2	162962
1629.82	n/a	NonTarget	1	162982
1630.02	n/a	NonTarget	1	163002
1630.22	n/a	NonTarget	1	163022
1630.42	n/a	NonTarget	1	163042
1630.62	n/a	NonTarget	1	163062
1630.89	n/a	NonTarget	1	163089
1631.09	n/a	NonTarget	1	163109
1631.29	n/a	NonTarget	1	163129
1631.49	n/a	NonTarget	1	163149
1631.69	n/a	Target	2	163169
1631.96	n/a	NonTarget	1	163196
1632.16	n/a	NonTarget	1	163216
1632.36	n/a	NonTarget	1	163236
1632.55	n/a	Target	2	163255
1632.75	n/a	NonTarget	1	163275
1632.96	n/a	NonTarget	1	163296
1633.22	n/a	NonTarget	1	163322
1633.42	n/a	Target	2	163342
1633.62	n/a	NonTarget	1	163362
1633.82	n/a	NonTarget	1	163382
1634.02	n/a	NonTarget	1	163402
1634.22	n/a	NonTarget	1	163422
1634.44	n/a	Target	2	163444
1634.64	n/a	NonTarget	1	163464
1634.84	n/a	NonTarget	1	163484
1635.04	n/a	NonTarget	1	163504
1635.24	n/a	NonTarget	1	163524
1635.45	n/a	NonTarget	1	163545
1635.65	n/a	Target	2	163565
1635.85	n/a	NonTarget	1	163585
1636.05	n/a	NonTarget	1	163605
1636.25	n/a	NonTarget	1	163625
1636.45	n/a	NonTarget	1	163645
1636.65	n/a	NonTarget	1	163665
1636.85	n/a	NonTarget	1	163685
1637.05	n/a	NonTarget	1	163705
1637.25	n/a	NonTarget	1	163725
1637.47	n/a	NonTarget	1	163747
1637.67	n/a	Target	2	163767
1637.87	n/a	NonTarget	1	163787
1638.07	n/a	NonTarget	1	163807
1638.27	n/a	NonTarget	1	163827
1638.47	n/a	NonTarget	1	163847
1638.67	n/a	Target	2	163867
1638.87	n/a	NonTarget	1	163887
1639.07	n/a	NonTarget	1	163907
1639.27	n/a	NonTarget	1	163927
1639.47	n/a	Target	2	163947
1639.67	n/a	NonTarget	1	163967
1639.87	n/a	NonTarget	1	163987
1640.07	n/a	NonTarget	1	164007
1640.27	n/a	NonTarget	1	164027
1640.47	n/a	Target	2	164047
1640.67	n/a	NonTarget	1	164067
1640.87	n/a	NonTarget	1	164087
1641.07	n/a	NonTarget	1	164107
1641.27	n/a	NonTarget	1	164127
1641.47	n/a	NonTarget	1	164147
1645.92	n/a	Target	2	164592
1646.12	n/a	NonTarget	1	164612
1646.32	n/a	NonTarget	1	164632
1646.52	n/a	NonTarget	1	164652
1646.72	n/a	NonTarget	1	164672
1646.92	n/a	NonTarget	1	164692
1647.12	n/a	Target	2	164712
1647.32	n/a	NonTarget	1	164732
1647.52	n/a	NonTarget	1	164752
1647.72	n/a	NonTarget	1	164772
1647.92	n/a	NonTarget	1	164792
1648.12	n/a	NonTarget	1	164812
1648.32	n/a	NonTarget	1	164832
1648.52	n/a	Target	2	164852
1648.72	n/a	NonTarget	1	164872
1648.92	n/a	NonTarget	1	164892
1649.12	n/a	NonTarget	1	164912
1649.32	n/a	NonTarget	1	164932
1649.52	n/a	Target	2	164952
1649.72	n/a	NonTarget	1	164972
1649.92	n/a	NonTarget	1	164992
1650.11	n/a	NonTarget	1	165011
1650.31	n/a	NonTarget	1	165031
1650.51	n/a	NonTarget	1	165051
1650.71	n/a	Target	2	165071
1650.91	n/a	NonTarget	1	165091
1651.11	n/a	NonTarget	1	165111
1651.31	n/a	NonTarget	1	165131
1651.51	n/a	NonTarget	1	165151
1651.71	n/a	NonTarget	1	165171
1651.91	n/a	NonTarget	1	165191
1652.11	n/a	Target	2	165211
1652.31	n/a	NonTarget	1	165231
1652.51	n/a	NonTarget	1	165251
1652.71	n/a	NonTarget	1	165271
1652.91	n/a	NonTarget	1	165291
1653.11	n/a	NonTarget	1	165311
1653.31	n/a	NonTarget	1	165331
1653.51	n/a	NonTarget	1	165351
1653.71	n/a	NonTarget	1	165371
1653.91	n/a	Target	2	165391
1654.11	n/a	NonTarget	1	165411
1654.31	n/a	NonTarget	1	165431
1654.51	n/a	NonTarget	1	165451
1654.71	n/a	Target	2	165471
1654.91	n/a	NonTarget	1	165491
1655.11	n/a	NonTarget	1	165511
1655.31	n/a	NonTarget	1	165531
1655.51	n/a	NonTarget	1	165551
1655.71	n/a	NonTarget	1	165571
1655.91	n/a	NonTarget	1	165591
1656.11	n/a	NonTarget	1	165611
1656.31	n/a	NonTarget	1	165631
1656.51	n/a	Target	2	165651
1656.71	n/a	NonTarget	1	165671
1656.91	n/a	NonTarget	1	165691
1657.11	n/a	NonTarget	1	165711
1657.31	n/a	NonTarget	1	165731
1657.51	n/a	Target	2	165751
1657.71	n/a	NonTarget	1	165771
1665.53	n/a	NonTarget	1	166553
1665.74	n/a	NonTarget	1	166574
1665.94	n/a	Target	2	166594
1666.14	n/a	NonTarget	1	166614
1666.34	n/a	NonTarget	1	166634
1666.54	n/a	NonTarget	1	166654
1666.74	n/a	NonTarget	1	166674
1666.94	n/a	NonTarget	1	166694
1667.14	n/a	NonTarget	1	166714
1667.34	n/a	Target	2	166734
1667.54	n/a	NonTarget	1	166754
1667.74	n/a	NonTarget	1	166774
1667.94	n/a	NonTarget	1	166794
1668.14	n/a	NonTarget	1	166814
1668.34	n/a	NonTarget	1	166834
1668.54	n/a	NonTarget	1	166854
1668.74	n/a	Target	2	166874
1668.94	n/a	NonTarget	1	166894
1669.14	n/a	NonTarget	1	166914
1669.34	n/a	NonTarget	1	166934
1669.54	n/a	NonTarget	1	166954
1669.74	n/a	NonTarget	1	166974
1669.94	n/a	NonTarget	1	166994
1670.14	n/a	Target	2	167014
1670.34	n/a	NonTarget	1	167034
1670.54	n/a	NonTarget	1	167054
1670.74	n/a	NonTarget	1	167074
1670.94	n/a	Target	2	167094
1671.14	n/a	NonTarget	1	167114
1671.34	n/a	NonTarget	1	167134
1671.54	n/a	NonTarget	1	167154
1671.74	n/a	NonTarget	1	167174
1671.94	n/a	Target	2	167194
1672.14	n/a	NonTarget	1	167214
1672.34	n/a	NonTarget	1	167234
1672.54	n/a	NonTarget	1	167254
1672.74	n/a	NonTarget	1	167274
1672.94	n/a	NonTarget	1	167294
1673.14	n/a	NonTarget	1	167314
1673.34	n/a	Target	2	167334
1673.54	n/a	NonTarget	1	167354
1673.74	n/a	NonTarget	1	167374
1673.94	n/a	NonTarget	1	167394
1674.14	n/a	Target	2	167414
1674.34	n/a	NonTarget	1	167434
1674.54	n/a	NonTarget	1	167454
1674.74	n/a	NonTarget	1	167474
1674.94	n/a	NonTarget	1	167494
1675.14	n/a	Target	2	167514
1675.34	n/a	NonTarget	1	167534
1675.54	n/a	NonTarget	1	167554
1675.74	n/a	NonTarget	1	167574
1675.94	n/a	NonTarget	1	167594
1676.14	n/a	NonTarget	1	167614
1676.34	n/a	Target	2	167634
1676.54	n/a	NonTarget	1	167654
1676.74	n/a	NonTarget	1	167674
1676.94	n/a	NonTarget	1	167694
1677.14	n/a	NonTarget	1	167714
1677.34	n/a	NonTarget	1	167734
1681.79	n/a	Target	2	168179
1682.0	n/a	NonTarget	1	168200
1682.2	n/a	NonTarget	1	168220
1682.4	n/a	NonTarget	1	168240
1682.62	n/a	NonTarget	1	168262
1682.82	n/a	NonTarget	1	168282
1683.02	n/a	NonTarget	1	168302
1683.22	n/a	NonTarget	1	168322
1683.42	n/a	NonTarget	1	168342
1683.62	n/a	NonTarget	1	168362
1683.82	n/a	NonTarget	1	168382
1684.02	n/a	Target	2	168402
1684.22	n/a	NonTarget	1	168422
1684.42	n/a	NonTarget	1	168442
1684.62	n/a	Target	2	168462
1684.82	n/a	NonTarget	1	168482
1685.02	n/a	NonTarget	1	168502
1685.22	n/a	NonTarget	1	168522
1685.42	n/a	Target	2	168542
1685.62	n/a	NonTarget	1	168562
1685.82	n/a	NonTarget	1	168582
1686.02	n/a	NonTarget	1	168602
1686.22	n/a	NonTarget	1	168622
1686.42	n/a	NonTarget	1	168642
1686.62	n/a	NonTarget	1	168662
1686.82	n/a	NonTarget	1	168682
1687.02	n/a	NonTarget	1	168702
1687.22	n/a	NonTarget	1	168722
1687.42	n/a	NonTarget	1	168742
1687.62	n/a	Target	2	168762
1687.82	n/a	NonTarget	1	168782
1688.02	n/a	NonTarget	1	168802
1688.22	n/a	NonTarget	1	168822
1688.42	n/a	NonTarget	1	168842
1688.62	n/a	Target	2	168862
1688.82	n/a	NonTarget	1	168882
1689.02	n/a	NonTarget	1	168902
1689.22	n/a	NonTarget	1	168922
1689.42	n/a	Target	2	168942
1689.62	n/a	NonTarget	1	168962
1689.82	n/a	NonTarget	1	168982
1690.02	n/a	NonTarget	1	169002
1690.22	n/a	NonTarget	1	169022
1690.42	n/a	NonTarget	1	169042
1690.62	n/a	Target	2	169062
1690.82	n/a	NonTarget	1	169082
1691.02	n/a	NonTarget	1	169102
1691.22	n/a	NonTarget	1	169122
1691.42	n/a	Target	2	169142
1691.62	n/a	NonTarget	1	169162
1691.82	n/a	NonTarget	1	169182
1692.02	n/a	NonTarget	1	169202
1692.22	n/a	NonTarget	1	169222
1692.42	n/a	NonTarget	1	169242
1692.62	n/a	NonTarget	1	169262
1692.82	n/a	NonTarget	1	169282
1693.02	n/a	NonTarget	1	169302
1693.22	n/a	NonTarget	1	169322
1693.42	n/a	NonTarget	1	169342
1693.62	n/a	Target	2	169362
1701.44	n/a	Target	2	170144
1701.65	n/a	NonTarget	1	170165
1701.85	n/a	NonTarget	1	170185
1702.05	n/a	NonTarget	1	170205
1702.25	n/a	NonTarget	1	170225
1702.45	n/a	NonTarget	1	170245
1702.65	n/a	NonTarget	1	170265
1702.85	n/a	NonTarget	1	170285
1703.05	n/a	NonTarget	1	170305
1703.25	n/a	NonTarget	1	170325
1703.45	n/a	Target	2	170345
1703.64	n/a	NonTarget	1	170364
1703.84	n/a	NonTarget	1	170384
1704.05	n/a	NonTarget	1	170405
1704.25	n/a	NonTarget	1	170425
1704.44	n/a	NonTarget	1	170444
1704.64	n/a	NonTarget	1	170464
1704.84	n/a	Target	2	170484
1705.04	n/a	NonTarget	1	170504
1705.24	n/a	NonTarget	1	170524
1705.44	n/a	NonTarget	1	170544
1705.64	n/a	Target	2	170564
1705.84	n/a	NonTarget	1	170584
1706.04	n/a	NonTarget	1	170604
1706.24	n/a	Target	2	170624
1706.44	n/a	NonTarget	1	170644
1706.64	n/a	NonTarget	1	170664
1706.84	n/a	NonTarget	1	170684
1707.04	n/a	NonTarget	1	170704
1707.24	n/a	NonTarget	1	170724
1707.44	n/a	NonTarget	1	170744
1707.64	n/a	NonTarget	1	170764
1707.84	n/a	Target	2	170784
1708.04	n/a	NonTarget	1	170804
1708.24	n/a	NonTarget	1	170824
1708.44	n/a	NonTarget	1	170844
1708.64	n/a	NonTarget	1	170864
1708.84	n/a	Target	2	170884
1709.04	n/a	NonTarget	1	170904
1709.24	n/a	NonTarget	1	170924
1709.44	n/a	NonTarget	1	170944
1709.64	n/a	NonTarget	1	170964
1709.84	n/a	Target	2	170984
1710.04	n/a	NonTarget	1	171004
1710.24	n/a	NonTarget	1	171024
1710.44	n/a	NonTarget	1	171044
1710.64	n/a	NonTarget	1	171064
1710.84	n/a	NonTarget	1	171084
1711.04	n/a	NonTarget	1	171104
1711.24	n/a	NonTarget	1	171124
1711.44	n/a	NonTarget	1	171144
1711.64	n/a	NonTarget	1	171164
1711.84	n/a	Target	2	171184
1712.04	n/a	NonTarget	1	171204
1712.24	n/a	NonTarget	1	171224
1712.44	n/a	NonTarget	1	171244
1712.64	n/a	NonTarget	1	171264
1712.84	n/a	Target	2	171284
1713.04	n/a	NonTarget	1	171304
1713.26	n/a	NonTarget	1	171326
1717.71	n/a	NonTarget	1	171771
1717.91	n/a	Target	2	171791
1718.11	n/a	NonTarget	1	171811
1718.31	n/a	NonTarget	1	171831
1718.51	n/a	NonTarget	1	171851
1718.71	n/a	NonTarget	1	171871
1718.91	n/a	NonTarget	1	171891
1719.11	n/a	NonTarget	1	171911
1719.31	n/a	NonTarget	1	171931
1719.51	n/a	NonTarget	1	171951
1719.71	n/a	Target	2	171971
1719.91	n/a	NonTarget	1	171991
1720.11	n/a	NonTarget	1	172011
1720.31	n/a	NonTarget	1	172031
1720.51	n/a	NonTarget	1	172051
1720.71	n/a	NonTarget	1	172071
1720.91	n/a	Target	2	172091
1721.11	n/a	NonTarget	1	172111
1721.31	n/a	NonTarget	1	172131
1721.5	n/a	NonTarget	1	172150
1721.7	n/a	Target	2	172170
1721.9	n/a	NonTarget	1	172190
1722.1	n/a	NonTarget	1	172210
1722.3	n/a	NonTarget	1	172230
1722.5	n/a	Target	2	172250
1722.7	n/a	NonTarget	1	172270
1722.9	n/a	NonTarget	1	172290
1723.1	n/a	NonTarget	1	172310
1723.3	n/a	NonTarget	1	172330
1723.5	n/a	NonTarget	1	172350
1723.7	n/a	NonTarget	1	172370
1723.9	n/a	NonTarget	1	172390
1724.1	n/a	Target	2	172410
1724.3	n/a	NonTarget	1	172430
1724.5	n/a	NonTarget	1	172450
1724.7	n/a	NonTarget	1	172470
1724.9	n/a	NonTarget	1	172490
1725.1	n/a	NonTarget	1	172510
1725.3	n/a	Target	2	172530
1725.5	n/a	NonTarget	1	172550
1725.7	n/a	NonTarget	1	172570
1725.9	n/a	NonTarget	1	172590
1726.1	n/a	NonTarget	1	172610
1726.3	n/a	Target	2	172630
1726.5	n/a	NonTarget	1	172650
1726.7	n/a	NonTarget	1	172670
1726.9	n/a	NonTarget	1	172690
1727.1	n/a	NonTarget	1	172710
1727.3	n/a	NonTarget	1	172730
1727.5	n/a	Target	2	172750
1727.7	n/a	NonTarget	1	172770
1727.9	n/a	NonTarget	1	172790
1728.1	n/a	NonTarget	1	172810
1728.3	n/a	NonTarget	1	172830
1728.5	n/a	NonTarget	1	172850
1728.7	n/a	NonTarget	1	172870
1728.9	n/a	NonTarget	1	172890
1729.1	n/a	NonTarget	1	172910
1729.3	n/a	Target	2	172930
1729.5	n/a	NonTarget	1	172950
1737.32	n/a	NonTarget	1	173732
1737.53	n/a	NonTarget	1	173753
1737.73	n/a	NonTarget	1	173773
1737.93	n/a	NonTarget	1	173793
1738.13	n/a	NonTarget	1	173813
1738.33	n/a	Target	2	173833
1738.53	n/a	NonTarget	1	173853
1738.73	n/a	NonTarget	1	173873
1738.93	n/a	NonTarget	1	173893
1739.13	n/a	NonTarget	1	173913
1739.33	n/a	NonTarget	1	173933
1739.53	n/a	Target	2	173953
1739.73	n/a	NonTarget	1	173973
1739.93	n/a	NonTarget	1	173993
1740.13	n/a	NonTarget	1	174013
1740.33	n/a	NonTarget	1	174033
1740.53	n/a	NonTarget	1	174053
1740.73	n/a	Target	2	174073
1740.93	n/a	NonTarget	1	174093
1741.13	n/a	NonTarget	1	174113
1741.33	n/a	NonTarget	1	174133
1741.53	n/a	NonTarget	1	174153
1741.73	n/a	Target	2	174173
1741.93	n/a	NonTarget	1	174193
1742.13	n/a	NonTarget	1	174213
1742.33	n/a	NonTarget	1	174233
1742.53	n/a	NonTarget	1	174253
1742.73	n/a	NonTarget	1	174273
1742.93	n/a	NonTarget	1	174293
1743.15	n/a	Target	2	174315
1743.35	n/a	NonTarget	1	174335
1743.55	n/a	NonTarget	1	174355
1743.75	n/a	NonTarget	1	174375
1743.95	n/a	Target	2	174395
1744.15	n/a	NonTarget	1	174415
1744.35	n/a	NonTarget	1	174435
1744.55	n/a	NonTarget	1	174455
1744.75	n/a	NonTarget	1	174475
1744.95	n/a	NonTarget	1	174495
1745.15	n/a	NonTarget	1	174515
1745.35	n/a	NonTarget	1	174535
1745.55	n/a	Target	2	174555
1745.75	n/a	NonTarget	1	174575
1745.95	n/a	NonTarget	1	174595
1746.15	n/a	NonTarget	1	174615
1746.35	n/a	NonTarget	1	174635
1746.55	n/a	NonTarget	1	174655
1746.75	n/a	Target	2	174675
1746.95	n/a	NonTarget	1	174695
1747.15	n/a	NonTarget	1	174715
1747.35	n/a	NonTarget	1	174735
1747.55	n/a	NonTarget	1	174755
1747.75	n/a	NonTarget	1	174775
1747.95	n/a	Target	2	174795
1748.14	n/a	NonTarget	1	174814
1748.34	n/a	NonTarget	1	174834
1748.54	n/a	NonTarget	1	174854
1748.75	n/a	NonTarget	1	174875
1748.94	n/a	NonTarget	1	174894
1749.14	n/a	Target	2	174914
1753.59	n/a	NonTarget	1	175359
1753.79	n/a	NonTarget	1	175379
1753.99	n/a	NonTarget	1	175399
1754.19	n/a	NonTarget	1	175419
1754.39	n/a	NonTarget	1	175439
1754.59	n/a	Target	2	175459
1754.79	n/a	NonTarget	1	175479
1754.99	n/a	NonTarget	1	175499
1755.19	n/a	Target	2	175519
1755.39	n/a	NonTarget	1	175539
1755.59	n/a	NonTarget	1	175559
1755.79	n/a	NonTarget	1	175579
1755.99	n/a	NonTarget	1	175599
1756.19	n/a	NonTarget	1	175619
1756.39	n/a	NonTarget	1	175639
1756.59	n/a	Target	2	175659
1756.79	n/a	NonTarget	1	175679
1756.99	n/a	NonTarget	1	175699
1757.19	n/a	NonTarget	1	175719
1757.39	n/a	NonTarget	1	175739
1757.59	n/a	NonTarget	1	175759
1757.79	n/a	NonTarget	1	175779
1757.99	n/a	Target	2	175799
1758.19	n/a	NonTarget	1	175819
1758.39	n/a	NonTarget	1	175839
1758.59	n/a	NonTarget	1	175859
1758.79	n/a	Target	2	175879
1758.99	n/a	NonTarget	1	175899
1759.19	n/a	NonTarget	1	175919
1759.39	n/a	NonTarget	1	175939
1759.59	n/a	NonTarget	1	175959
1759.79	n/a	NonTarget	1	175979
1759.99	n/a	NonTarget	1	175999
1760.19	n/a	NonTarget	1	176019
1760.39	n/a	NonTarget	1	176039
1760.59	n/a	Target	2	176059
1760.79	n/a	NonTarget	1	176079
1760.99	n/a	NonTarget	1	176099
1761.19	n/a	NonTarget	1	176119
1761.39	n/a	NonTarget	1	176139
1761.59	n/a	Target	2	176159
1761.79	n/a	NonTarget	1	176179
1761.99	n/a	NonTarget	1	176199
1762.19	n/a	Target	2	176219
1762.39	n/a	NonTarget	1	176239
1762.59	n/a	NonTarget	1	176259
1762.79	n/a	NonTarget	1	176279
1762.99	n/a	NonTarget	1	176299
1763.19	n/a	NonTarget	1	176319
1763.39	n/a	Target	2	176339
1763.59	n/a	NonTarget	1	176359
1763.79	n/a	NonTarget	1	176379
1763.99	n/a	NonTarget	1	176399
1764.19	n/a	NonTarget	1	176419
1764.39	n/a	NonTarget	1	176439
1764.59	n/a	NonTarget	1	176459
1764.79	n/a	NonTarget	1	176479
1764.99	n/a	NonTarget	1	176499
1765.19	n/a	NonTarget	1	176519
1765.39	n/a	Target	2	176539
1773.21	n/a	NonTarget	1	177321
1773.42	n/a	NonTarget	1	177342
1773.62	n/a	NonTarget	1	177362
1773.82	n/a	NonTarget	1	177382
1774.02	n/a	Target	2	177402
1774.22	n/a	NonTarget	1	177422
1774.42	n/a	NonTarget	1	177442
1774.62	n/a	NonTarget	1	177462
1774.82	n/a	NonTarget	1	177482
1775.02	n/a	NonTarget	1	177502
1775.22	n/a	NonTarget	1	177522
1775.42	n/a	Target	2	177542
1775.62	n/a	NonTarget	1	177562
1775.82	n/a	NonTarget	1	177582
1776.02	n/a	NonTarget	1	177602
1776.22	n/a	NonTarget	1	177622
1776.42	n/a	NonTarget	1	177642
1776.62	n/a	Target	2	177662
1776.82	n/a	NonTarget	1	177682
1777.02	n/a	NonTarget	1	177702
1777.22	n/a	NonTarget	1	177722
1777.42	n/a	NonTarget	1	177742
1777.62	n/a	NonTarget	1	177762
1777.82	n/a	Target	2	177782
1778.02	n/a	NonTarget	1	177802
1778.22	n/a	NonTarget	1	177822
1778.42	n/a	NonTarget	1	177842
1778.62	n/a	NonTarget	1	177862
1778.82	n/a	NonTarget	1	177882
1779.02	n/a	Target	2	177902
1779.22	n/a	NonTarget	1	177922
1779.42	n/a	NonTarget	1	177942
1779.62	n/a	NonTarget	1	177962
1779.82	n/a	NonTarget	1	177982
1780.02	n/a	Target	2	178002
1780.22	n/a	NonTarget	1	178022
1780.42	n/a	NonTarget	1	178042
1780.62	n/a	Target	2	178062
1780.82	n/a	NonTarget	1	178082
1781.02	n/a	NonTarget	1	178102
1781.22	n/a	NonTarget	1	178122
1781.42	n/a	NonTarget	1	178142
1781.62	n/a	NonTarget	1	178162
1781.82	n/a	Target	2	178182
1782.02	n/a	NonTarget	1	178202
1782.22	n/a	NonTarget	1	178222
1782.42	n/a	NonTarget	1	178242
1782.62	n/a	NonTarget	1	178262
1782.82	n/a	NonTarget	1	178282
1783.02	n/a	Target	2	178302
1783.22	n/a	NonTarget	1	178322
1783.42	n/a	NonTarget	1	178342
1783.62	n/a	NonTarget	1	178362
1783.82	n/a	NonTarget	1	178382
1784.02	n/a	NonTarget	1	178402
1784.22	n/a	Target	2	178422
1784.41	n/a	NonTarget	1	178441
1784.61	n/a	NonTarget	1	178461
1784.82	n/a	NonTarget	1	178482
1785.01	n/a	NonTarget	1	178501
1789.46	n/a	NonTarget	1	178946
1789.66	n/a	Target	2	178966
1789.86	n/a	NonTarget	1	178986
1790.06	n/a	NonTarget	1	179006
1790.26	n/a	NonTarget	1	179026
1790.46	n/a	NonTarget	1	179046
1790.66	n/a	Target	2	179066
1790.86	n/a	NonTarget	1	179086
1791.06	n/a	NonTarget	1	179106
1791.26	n/a	NonTarget	1	179126
1791.46	n/a	NonTarget	1	179146
1791.66	n/a	NonTarget	1	179166
1791.86	n/a	NonTarget	1	179186
1792.06	n/a	Target	2	179206
1792.26	n/a	NonTarget	1	179226
1792.46	n/a	NonTarget	1	179246
1792.66	n/a	NonTarget	1	179266
1792.86	n/a	NonTarget	1	179286
1793.06	n/a	Target	2	179306
1793.26	n/a	NonTarget	1	179326
1793.46	n/a	NonTarget	1	179346
1793.66	n/a	NonTarget	1	179366
1793.86	n/a	NonTarget	1	179386
1794.06	n/a	NonTarget	1	179406
1794.26	n/a	NonTarget	1	179426
1794.46	n/a	NonTarget	1	179446
1794.66	n/a	NonTarget	1	179466
1794.86	n/a	NonTarget	1	179486
1795.06	n/a	Target	2	179506
1795.26	n/a	NonTarget	1	179526
1795.46	n/a	NonTarget	1	179546
1795.66	n/a	NonTarget	1	179566
1795.86	n/a	NonTarget	1	179586
1796.06	n/a	Target	2	179606
1796.26	n/a	NonTarget	1	179626
1796.46	n/a	NonTarget	1	179646
1796.66	n/a	Target	2	179666
1796.86	n/a	NonTarget	1	179686
1797.06	n/a	NonTarget	1	179706
1797.26	n/a	NonTarget	1	179726
1797.46	n/a	NonTarget	1	179746
1797.66	n/a	NonTarget	1	179766
1797.86	n/a	NonTarget	1	179786
1798.06	n/a	NonTarget	1	179806
1798.26	n/a	Target	2	179826
1798.46	n/a	NonTarget	1	179846
1798.66	n/a	NonTarget	1	179866
1798.86	n/a	NonTarget	1	179886
1799.06	n/a	NonTarget	1	179906
1799.26	n/a	NonTarget	1	179926
1799.46	n/a	NonTarget	1	179946
1799.66	n/a	Target	2	179966
1799.86	n/a	NonTarget	1	179986
1800.06	n/a	NonTarget	1	180006
1800.26	n/a	Target	2	180026
1800.46	n/a	NonTarget	1	180046
1800.66	n/a	NonTarget	1	180066
1800.86	n/a	NonTarget	1	180086
1801.06	n/a	NonTarget	1	180106
1801.26	n/a	NonTarget	1	180126
1809.08	n/a	NonTarget	1	180908
1809.29	n/a	Target	2	180929
1809.49	n/a	NonTarget	1	180949
1809.69	n/a	NonTarget	1	180969
1809.89	n/a	NonTarget	1	180989
1810.09	n/a	NonTarget	1	181009
1810.29	n/a	NonTarget	1	181029
1810.49	n/a	Target	2	181049
1810.69	n/a	NonTarget	1	181069
1810.89	n/a	NonTarget	1	181089
1811.09	n/a	NonTarget	1	181109
1811.29	n/a	NonTarget	1	181129
1811.49	n/a	NonTarget	1	181149
1811.69	n/a	NonTarget	1	181169
1811.89	n/a	NonTarget	1	181189
1812.09	n/a	NonTarget	1	181209
1812.29	n/a	NonTarget	1	181229
1812.49	n/a	Target	2	181249
1812.69	n/a	NonTarget	1	181269
1812.89	n/a	NonTarget	1	181289
1813.09	n/a	NonTarget	1	181309
1813.29	n/a	NonTarget	1	181329
1813.49	n/a	NonTarget	1	181349
1813.69	n/a	Target	2	181369
1813.89	n/a	NonTarget	1	181389
1814.09	n/a	NonTarget	1	181409
1814.29	n/a	Target	2	181429
1814.49	n/a	NonTarget	1	181449
1814.69	n/a	NonTarget	1	181469
1814.89	n/a	NonTarget	1	181489
1815.09	n/a	NonTarget	1	181509
1815.29	n/a	NonTarget	1	181529
1815.49	n/a	NonTarget	1	181549
1815.69	n/a	Target	2	181569
1815.89	n/a	NonTarget	1	181589
1816.09	n/a	NonTarget	1	181609
1816.29	n/a	NonTarget	1	181629
1816.49	n/a	NonTarget	1	181649
1816.69	n/a	NonTarget	1	181669
1816.89	n/a	Target	2	181689
1817.09	n/a	NonTarget	1	181709
1817.29	n/a	NonTarget	1	181729
1817.49	n/a	NonTarget	1	181749
1817.69	n/a	NonTarget	1	181769
1817.89	n/a	NonTarget	1	181789
1818.09	n/a	NonTarget	1	181809
1818.29	n/a	NonTarget	1	181829
1818.49	n/a	Target	2	181849
1818.69	n/a	NonTarget	1	181869
1818.89	n/a	NonTarget	1	181889
1819.09	n/a	Target	2	181909
1819.29	n/a	NonTarget	1	181929
1819.49	n/a	NonTarget	1	181949
1819.69	n/a	NonTarget	1	181969
1819.89	n/a	NonTarget	1	181989
1820.08	n/a	NonTarget	1	182008
1820.28	n/a	NonTarget	1	182028
1820.48	n/a	NonTarget	1	182048
1820.69	n/a	NonTarget	1	182069
1820.88	n/a	Target	2	182088
1825.33	n/a	NonTarget	1	182533
1825.53	n/a	NonTarget	1	182553
1825.73	n/a	Target	2	182573
1825.93	n/a	NonTarget	1	182593
1826.13	n/a	NonTarget	1	182613
1826.33	n/a	NonTarget	1	182633
1826.53	n/a	NonTarget	1	182653
1826.73	n/a	NonTarget	1	182673
1826.93	n/a	NonTarget	1	182693
1827.13	n/a	NonTarget	1	182713
1827.33	n/a	Target	2	182733
1827.53	n/a	NonTarget	1	182753
1827.73	n/a	NonTarget	1	182773
1827.93	n/a	NonTarget	1	182793
1828.13	n/a	NonTarget	1	182813
1828.33	n/a	NonTarget	1	182833
1828.53	n/a	Target	2	182853
1828.73	n/a	NonTarget	1	182873
1828.93	n/a	NonTarget	1	182893
1829.13	n/a	NonTarget	1	182913
1829.33	n/a	NonTarget	1	182933
1829.53	n/a	NonTarget	1	182953
1829.73	n/a	Target	2	182973
1829.95	n/a	NonTarget	1	182995
1830.15	n/a	NonTarget	1	183015
1830.35	n/a	NonTarget	1	183035
1830.55	n/a	NonTarget	1	183055
1830.75	n/a	Target	2	183075
1830.95	n/a	NonTarget	1	183095
1831.15	n/a	NonTarget	1	183115
1831.35	n/a	Target	2	183135
1831.55	n/a	NonTarget	1	183155
1831.75	n/a	NonTarget	1	183175
1831.95	n/a	NonTarget	1	183195
1832.15	n/a	NonTarget	1	183215
1832.35	n/a	NonTarget	1	183235
1832.55	n/a	NonTarget	1	183255
1832.75	n/a	NonTarget	1	183275
1832.95	n/a	NonTarget	1	183295
1833.15	n/a	Target	2	183315
1833.35	n/a	NonTarget	1	183335
1833.55	n/a	NonTarget	1	183355
1833.75	n/a	Target	2	183375
1833.95	n/a	NonTarget	1	183395
1834.15	n/a	NonTarget	1	183415
1834.35	n/a	NonTarget	1	183435
1834.55	n/a	NonTarget	1	183455
1834.75	n/a	NonTarget	1	183475
1834.95	n/a	NonTarget	1	183495
1835.15	n/a	Target	2	183515
1835.35	n/a	NonTarget	1	183535
1835.55	n/a	NonTarget	1	183555
1835.75	n/a	NonTarget	1	183575
1835.95	n/a	NonTarget	1	183595
1836.15	n/a	NonTarget	1	183615
1836.35	n/a	NonTarget	1	183635
1836.55	n/a	NonTarget	1	183655
1836.75	n/a	NonTarget	1	183675
1836.95	n/a	NonTarget	1	183695
1837.15	n/a	Target	2	183715
1844.97	n/a	Target	2	184497
1845.18	n/a	NonTarget	1	184518
1845.38	n/a	NonTarget	1	184538
1845.58	n/a	NonTarget	1	184558
1845.78	n/a	NonTarget	1	184578
1845.98	n/a	NonTarget	1	184598
1846.18	n/a	Target	2	184618
1846.38	n/a	NonTarget	1	184638
1846.58	n/a	NonTarget	1	184658
1846.77	n/a	NonTarget	1	184677
1846.98	n/a	NonTarget	1	184698
1847.17	n/a	NonTarget	1	184717
1847.37	n/a	NonTarget	1	184737
1847.57	n/a	Target	2	184757
1847.77	n/a	NonTarget	1	184777
1847.97	n/a	NonTarget	1	184797
1848.17	n/a	NonTarget	1	184817
1848.37	n/a	NonTarget	1	184837
1848.57	n/a	NonTarget	1	184857
1848.77	n/a	NonTarget	1	184877
1848.97	n/a	Target	2	184897
1849.17	n/a	NonTarget	1	184917
1849.37	n/a	NonTarget	1	184937
1849.57	n/a	NonTarget	1	184957
1849.77	n/a	NonTarget	1	184977
1849.97	n/a	NonTarget	1	184997
1850.17	n/a	NonTarget	1	185017
1850.37	n/a	NonTarget	1	185037
1850.57	n/a	Target	2	185057
1850.77	n/a	NonTarget	1	185077
1850.97	n/a	NonTarget	1	185097
1851.17	n/a	NonTarget	1	185117
1851.37	n/a	NonTarget	1	185137
1851.57	n/a	Target	2	185157
1851.77	n/a	NonTarget	1	185177
1851.97	n/a	NonTarget	1	185197
1852.17	n/a	NonTarget	1	185217
1852.37	n/a	NonTarget	1	185237
1852.57	n/a	NonTarget	1	185257
1852.77	n/a	Target	2	185277
1852.97	n/a	NonTarget	1	185297
1853.19	n/a	NonTarget	1	185319
1853.39	n/a	NonTarget	1	185339
1853.59	n/a	NonTarget	1	185359
1853.79	n/a	NonTarget	1	185379
1853.99	n/a	NonTarget	1	185399
1854.19	n/a	Target	2	185419
1854.39	n/a	NonTarget	1	185439
1854.59	n/a	NonTarget	1	185459
1854.79	n/a	Target	2	185479
1854.99	n/a	NonTarget	1	185499
1855.19	n/a	NonTarget	1	185519
1855.39	n/a	NonTarget	1	185539
1855.59	n/a	NonTarget	1	185559
1855.79	n/a	NonTarget	1	185579
1855.99	n/a	NonTarget	1	185599
1856.19	n/a	NonTarget	1	185619
1856.39	n/a	NonTarget	1	185639
1856.59	n/a	NonTarget	1	185659
1856.79	n/a	Target	2	185679
1861.24	n/a	NonTarget	1	186124
1861.44	n/a	NonTarget	1	186144
1861.64	n/a	NonTarget	1	186164
1861.84	n/a	NonTarget	1	186184
1862.04	n/a	Target	2	186204
1862.24	n/a	NonTarget	1	186224
1862.44	n/a	NonTarget	1	186244
1862.64	n/a	NonTarget	1	186264
1862.84	n/a	NonTarget	1	186284
1863.04	n/a	NonTarget	1	186304
1863.24	n/a	NonTarget	1	186324
1863.44	n/a	Target	2	186344
1863.64	n/a	NonTarget	1	186364
1863.84	n/a	NonTarget	1	186384
1864.04	n/a	NonTarget	1	186404
1864.23	n/a	NonTarget	1	186423
1864.43	n/a	Target	2	186443
1864.63	n/a	NonTarget	1	186463
1864.83	n/a	NonTarget	1	186483
1865.03	n/a	Target	2	186503
1865.23	n/a	NonTarget	1	186523
1865.43	n/a	NonTarget	1	186543
1865.63	n/a	NonTarget	1	186563
1865.83	n/a	NonTarget	1	186583
1866.03	n/a	NonTarget	1	186603
1866.23	n/a	NonTarget	1	186623
1866.43	n/a	Target	2	186643
1866.63	n/a	NonTarget	1	186663
1866.83	n/a	NonTarget	1	186683
1867.03	n/a	NonTarget	1	186703
1867.23	n/a	Target	2	186723
1867.43	n/a	NonTarget	1	186743
1867.63	n/a	NonTarget	1	186763
1867.83	n/a	NonTarget	1	186783
1868.03	n/a	NonTarget	1	186803
1868.23	n/a	NonTarget	1	186823
1868.43	n/a	NonTarget	1	186843
1868.63	n/a	NonTarget	1	186863
1868.83	n/a	NonTarget	1	186883
1869.03	n/a	NonTarget	1	186903
1869.23	n/a	NonTarget	1	186923
1869.43	n/a	Target	2	186943
1869.63	n/a	NonTarget	1	186963
1869.83	n/a	NonTarget	1	186983
1870.03	n/a	NonTarget	1	187003
1870.23	n/a	NonTarget	1	187023
1870.43	n/a	NonTarget	1	187043
1870.63	n/a	Target	2	187063
1870.83	n/a	NonTarget	1	187083
1871.03	n/a	NonTarget	1	187103
1871.23	n/a	NonTarget	1	187123
1871.43	n/a	NonTarget	1	187143
1871.63	n/a	NonTarget	1	187163
1871.83	n/a	Target	2	187183
1872.03	n/a	NonTarget	1	187203
1872.23	n/a	NonTarget	1	187223
1872.43	n/a	NonTarget	1	187243
1872.63	n/a	NonTarget	1	187263
1872.83	n/a	NonTarget	1	187283
1873.03	n/a	Target	2	187303
1880.85	n/a	NonTarget	1	188085
1881.06	n/a	NonTarget	1	188106
1881.26	n/a	Target	2	188126
1881.46	n/a	NonTarget	1	188146
1881.66	n/a	NonTarget	1	188166
1881.86	n/a	NonTarget	1	188186
1882.06	n/a	NonTarget	1	188206
1882.26	n/a	NonTarget	1	188226
1882.46	n/a	NonTarget	1	188246
1882.66	n/a	Target	2	188266
1882.86	n/a	NonTarget	1	188286
1883.06	n/a	NonTarget	1	188306
1883.26	n/a	NonTarget	1	188326
1883.46	n/a	NonTarget	1	188346
1883.66	n/a	Target	2	188366
1883.86	n/a	NonTarget	1	188386
1884.06	n/a	NonTarget	1	188406
1884.26	n/a	NonTarget	1	188426
1884.46	n/a	NonTarget	1	188446
1884.66	n/a	NonTarget	1	188466
1884.86	n/a	Target	2	188486
1885.06	n/a	NonTarget	1	188506
1885.26	n/a	NonTarget	1	188526
1885.46	n/a	NonTarget	1	188546
1885.66	n/a	NonTarget	1	188566
1885.86	n/a	NonTarget	1	188586
1886.06	n/a	Target	2	188606
1886.26	n/a	NonTarget	1	188626
1886.46	n/a	NonTarget	1	188646
1886.66	n/a	NonTarget	1	188666
1886.86	n/a	NonTarget	1	188686
1887.06	n/a	NonTarget	1	188706
1887.26	n/a	NonTarget	1	188726
1887.46	n/a	NonTarget	1	188746
1887.66	n/a	NonTarget	1	188766
1887.86	n/a	Target	2	188786
1888.06	n/a	NonTarget	1	188806
1888.26	n/a	NonTarget	1	188826
1888.46	n/a	NonTarget	1	188846
1888.66	n/a	NonTarget	1	188866
1888.86	n/a	Target	2	188886
1889.06	n/a	NonTarget	1	188906
1889.26	n/a	NonTarget	1	188926
1889.46	n/a	Target	2	188946
1889.66	n/a	NonTarget	1	188966
1889.86	n/a	NonTarget	1	188986
1890.06	n/a	NonTarget	1	189006
1890.26	n/a	NonTarget	1	189026
1890.46	n/a	Target	2	189046
1890.66	n/a	NonTarget	1	189066
1890.86	n/a	NonTarget	1	189086
1891.06	n/a	NonTarget	1	189106
1891.26	n/a	NonTarget	1	189126
1891.46	n/a	NonTarget	1	189146
1891.66	n/a	Target	2	189166
1891.86	n/a	NonTarget	1	189186
1892.06	n/a	NonTarget	1	189206
1892.26	n/a	NonTarget	1	189226
1892.46	n/a	NonTarget	1	189246
1892.66	n/a	NonTarget	1	189266
1897.11	n/a	Target	2	189711
1897.34	n/a	NonTarget	1	189734
1897.54	n/a	NonTarget	1	189754
1897.74	n/a	NonTarget	1	189774
1897.94	n/a	NonTarget	1	189794
1898.14	n/a	NonTarget	1	189814
1898.34	n/a	NonTarget	1	189834
1898.56	n/a	NonTarget	1	189856
1898.76	n/a	NonTarget	1	189876
1898.96	n/a	NonTarget	1	189896
1899.16	n/a	Target	2	189916
1899.36	n/a	NonTarget	1	189936
1899.56	n/a	NonTarget	1	189956
1899.77	n/a	NonTarget	1	189977
1899.97	n/a	NonTarget	1	189997
1900.19	n/a	Target	2	190019
1900.39	n/a	NonTarget	1	190039
1900.59	n/a	NonTarget	1	190059
1900.8	n/a	NonTarget	1	190080
1901.01	n/a	NonTarget	1	190101
1901.22	n/a	NonTarget	1	190122
1901.42	n/a	NonTarget	1	190142
1901.62	n/a	NonTarget	1	190162
1901.82	n/a	Target	2	190182
1902.02	n/a	NonTarget	1	190202
1902.22	n/a	NonTarget	1	190222
1902.42	n/a	NonTarget	1	190242
1902.62	n/a	Target	2	190262
1902.82	n/a	NonTarget	1	190282
1903.02	n/a	NonTarget	1	190302
1903.22	n/a	NonTarget	1	190322
1903.42	n/a	Target	2	190342
1903.62	n/a	NonTarget	1	190362
1903.82	n/a	NonTarget	1	190382
1904.02	n/a	NonTarget	1	190402
1904.22	n/a	NonTarget	1	190422
1904.42	n/a	NonTarget	1	190442
1904.62	n/a	NonTarget	1	190462
1904.82	n/a	Target	2	190482
1905.02	n/a	NonTarget	1	190502
1905.22	n/a	NonTarget	1	190522
1905.42	n/a	NonTarget	1	190542
1905.62	n/a	NonTarget	1	190562
1905.82	n/a	NonTarget	1	190582
1906.02	n/a	NonTarget	1	190602
1906.22	n/a	NonTarget	1	190622
1906.42	n/a	Target	2	190642
1906.62	n/a	NonTarget	1	190662
1906.82	n/a	NonTarget	1	190682
1907.02	n/a	NonTarget	1	190702
1907.22	n/a	NonTarget	1	190722
1907.42	n/a	NonTarget	1	190742
1907.62	n/a	Target	2	190762
1907.82	n/a	NonTarget	1	190782
1908.02	n/a	NonTarget	1	190802
1908.22	n/a	Target	2	190822
1908.42	n/a	NonTarget	1	190842
1908.62	n/a	NonTarget	1	190862
1908.82	n/a	NonTarget	1	190882
1909.02	n/a	NonTarget	1	190902
1916.84	n/a	NonTarget	1	191684
1917.05	n/a	NonTarget	1	191705
1917.25	n/a	NonTarget	1	191725
1917.45	n/a	Target	2	191745
1917.65	n/a	NonTarget	1	191765
1917.85	n/a	NonTarget	1	191785
1918.05	n/a	Target	2	191805
1918.25	n/a	NonTarget	1	191825
1918.46	n/a	NonTarget	1	191846
1918.66	n/a	NonTarget	1	191866
1918.86	n/a	NonTarget	1	191886
1919.06	n/a	NonTarget	1	191906
1919.26	n/a	Target	2	191926
1919.46	n/a	NonTarget	1	191946
1919.66	n/a	NonTarget	1	191966
1919.86	n/a	NonTarget	1	191986
1920.06	n/a	NonTarget	1	192006
1920.26	n/a	NonTarget	1	192026
1920.46	n/a	NonTarget	1	192046
1920.66	n/a	NonTarget	1	192066
1920.86	n/a	NonTarget	1	192086
1921.06	n/a	NonTarget	1	192106
1921.26	n/a	Target	2	192126
1921.46	n/a	NonTarget	1	192146
1921.66	n/a	NonTarget	1	192166
1921.86	n/a	NonTarget	1	192186
1922.06	n/a	NonTarget	1	192206
1922.26	n/a	Target	2	192226
1922.46	n/a	NonTarget	1	192246
1922.66	n/a	NonTarget	1	192266
1922.86	n/a	Target	2	192286
1923.06	n/a	NonTarget	1	192306
1923.26	n/a	NonTarget	1	192326
1923.46	n/a	NonTarget	1	192346
1923.66	n/a	NonTarget	1	192366
1923.86	n/a	NonTarget	1	192386
1924.06	n/a	Target	2	192406
1924.26	n/a	NonTarget	1	192426
1924.46	n/a	NonTarget	1	192446
1924.66	n/a	NonTarget	1	192466
1924.86	n/a	NonTarget	1	192486
1925.06	n/a	NonTarget	1	192506
1925.26	n/a	NonTarget	1	192526
1925.46	n/a	NonTarget	1	192546
1925.66	n/a	NonTarget	1	192566
1925.86	n/a	NonTarget	1	192586
1926.06	n/a	Target	2	192606
1926.26	n/a	NonTarget	1	192626
1926.46	n/a	NonTarget	1	192646
1926.66	n/a	Target	2	192666
1926.86	n/a	NonTarget	1	192686
1927.06	n/a	NonTarget	1	192706
1927.26	n/a	NonTarget	1	192726
1927.46	n/a	NonTarget	1	192746
1927.66	n/a	NonTarget	1	192766
1927.86	n/a	NonTarget	1	192786
1928.06	n/a	NonTarget	1	192806
1928.26	n/a	Target	2	192826
1928.46	n/a	NonTarget	1	192846
1928.66	n/a	NonTarget	1	192866
1933.11	n/a	Target	2	193311
1933.31	n/a	NonTarget	1	193331
1933.51	n/a	NonTarget	1	193351
1933.71	n/a	NonTarget	1	193371
1933.91	n/a	NonTarget	1	193391
1934.11	n/a	NonTarget	1	193411
1934.31	n/a	NonTarget	1	193431
1934.51	n/a	NonTarget	1	193451
1934.71	n/a	Target	2	193471
1934.91	n/a	NonTarget	1	193491
1935.11	n/a	NonTarget	1	193511
1935.31	n/a	NonTarget	1	193531
1935.51	n/a	NonTarget	1	193551
1935.71	n/a	Target	2	193571
1935.91	n/a	NonTarget	1	193591
1936.11	n/a	NonTarget	1	193611
1936.31	n/a	NonTarget	1	193631
1936.51	n/a	NonTarget	1	193651
1936.71	n/a	Target	2	193671
1936.91	n/a	NonTarget	1	193691
1937.11	n/a	NonTarget	1	193711
1937.31	n/a	NonTarget	1	193731
1937.51	n/a	NonTarget	1	193751
1937.71	n/a	NonTarget	1	193771
1937.91	n/a	NonTarget	1	193791
1938.11	n/a	NonTarget	1	193811
1938.31	n/a	NonTarget	1	193831
1938.51	n/a	Target	2	193851
1938.71	n/a	NonTarget	1	193871
1938.91	n/a	NonTarget	1	193891
1939.11	n/a	NonTarget	1	193911
1939.31	n/a	NonTarget	1	193931
1939.51	n/a	NonTarget	1	193951
1939.71	n/a	Target	2	193971
1939.91	n/a	NonTarget	1	193991
1940.11	n/a	NonTarget	1	194011
1940.31	n/a	NonTarget	1	194031
1940.51	n/a	NonTarget	1	194051
1940.71	n/a	NonTarget	1	194071
1940.91	n/a	NonTarget	1	194091
1941.11	n/a	NonTarget	1	194111
1941.31	n/a	Target	2	194131
1941.51	n/a	NonTarget	1	194151
1941.71	n/a	NonTarget	1	194171
1941.91	n/a	NonTarget	1	194191
1942.11	n/a	NonTarget	1	194211
1942.31	n/a	NonTarget	1	194231
1942.51	n/a	Target	2	194251
1942.71	n/a	NonTarget	1	194271
1942.91	n/a	NonTarget	1	194291
1943.11	n/a	Target	2	194311
1943.31	n/a	NonTarget	1	194331
1943.51	n/a	NonTarget	1	194351
1943.71	n/a	NonTarget	1	194371
1943.91	n/a	NonTarget	1	194391
1944.11	n/a	NonTarget	1	194411
1944.31	n/a	NonTarget	1	194431
1944.5	n/a	Target	2	194450
1944.7	n/a	NonTarget	1	194470
1944.9	n/a	NonTarget	1	194490
1952.73	n/a	NonTarget	1	195273
1952.94	n/a	NonTarget	1	195294
1953.14	n/a	NonTarget	1	195314
1953.34	n/a	NonTarget	1	195334
1953.53	n/a	Target	2	195353
1953.74	n/a	NonTarget	1	195374
1953.94	n/a	NonTarget	1	195394
1954.13	n/a	NonTarget	1	195413
1954.33	n/a	NonTarget	1	195433
1954.53	n/a	Target	2	195453
1954.74	n/a	NonTarget	1	195474
1954.93	n/a	NonTarget	1	195493
1955.13	n/a	NonTarget	1	195513
1955.33	n/a	Target	2	195533
1955.53	n/a	NonTarget	1	195553
1955.73	n/a	NonTarget	1	195573
1955.93	n/a	NonTarget	1	195593
1956.13	n/a	NonTarget	1	195613
1956.33	n/a	Target	2	195633
1956.53	n/a	NonTarget	1	195653
1956.73	n/a	NonTarget	1	195673
1956.93	n/a	NonTarget	1	195693
1957.13	n/a	NonTarget	1	195713
1957.33	n/a	NonTarget	1	195733
1957.53	n/a	Target	2	195753
1957.73	n/a	NonTarget	1	195773
1957.93	n/a	NonTarget	1	195793
1958.13	n/a	NonTarget	1	195813
1958.33	n/a	NonTarget	1	195833
1958.53	n/a	NonTarget	1	195853
1958.73	n/a	NonTarget	1	195873
1958.93	n/a	NonTarget	1	195893
1959.13	n/a	Target	2	195913
1959.33	n/a	NonTarget	1	195933
1959.53	n/a	NonTarget	1	195953
1959.73	n/a	NonTarget	1	195973
1959.93	n/a	NonTarget	1	195993
1960.13	n/a	NonTarget	1	196013
1960.33	n/a	NonTarget	1	196033
1960.53	n/a	NonTarget	1	196053
1960.73	n/a	Target	2	196073
1960.93	n/a	NonTarget	1	196093
1961.13	n/a	NonTarget	1	196113
1961.33	n/a	NonTarget	1	196133
1961.53	n/a	Target	2	196153
1961.73	n/a	NonTarget	1	196173
1961.93	n/a	NonTarget	1	196193
1962.13	n/a	NonTarget	1	196213
1962.33	n/a	NonTarget	1	196233
1962.57	n/a	NonTarget	1	196257
1962.77	n/a	NonTarget	1	196277
1962.96	n/a	NonTarget	1	196296
1963.17	n/a	NonTarget	1	196317
1963.36	n/a	Target	2	196336
1963.6	n/a	NonTarget	1	196360
1963.8	n/a	NonTarget	1	196380
1964.0	n/a	NonTarget	1	196400
1964.2	n/a	NonTarget	1	196420
1964.4	n/a	NonTarget	1	196440
1964.6	n/a	Target	2	196460
1969.1	n/a	NonTarget	1	196910
1969.3	n/a	Target	2	196930
1969.5	n/a	NonTarget	1	196950
1969.7	n/a	NonTarget	1	196970
1969.9	n/a	NonTarget	1	196990
1970.1	n/a	NonTarget	1	197010
1970.3	n/a	Target	2	197030
1970.5	n/a	NonTarget	1	197050
1970.7	n/a	NonTarget	1	197070
1970.9	n/a	NonTarget	1	197090
1971.1	n/a	NonTarget	1	197110
1971.3	n/a	NonTarget	1	197130
1971.49	n/a	NonTarget	1	197149
1971.7	n/a	NonTarget	1	197170
1971.9	n/a	Target	2	197190
1972.1	n/a	NonTarget	1	197210
1972.3	n/a	NonTarget	1	197230
1972.49	n/a	NonTarget	1	197249
1972.69	n/a	NonTarget	1	197269
1972.89	n/a	NonTarget	1	197289
1973.09	n/a	NonTarget	1	197309
1973.29	n/a	Target	2	197329
1973.49	n/a	NonTarget	1	197349
1973.69	n/a	NonTarget	1	197369
1973.89	n/a	Target	2	197389
1974.09	n/a	NonTarget	1	197409
1974.29	n/a	NonTarget	1	197429
1974.49	n/a	NonTarget	1	197449
1974.69	n/a	NonTarget	1	197469
1974.89	n/a	NonTarget	1	197489
1975.09	n/a	NonTarget	1	197509
1975.29	n/a	NonTarget	1	197529
1975.49	n/a	NonTarget	1	197549
1975.71	n/a	NonTarget	1	197571
1975.91	n/a	Target	2	197591
1976.11	n/a	NonTarget	1	197611
1976.31	n/a	NonTarget	1	197631
1976.51	n/a	Target	2	197651
1976.71	n/a	NonTarget	1	197671
1976.91	n/a	NonTarget	1	197691
1977.11	n/a	NonTarget	1	197711
1977.31	n/a	NonTarget	1	197731
1977.51	n/a	Target	2	197751
1977.71	n/a	NonTarget	1	197771
1977.91	n/a	NonTarget	1	197791
1978.11	n/a	NonTarget	1	197811
1978.31	n/a	NonTarget	1	197831
1978.51	n/a	NonTarget	1	197851
1978.71	n/a	NonTarget	1	197871
1978.91	n/a	NonTarget	1	197891
1979.11	n/a	NonTarget	1	197911
1979.31	n/a	NonTarget	1	197931
1979.51	n/a	NonTarget	1	197951
1979.71	n/a	Target	2	197971
1979.91	n/a	NonTarget	1	197991
1980.11	n/a	NonTarget	1	198011
1980.31	n/a	NonTarget	1	198031
1980.51	n/a	Target	2	198051
1980.71	n/a	NonTarget	1	198071
1980.91	n/a	NonTarget	1	198091
1988.73	n/a	NonTarget	1	198873
1988.94	n/a	NonTarget	1	198894
1989.14	n/a	Target	2	198914
1989.34	n/a	NonTarget	1	198934
1989.54	n/a	NonTarget	1	198954
1989.74	n/a	NonTarget	1	198974
1989.94	n/a	NonTarget	1	198994
1990.14	n/a	NonTarget	1	199014
1990.34	n/a	Target	2	199034
1990.54	n/a	NonTarget	1	199054
1990.74	n/a	NonTarget	1	199074
1990.94	n/a	NonTarget	1	199094
1991.14	n/a	NonTarget	1	199114
1991.34	n/a	NonTarget	1	199134
1991.54	n/a	NonTarget	1	199154
1991.74	n/a	Target	2	199174
1991.94	n/a	NonTarget	1	199194
1992.14	n/a	NonTarget	1	199214
1992.34	n/a	NonTarget	1	199234
1992.54	n/a	Target	2	199254
1992.74	n/a	NonTarget	1	199274
1992.94	n/a	NonTarget	1	199294
1993.14	n/a	NonTarget	1	199314
1993.34	n/a	NonTarget	1	199334
1993.54	n/a	NonTarget	1	199354
1993.74	n/a	Target	2	199374
1993.94	n/a	NonTarget	1	199394
1994.14	n/a	NonTarget	1	199414
1994.34	n/a	NonTarget	1	199434
1994.54	n/a	NonTarget	1	199454
1994.74	n/a	NonTarget	1	199474
1994.94	n/a	Target	2	199494
1995.14	n/a	NonTarget	1	199514
1995.34	n/a	NonTarget	1	199534
1995.54	n/a	NonTarget	1	199554
1995.74	n/a	NonTarget	1	199574
1995.94	n/a	NonTarget	1	199594
1996.14	n/a	NonTarget	1	199614
1996.34	n/a	NonTarget	1	199634
1996.54	n/a	NonTarget	1	199654
1996.74	n/a	Target	2	199674
1996.94	n/a	NonTarget	1	199694
1997.14	n/a	NonTarget	1	199714
1997.34	n/a	Target	2	199734
1997.54	n/a	NonTarget	1	199754
1997.74	n/a	NonTarget	1	199774
1997.95	n/a	NonTarget	1	199795
1998.15	n/a	NonTarget	1	199815
1998.35	n/a	NonTarget	1	199835
1998.55	n/a	NonTarget	1	199855
1998.75	n/a	Target	2	199875
1998.95	n/a	NonTarget	1	199895
1999.15	n/a	NonTarget	1	199915
1999.35	n/a	NonTarget	1	199935
1999.55	n/a	NonTarget	1	199955
1999.75	n/a	NonTarget	1	199975
1999.95	n/a	NonTarget	1	199995
2000.15	n/a	NonTarget	1	200015
2000.35	n/a	NonTarget	1	200035
2000.55	n/a	Target	2	200055
2005.0	n/a	NonTarget	1	200500
2005.2	n/a	NonTarget	1	200520
2005.4	n/a	NonTarget	1	200540
2005.6	n/a	NonTarget	1	200560
2005.8	n/a	Target	2	200580
2006.0	n/a	NonTarget	1	200600
2006.2	n/a	NonTarget	1	200620
2006.4	n/a	NonTarget	1	200640
2006.6	n/a	NonTarget	1	200660
2006.8	n/a	NonTarget	1	200680
2007.0	n/a	Target	2	200700
2007.2	n/a	NonTarget	1	200720
2007.4	n/a	NonTarget	1	200740
2007.6	n/a	NonTarget	1	200760
2007.8	n/a	NonTarget	1	200780
2008.0	n/a	Target	2	200800
2008.2	n/a	NonTarget	1	200820
2008.4	n/a	NonTarget	1	200840
2008.6	n/a	NonTarget	1	200860
2008.8	n/a	NonTarget	1	200880
2009.0	n/a	NonTarget	1	200900
2009.2	n/a	Target	2	200920
2009.4	n/a	NonTarget	1	200940
2009.6	n/a	NonTarget	1	200960
2009.8	n/a	NonTarget	1	200980
2010.0	n/a	NonTarget	1	201000
2010.2	n/a	Target	2	201020
2010.4	n/a	NonTarget	1	201040
2010.6	n/a	NonTarget	1	201060
2010.8	n/a	NonTarget	1	201080
2011.0	n/a	NonTarget	1	201100
2011.2	n/a	NonTarget	1	201120
2011.4	n/a	Target	2	201140
2011.6	n/a	NonTarget	1	201160
2011.8	n/a	NonTarget	1	201180
2012.0	n/a	NonTarget	1	201200
2012.2	n/a	Target	2	201220
2012.4	n/a	NonTarget	1	201240
2012.6	n/a	NonTarget	1	201260
2012.8	n/a	NonTarget	1	201280
2013.0	n/a	NonTarget	1	201300
2013.2	n/a	NonTarget	1	201320
2013.4	n/a	NonTarget	1	201340
2013.6	n/a	NonTarget	1	201360
2013.8	n/a	NonTarget	1	201380
2014.0	n/a	Target	2	201400
2014.2	n/a	NonTarget	1	201420
2014.4	n/a	NonTarget	1	201440
2014.6	n/a	NonTarget	1	201460
2014.8	n/a	NonTarget	1	201480
2015.0	n/a	NonTarget	1	201500
2015.2	n/a	NonTarget	1	201520
2015.4	n/a	NonTarget	1	201540
2015.6	n/a	Target	2	201560
2015.79	n/a	NonTarget	1	201579
2016.0	n/a	NonTarget	1	201600
2016.19	n/a	Target	2	201619
2016.39	n/a	NonTarget	1	201639
2016.59	n/a	NonTarget	1	201659
2016.79	n/a	NonTarget	1	201679
2024.61	n/a	NonTarget	1	202461
2024.82	n/a	NonTarget	1	202482
2025.02	n/a	NonTarget	1	202502
2025.22	n/a	Target	2	202522
2025.42	n/a	NonTarget	1	202542
2025.62	n/a	NonTarget	1	202562
2025.82	n/a	NonTarget	1	202582
2026.02	n/a	NonTarget	1	202602
2026.22	n/a	Target	2	202622
2026.42	n/a	NonTarget	1	202642
2026.62	n/a	NonTarget	1	202662
2026.82	n/a	NonTarget	1	202682
2027.02	n/a	Target	2	202702
2027.22	n/a	NonTarget	1	202722
2027.42	n/a	NonTarget	1	202742
2027.62	n/a	NonTarget	1	202762
2027.82	n/a	NonTarget	1	202782
2028.02	n/a	NonTarget	1	202802
2028.22	n/a	NonTarget	1	202822
2028.42	n/a	Target	2	202842
2028.62	n/a	NonTarget	1	202862
2028.87	n/a	NonTarget	1	202887
2029.07	n/a	NonTarget	1	202907
2029.27	n/a	NonTarget	1	202927
2029.47	n/a	NonTarget	1	202947
2029.67	n/a	NonTarget	1	202967
2029.92	n/a	Target	2	202992
2030.12	n/a	NonTarget	1	203012
2030.32	n/a	NonTarget	1	203032
2030.52	n/a	NonTarget	1	203052
2030.72	n/a	Target	2	203072
2030.92	n/a	NonTarget	1	203092
2031.17	n/a	NonTarget	1	203117
2031.37	n/a	NonTarget	1	203137
2031.57	n/a	NonTarget	1	203157
2031.77	n/a	NonTarget	1	203177
2031.97	n/a	NonTarget	1	203197
2032.17	n/a	NonTarget	1	203217
2032.39	n/a	NonTarget	1	203239
2032.59	n/a	Target	2	203259
2032.79	n/a	NonTarget	1	203279
2032.99	n/a	NonTarget	1	203299
2033.19	n/a	NonTarget	1	203319
2033.44	n/a	NonTarget	1	203344
2033.64	n/a	Target	2	203364
2033.84	n/a	NonTarget	1	203384
2034.04	n/a	NonTarget	1	203404
2034.24	n/a	NonTarget	1	203424
2034.44	n/a	NonTarget	1	203444
2034.64	n/a	NonTarget	1	203464
2034.84	n/a	NonTarget	1	203484
2035.04	n/a	NonTarget	1	203504
2035.24	n/a	Target	2	203524
2035.44	n/a	NonTarget	1	203544
2035.64	n/a	NonTarget	1	203564
2035.84	n/a	NonTarget	1	203584
2036.04	n/a	NonTarget	1	203604
2036.24	n/a	Target	2	203624
2036.44	n/a	NonTarget	1	203644
2036.64	n/a	NonTarget	1	203664
2041.09	n/a	NonTarget	1	204109
2041.29	n/a	NonTarget	1	204129
2041.49	n/a	NonTarget	1	204149
2041.69	n/a	Target	2	204169
2041.89	n/a	NonTarget	1	204189
2042.09	n/a	NonTarget	1	204209
2042.29	n/a	NonTarget	1	204229
2042.49	n/a	NonTarget	1	204249
2042.68	n/a	Target	2	204268
2042.88	n/a	NonTarget	1	204288
2043.08	n/a	NonTarget	1	204308
2043.28	n/a	NonTarget	1	204328
2043.49	n/a	Target	2	204349
2043.68	n/a	NonTarget	1	204368
2043.88	n/a	NonTarget	1	204388
2044.08	n/a	NonTarget	1	204408
2044.28	n/a	NonTarget	1	204428
2044.48	n/a	NonTarget	1	204448
2044.68	n/a	NonTarget	1	204468
2044.88	n/a	NonTarget	1	204488
2045.08	n/a	NonTarget	1	204508
2045.28	n/a	NonTarget	1	204528
2045.48	n/a	Target	2	204548
2045.68	n/a	NonTarget	1	204568
2045.88	n/a	NonTarget	1	204588
2046.08	n/a	NonTarget	1	204608
2046.28	n/a	Target	2	204628
2046.48	n/a	NonTarget	1	204648
2046.68	n/a	NonTarget	1	204668
2046.88	n/a	NonTarget	1	204688
2047.08	n/a	Target	2	204708
2047.28	n/a	NonTarget	1	204728
2047.48	n/a	NonTarget	1	204748
2047.68	n/a	NonTarget	1	204768
2047.88	n/a	NonTarget	1	204788
2048.08	n/a	NonTarget	1	204808
2048.28	n/a	NonTarget	1	204828
2048.48	n/a	NonTarget	1	204848
2048.68	n/a	Target	2	204868
2048.88	n/a	NonTarget	1	204888
2049.08	n/a	NonTarget	1	204908
2049.28	n/a	NonTarget	1	204928
2049.48	n/a	NonTarget	1	204948
2049.68	n/a	Target	2	204968
2049.88	n/a	NonTarget	1	204988
2050.08	n/a	NonTarget	1	205008
2050.28	n/a	NonTarget	1	205028
2050.48	n/a	NonTarget	1	205048
2050.68	n/a	NonTarget	1	205068
2050.88	n/a	NonTarget	1	205088
2051.08	n/a	NonTarget	1	205108
2051.28	n/a	NonTarget	1	205128
2051.48	n/a	NonTarget	1	205148
2051.68	n/a	Target	2	205168
2051.88	n/a	NonTarget	1	205188
2052.08	n/a	NonTarget	1	205208
2052.28	n/a	Target	2	205228
2052.48	n/a	NonTarget	1	205248
2052.68	n/a	NonTarget	1	205268
2052.88	n/a	NonTarget	1	205288
2060.7	n/a	NonTarget	1	206070
2060.91	n/a	NonTarget	1	206091
2061.11	n/a	NonTarget	1	206111
2061.31	n/a	Target	2	206131
2061.51	n/a	NonTarget	1	206151
2061.71	n/a	NonTarget	1	206171
2061.91	n/a	NonTarget	1	206191
2062.11	n/a	NonTarget	1	206211
2062.31	n/a	Target	2	206231
2062.51	n/a	NonTarget	1	206251
2062.71	n/a	NonTarget	1	206271
2062.91	n/a	NonTarget	1	206291
2063.11	n/a	NonTarget	1	206311
2063.31	n/a	Target	2	206331
2063.51	n/a	NonTarget	1	206351
2063.71	n/a	NonTarget	1	206371
2063.91	n/a	NonTarget	1	206391
2064.11	n/a	NonTarget	1	206411
2064.31	n/a	NonTarget	1	206431
2064.51	n/a	NonTarget	1	206451
2064.71	n/a	NonTarget	1	206471
2064.91	n/a	Target	2	206491
2065.11	n/a	NonTarget	1	206511
2065.31	n/a	NonTarget	1	206531
2065.51	n/a	Target	2	206551
2065.71	n/a	NonTarget	1	206571
2065.91	n/a	NonTarget	1	206591
2066.11	n/a	NonTarget	1	206611
2066.31	n/a	NonTarget	1	206631
2066.51	n/a	NonTarget	1	206651
2066.71	n/a	NonTarget	1	206671
2066.91	n/a	NonTarget	1	206691
2067.11	n/a	Target	2	206711
2067.31	n/a	NonTarget	1	206731
2067.51	n/a	NonTarget	1	206751
2067.71	n/a	NonTarget	1	206771
2067.91	n/a	Target	2	206791
2068.11	n/a	NonTarget	1	206811
2068.31	n/a	NonTarget	1	206831
2068.51	n/a	NonTarget	1	206851
2068.71	n/a	NonTarget	1	206871
2068.91	n/a	NonTarget	1	206891
2069.11	n/a	NonTarget	1	206911
2069.31	n/a	NonTarget	1	206931
2069.51	n/a	NonTarget	1	206951
2069.71	n/a	NonTarget	1	206971
2069.91	n/a	Target	2	206991
2070.11	n/a	NonTarget	1	207011
2070.31	n/a	NonTarget	1	207031
2070.51	n/a	Target	2	207051
2070.71	n/a	NonTarget	1	207071
2070.91	n/a	NonTarget	1	207091
2071.11	n/a	NonTarget	1	207111
2071.31	n/a	NonTarget	1	207131
2071.51	n/a	NonTarget	1	207151
2071.71	n/a	Target	2	207171
2071.91	n/a	NonTarget	1	207191
2072.11	n/a	NonTarget	1	207211
2072.31	n/a	NonTarget	1	207231
2072.51	n/a	NonTarget	1	207251
2076.96	n/a	NonTarget	1	207696
2077.16	n/a	NonTarget	1	207716
2077.36	n/a	Target	2	207736
2077.56	n/a	NonTarget	1	207756
2077.76	n/a	NonTarget	1	207776
2077.96	n/a	NonTarget	1	207796
2078.15	n/a	NonTarget	1	207815
2078.36	n/a	NonTarget	1	207836
2078.56	n/a	NonTarget	1	207856
2078.75	n/a	NonTarget	1	207875
2078.95	n/a	Target	2	207895
2079.15	n/a	NonTarget	1	207915
2079.35	n/a	NonTarget	1	207935
2079.56	n/a	NonTarget	1	207956
2079.77	n/a	NonTarget	1	207977
2079.97	n/a	Target	2	207997
2080.17	n/a	NonTarget	1	208017
2080.37	n/a	NonTarget	1	208037
2080.57	n/a	NonTarget	1	208057
2080.77	n/a	NonTarget	1	208077
2080.97	n/a	NonTarget	1	208097
2081.17	n/a	NonTarget	1	208117
2081.37	n/a	NonTarget	1	208137
2081.57	n/a	Target	2	208157
2081.77	n/a	NonTarget	1	208177
2081.97	n/a	NonTarget	1	208197
2082.17	n/a	NonTarget	1	208217
2082.37	n/a	NonTarget	1	208237
2082.57	n/a	NonTarget	1	208257
2082.77	n/a	Target	2	208277
2082.97	n/a	NonTarget	1	208297
2083.17	n/a	NonTarget	1	208317
2083.37	n/a	NonTarget	1	208337
2083.59	n/a	NonTarget	1	208359
2083.79	n/a	Target	2	208379
2083.99	n/a	NonTarget	1	208399
2084.19	n/a	NonTarget	1	208419
2084.39	n/a	NonTarget	1	208439
2084.59	n/a	NonTarget	1	208459
2084.79	n/a	NonTarget	1	208479
2084.99	n/a	Target	2	208499
2085.19	n/a	NonTarget	1	208519
2085.39	n/a	NonTarget	1	208539
2085.59	n/a	NonTarget	1	208559
2085.79	n/a	NonTarget	1	208579
2085.99	n/a	Target	2	208599
2086.19	n/a	NonTarget	1	208619
2086.39	n/a	NonTarget	1	208639
2086.59	n/a	Target	2	208659
2086.79	n/a	NonTarget	1	208679
2086.99	n/a	NonTarget	1	208699
2087.18	n/a	NonTarget	1	208718
2087.38	n/a	NonTarget	1	208738
2087.58	n/a	NonTarget	1	208758
2087.78	n/a	NonTarget	1	208778
2087.98	n/a	NonTarget	1	208798
2088.18	n/a	NonTarget	1	208818
2088.38	n/a	Target	2	208838
2088.58	n/a	NonTarget	1	208858
2088.78	n/a	NonTarget	1	208878
2096.6	n/a	NonTarget	1	209660
2096.82	n/a	NonTarget	1	209682
2097.02	n/a	NonTarget	1	209702
2097.21	n/a	Target	2	209721
2097.41	n/a	NonTarget	1	209741
2097.61	n/a	NonTarget	1	209761
2097.81	n/a	NonTarget	1	209781
2098.01	n/a	Target	2	209801
2098.21	n/a	NonTarget	1	209821
2098.41	n/a	NonTarget	1	209841
2098.63	n/a	NonTarget	1	209863
2098.83	n/a	NonTarget	1	209883
2099.03	n/a	Target	2	209903
2099.23	n/a	NonTarget	1	209923
2099.43	n/a	NonTarget	1	209943
2099.63	n/a	NonTarget	1	209963
2099.85	n/a	NonTarget	1	209985
2100.05	n/a	NonTarget	1	210005
2100.25	n/a	Target	2	210025
2100.45	n/a	NonTarget	1	210045
2100.65	n/a	NonTarget	1	210065
2100.85	n/a	NonTarget	1	210085
2101.05	n/a	NonTarget	1	210105
2101.25	n/a	NonTarget	1	210125
2101.45	n/a	Target	2	210145
2101.65	n/a	NonTarget	1	210165
2101.85	n/a	NonTarget	1	210185
2102.05	n/a	NonTarget	1	210205
2102.25	n/a	NonTarget	1	210225
2102.45	n/a	NonTarget	1	210245
2102.65	n/a	NonTarget	1	210265
2102.85	n/a	NonTarget	1	210285
2103.05	n/a	NonTarget	1	210305
2103.25	n/a	NonTarget	1	210325
2103.45	n/a	NonTarget	1	210345
2103.65	n/a	Target	2	210365
2103.85	n/a	NonTarget	1	210385
2104.05	n/a	NonTarget	1	210405
2104.25	n/a	Target	2	210425
2104.45	n/a	NonTarget	1	210445
2104.65	n/a	NonTarget	1	210465
2104.85	n/a	NonTarget	1	210485
2105.04	n/a	Target	2	210504
2105.25	n/a	NonTarget	1	210525
2105.45	n/a	NonTarget	1	210545
2105.64	n/a	NonTarget	1	210564
2105.85	n/a	NonTarget	1	210585
2106.05	n/a	NonTarget	1	210605
2106.24	n/a	NonTarget	1	210624
2106.44	n/a	NonTarget	1	210644
2106.64	n/a	NonTarget	1	210664
2106.84	n/a	NonTarget	1	210684
2107.04	n/a	NonTarget	1	210704
2107.24	n/a	Target	2	210724
2107.44	n/a	NonTarget	1	210744
2107.64	n/a	NonTarget	1	210764
2107.84	n/a	Target	2	210784
2108.04	n/a	NonTarget	1	210804
2108.24	n/a	NonTarget	1	210824
2108.44	n/a	NonTarget	1	210844
2112.89	n/a	NonTarget	1	211289
2113.09	n/a	NonTarget	1	211309
2113.29	n/a	Target	2	211329
2113.49	n/a	NonTarget	1	211349
2113.69	n/a	NonTarget	1	211369
2113.89	n/a	NonTarget	1	211389
2114.09	n/a	NonTarget	1	211409
2114.29	n/a	NonTarget	1	211429
2114.49	n/a	Target	2	211449
2114.69	n/a	NonTarget	1	211469
2114.89	n/a	NonTarget	1	211489
2115.09	n/a	NonTarget	1	211509
2115.29	n/a	NonTarget	1	211529
2115.49	n/a	NonTarget	1	211549
2115.69	n/a	NonTarget	1	211569
2115.89	n/a	NonTarget	1	211589
2116.09	n/a	Target	2	211609
2116.29	n/a	NonTarget	1	211629
2116.49	n/a	NonTarget	1	211649
2116.69	n/a	NonTarget	1	211669
2116.89	n/a	NonTarget	1	211689
2117.09	n/a	NonTarget	1	211709
2117.29	n/a	NonTarget	1	211729
2117.49	n/a	Target	2	211749
2117.69	n/a	NonTarget	1	211769
2117.89	n/a	NonTarget	1	211789
2118.09	n/a	Target	2	211809
2118.29	n/a	NonTarget	1	211829
2118.49	n/a	NonTarget	1	211849
2118.69	n/a	NonTarget	1	211869
2118.89	n/a	Target	2	211889
2119.09	n/a	NonTarget	1	211909
2119.29	n/a	NonTarget	1	211929
2119.49	n/a	NonTarget	1	211949
2119.69	n/a	NonTarget	1	211969
2119.89	n/a	NonTarget	1	211989
2120.09	n/a	NonTarget	1	212009
2120.31	n/a	NonTarget	1	212031
2120.51	n/a	Target	2	212051
2120.71	n/a	NonTarget	1	212071
2120.91	n/a	NonTarget	1	212091
2121.11	n/a	NonTarget	1	212111
2121.31	n/a	NonTarget	1	212131
2121.51	n/a	Target	2	212151
2121.71	n/a	NonTarget	1	212171
2121.91	n/a	NonTarget	1	212191
2122.11	n/a	NonTarget	1	212211
2122.31	n/a	NonTarget	1	212231
2122.51	n/a	Target	2	212251
2122.71	n/a	NonTarget	1	212271
2122.91	n/a	NonTarget	1	212291
2123.1	n/a	NonTarget	1	212310
2123.3	n/a	NonTarget	1	212330
2123.5	n/a	NonTarget	1	212350
2123.7	n/a	NonTarget	1	212370
2123.9	n/a	NonTarget	1	212390
2124.1	n/a	Target	2	212410
2124.3	n/a	NonTarget	1	212430
2124.5	n/a	NonTarget	1	212450
2124.7	n/a	NonTarget	1	212470
2132.52	n/a	NonTarget	1	213252
2132.74	n/a	Target	2	213274
2132.94	n/a	NonTarget	1	213294
2133.13	n/a	NonTarget	1	213313
2133.33	n/a	NonTarget	1	213333
2133.53	n/a	NonTarget	1	213353
2133.73	n/a	NonTarget	1	213373
2133.93	n/a	NonTarget	1	213393
2134.13	n/a	NonTarget	1	213413
2134.33	n/a	NonTarget	1	213433
2134.53	n/a	Target	2	213453
2134.73	n/a	NonTarget	1	213473
2134.93	n/a	NonTarget	1	213493
2135.13	n/a	Target	2	213513
2135.33	n/a	NonTarget	1	213533
2135.53	n/a	NonTarget	1	213553
2135.73	n/a	NonTarget	1	213573
2135.95	n/a	NonTarget	1	213595
2136.15	n/a	NonTarget	1	213615
2136.35	n/a	Target	2	213635
2136.55	n/a	NonTarget	1	213655
2136.75	n/a	NonTarget	1	213675
2136.95	n/a	NonTarget	1	213695
2137.15	n/a	NonTarget	1	213715
2137.35	n/a	NonTarget	1	213735
2137.55	n/a	NonTarget	1	213755
2137.75	n/a	NonTarget	1	213775
2137.95	n/a	NonTarget	1	213795
2138.15	n/a	NonTarget	1	213815
2138.35	n/a	Target	2	213835
2138.55	n/a	NonTarget	1	213855
2138.75	n/a	NonTarget	1	213875
2138.95	n/a	NonTarget	1	213895
2139.15	n/a	NonTarget	1	213915
2139.35	n/a	Target	2	213935
2139.55	n/a	NonTarget	1	213955
2139.75	n/a	NonTarget	1	213975
2139.95	n/a	NonTarget	1	213995
2140.15	n/a	NonTarget	1	214015
2140.35	n/a	NonTarget	1	214035
2140.55	n/a	Target	2	214055
2140.75	n/a	NonTarget	1	214075
2140.95	n/a	NonTarget	1	214095
2141.15	n/a	NonTarget	1	214115
2141.35	n/a	NonTarget	1	214135
2141.55	n/a	Target	2	214155
2141.75	n/a	NonTarget	1	214175
2141.95	n/a	NonTarget	1	214195
2142.15	n/a	NonTarget	1	214215
2142.35	n/a	NonTarget	1	214235
2142.55	n/a	NonTarget	1	214255
2142.75	n/a	Target	2	214275
2142.95	n/a	NonTarget	1	214295
2143.15	n/a	NonTarget	1	214315
2143.35	n/a	NonTarget	1	214335
2143.55	n/a	NonTarget	1	214355
2143.75	n/a	NonTarget	1	214375
2143.95	n/a	NonTarget	1	214395
2144.15	n/a	Target	2	214415
2144.35	n/a	NonTarget	1	214435
2148.8	n/a	NonTarget	1	214880
2149.0	n/a	NonTarget	1	214900
2149.2	n/a	NonTarget	1	214920
2149.39	n/a	NonTarget	1	214939
2149.6	n/a	NonTarget	1	214960
2149.79	n/a	Target	2	214979
2149.99	n/a	NonTarget	1	214999
2150.19	n/a	NonTarget	1	215019
2150.39	n/a	NonTarget	1	215039
2150.59	n/a	NonTarget	1	215059
2150.79	n/a	NonTarget	1	215079
2150.99	n/a	Target	2	215099
2151.19	n/a	NonTarget	1	215119
2151.39	n/a	NonTarget	1	215139
2151.59	n/a	NonTarget	1	215159
2151.79	n/a	NonTarget	1	215179
2151.99	n/a	Target	2	215199
2152.19	n/a	NonTarget	1	215219
2152.39	n/a	NonTarget	1	215239
2152.59	n/a	NonTarget	1	215259
2152.79	n/a	NonTarget	1	215279
2152.99	n/a	NonTarget	1	215299
2153.19	n/a	NonTarget	1	215319
2153.39	n/a	Target	2	215339
2153.59	n/a	NonTarget	1	215359
2153.79	n/a	NonTarget	1	215379
2153.99	n/a	NonTarget	1	215399
2154.19	n/a	NonTarget	1	215419
2154.39	n/a	NonTarget	1	215439
2154.59	n/a	Target	2	215459
2154.79	n/a	NonTarget	1	215479
2154.99	n/a	NonTarget	1	215499
2155.19	n/a	NonTarget	1	215519
2155.39	n/a	Target	2	215539
2155.59	n/a	NonTarget	1	215559
2155.79	n/a	NonTarget	1	215579
2155.99	n/a	NonTarget	1	215599
2156.19	n/a	NonTarget	1	215619
2156.39	n/a	NonTarget	1	215639
2156.59	n/a	NonTarget	1	215659
2156.79	n/a	Target	2	215679
2156.99	n/a	NonTarget	1	215699
2157.19	n/a	NonTarget	1	215719
2157.39	n/a	NonTarget	1	215739
2157.59	n/a	NonTarget	1	215759
2157.79	n/a	Target	2	215779
2157.99	n/a	NonTarget	1	215799
2158.19	n/a	NonTarget	1	215819
2158.39	n/a	NonTarget	1	215839
2158.59	n/a	NonTarget	1	215859
2158.79	n/a	NonTarget	1	215879
2158.99	n/a	Target	2	215899
2159.19	n/a	NonTarget	1	215919
2159.39	n/a	NonTarget	1	215939
2159.59	n/a	Target	2	215959
2159.79	n/a	NonTarget	1	215979
2159.99	n/a	NonTarget	1	215999
2160.19	n/a	NonTarget	1	216019
2160.39	n/a	NonTarget	1	216039
2160.59	n/a	NonTarget	1	216059
